ISO-10303-21;
HEADER;
FILE_DESCRIPTION(('FreeCAD Model'),'2;1');
FILE_NAME('/var/www/3D/0T/11558769.1.2.stp','2023-07-28T12:24:02',(
    'Author'),(''),'Open CASCADE STEP processor 6.9','FreeCAD','Unknown'
  );
FILE_SCHEMA(('AUTOMOTIVE_DESIGN { 1 0 10303 214 1 1 1 1 }'));
ENDSEC;
DATA;
#1 = APPLICATION_PROTOCOL_DEFINITION('international standard',
  'automotive_design',2000,#2);
#2 = APPLICATION_CONTEXT(
  'core data for automotive mechanical design processes');
#3 = SHAPE_DEFINITION_REPRESENTATION(#4,#10);
#4 = PRODUCT_DEFINITION_SHAPE('','',#5);
#5 = PRODUCT_DEFINITION('design','',#6,#9);
#6 = PRODUCT_DEFINITION_FORMATION('','',#7);
#7 = PRODUCT('ASSEMBLY','ASSEMBLY','',(#8));
#8 = PRODUCT_CONTEXT('',#2,'mechanical');
#9 = PRODUCT_DEFINITION_CONTEXT('part definition',#2,'design');
#10 = SHAPE_REPRESENTATION('',(#11,#15,#19,#23,#27,#31,#35,#39,#43,#47,
    #51,#55,#59,#63,#67,#71,#75,#79,#83,#87,#91,#95,#99,#103,#107,#111,
    #115,#119,#123,#127,#131,#135,#139,#143,#147,#151,#155,#159,#163,
    #167,#171,#175,#179,#183,#187,#191,#195,#199,#203,#207,#211,#215,
    #219,#223,#227,#231,#235,#239,#243,#247,#251,#255,#259,#263,#267,
    #271,#275,#279,#283,#287,#291,#295,#299,#303,#307,#311,#315,#319,
    #323,#327,#331,#335,#339,#343,#347,#351,#355,#359,#363,#367,#371,
    #375,#379,#383,#387,#391,#395,#399,#403,#407,#411,#415,#419,#423,
    #427,#431,#435,#439,#443,#447,#451,#455,#459,#463,#467,#471,#475,
    #479,#483,#487,#491,#495,#499,#503,#507,#511,#515,#519,#523,#527,
    #531,#535,#539,#543,#547,#551),#555);
#11 = AXIS2_PLACEMENT_3D('',#12,#13,#14);
#12 = CARTESIAN_POINT('',(0.,0.,0.));
#13 = DIRECTION('',(0.,0.,1.));
#14 = DIRECTION('',(1.,0.,-0.));
#15 = AXIS2_PLACEMENT_3D('',#16,#17,#18);
#16 = CARTESIAN_POINT('',(-2.925,5.2,0.175));
#17 = DIRECTION('',(0.,0.,1.));
#18 = DIRECTION('',(1.,0.,0.));
#19 = AXIS2_PLACEMENT_3D('',#20,#21,#22);
#20 = CARTESIAN_POINT('',(-2.275,5.2,0.175));
#21 = DIRECTION('',(0.,0.,1.));
#22 = DIRECTION('',(1.,0.,0.));
#23 = AXIS2_PLACEMENT_3D('',#24,#25,#26);
#24 = CARTESIAN_POINT('',(2.275,5.2,0.175));
#25 = DIRECTION('',(0.,0.,1.));
#26 = DIRECTION('',(1.,0.,0.));
#27 = AXIS2_PLACEMENT_3D('',#28,#29,#30);
#28 = CARTESIAN_POINT('',(2.925,5.2,0.175));
#29 = DIRECTION('',(0.,0.,1.));
#30 = DIRECTION('',(1.,0.,0.));
#31 = AXIS2_PLACEMENT_3D('',#32,#33,#34);
#32 = CARTESIAN_POINT('',(-2.925,4.55,0.175));
#33 = DIRECTION('',(0.,0.,1.));
#34 = DIRECTION('',(1.,0.,0.));
#35 = AXIS2_PLACEMENT_3D('',#36,#37,#38);
#36 = CARTESIAN_POINT('',(-2.275,4.55,0.175));
#37 = DIRECTION('',(0.,0.,1.));
#38 = DIRECTION('',(1.,0.,0.));
#39 = AXIS2_PLACEMENT_3D('',#40,#41,#42);
#40 = CARTESIAN_POINT('',(-1.625,4.55,0.175));
#41 = DIRECTION('',(0.,0.,1.));
#42 = DIRECTION('',(1.,0.,0.));
#43 = AXIS2_PLACEMENT_3D('',#44,#45,#46);
#44 = CARTESIAN_POINT('',(-0.325,4.55,0.175));
#45 = DIRECTION('',(0.,0.,1.));
#46 = DIRECTION('',(1.,0.,0.));
#47 = AXIS2_PLACEMENT_3D('',#48,#49,#50);
#48 = CARTESIAN_POINT('',(0.325,4.55,0.175));
#49 = DIRECTION('',(0.,0.,1.));
#50 = DIRECTION('',(1.,0.,0.));
#51 = AXIS2_PLACEMENT_3D('',#52,#53,#54);
#52 = CARTESIAN_POINT('',(0.975,4.55,0.175));
#53 = DIRECTION('',(0.,0.,1.));
#54 = DIRECTION('',(1.,0.,0.));
#55 = AXIS2_PLACEMENT_3D('',#56,#57,#58);
#56 = CARTESIAN_POINT('',(1.625,4.55,0.175));
#57 = DIRECTION('',(0.,0.,1.));
#58 = DIRECTION('',(1.,0.,0.));
#59 = AXIS2_PLACEMENT_3D('',#60,#61,#62);
#60 = CARTESIAN_POINT('',(2.275,4.55,0.175));
#61 = DIRECTION('',(0.,0.,1.));
#62 = DIRECTION('',(1.,0.,0.));
#63 = AXIS2_PLACEMENT_3D('',#64,#65,#66);
#64 = CARTESIAN_POINT('',(2.925,4.55,0.175));
#65 = DIRECTION('',(0.,0.,1.));
#66 = DIRECTION('',(1.,0.,0.));
#67 = AXIS2_PLACEMENT_3D('',#68,#69,#70);
#68 = CARTESIAN_POINT('',(-2.925,3.9,0.175));
#69 = DIRECTION('',(0.,0.,1.));
#70 = DIRECTION('',(1.,0.,0.));
#71 = AXIS2_PLACEMENT_3D('',#72,#73,#74);
#72 = CARTESIAN_POINT('',(-2.275,3.9,0.175));
#73 = DIRECTION('',(0.,0.,1.));
#74 = DIRECTION('',(1.,0.,0.));
#75 = AXIS2_PLACEMENT_3D('',#76,#77,#78);
#76 = CARTESIAN_POINT('',(-1.625,3.9,0.175));
#77 = DIRECTION('',(0.,0.,1.));
#78 = DIRECTION('',(1.,0.,0.));
#79 = AXIS2_PLACEMENT_3D('',#80,#81,#82);
#80 = CARTESIAN_POINT('',(-0.325,3.9,0.175));
#81 = DIRECTION('',(0.,0.,1.));
#82 = DIRECTION('',(1.,0.,0.));
#83 = AXIS2_PLACEMENT_3D('',#84,#85,#86);
#84 = CARTESIAN_POINT('',(0.325,3.9,0.175));
#85 = DIRECTION('',(0.,0.,1.));
#86 = DIRECTION('',(1.,0.,0.));
#87 = AXIS2_PLACEMENT_3D('',#88,#89,#90);
#88 = CARTESIAN_POINT('',(0.975,3.9,0.175));
#89 = DIRECTION('',(0.,0.,1.));
#90 = DIRECTION('',(1.,0.,0.));
#91 = AXIS2_PLACEMENT_3D('',#92,#93,#94);
#92 = CARTESIAN_POINT('',(1.625,3.9,0.175));
#93 = DIRECTION('',(0.,0.,1.));
#94 = DIRECTION('',(1.,0.,0.));
#95 = AXIS2_PLACEMENT_3D('',#96,#97,#98);
#96 = CARTESIAN_POINT('',(2.275,3.9,0.175));
#97 = DIRECTION('',(0.,0.,1.));
#98 = DIRECTION('',(1.,0.,0.));
#99 = AXIS2_PLACEMENT_3D('',#100,#101,#102);
#100 = CARTESIAN_POINT('',(2.925,3.9,0.175));
#101 = DIRECTION('',(0.,0.,1.));
#102 = DIRECTION('',(1.,0.,0.));
#103 = AXIS2_PLACEMENT_3D('',#104,#105,#106);
#104 = CARTESIAN_POINT('',(-2.925,3.25,0.175));
#105 = DIRECTION('',(0.,0.,1.));
#106 = DIRECTION('',(1.,0.,0.));
#107 = AXIS2_PLACEMENT_3D('',#108,#109,#110);
#108 = CARTESIAN_POINT('',(-2.275,3.25,0.175));
#109 = DIRECTION('',(0.,0.,1.));
#110 = DIRECTION('',(1.,0.,0.));
#111 = AXIS2_PLACEMENT_3D('',#112,#113,#114);
#112 = CARTESIAN_POINT('',(-1.625,3.25,0.175));
#113 = DIRECTION('',(0.,0.,1.));
#114 = DIRECTION('',(1.,0.,0.));
#115 = AXIS2_PLACEMENT_3D('',#116,#117,#118);
#116 = CARTESIAN_POINT('',(-0.325,3.25,0.175));
#117 = DIRECTION('',(0.,0.,1.));
#118 = DIRECTION('',(1.,0.,0.));
#119 = AXIS2_PLACEMENT_3D('',#120,#121,#122);
#120 = CARTESIAN_POINT('',(0.325,3.25,0.175));
#121 = DIRECTION('',(0.,0.,1.));
#122 = DIRECTION('',(1.,0.,0.));
#123 = AXIS2_PLACEMENT_3D('',#124,#125,#126);
#124 = CARTESIAN_POINT('',(0.975,3.25,0.175));
#125 = DIRECTION('',(0.,0.,1.));
#126 = DIRECTION('',(1.,0.,0.));
#127 = AXIS2_PLACEMENT_3D('',#128,#129,#130);
#128 = CARTESIAN_POINT('',(1.625,3.25,0.175));
#129 = DIRECTION('',(0.,0.,1.));
#130 = DIRECTION('',(1.,0.,0.));
#131 = AXIS2_PLACEMENT_3D('',#132,#133,#134);
#132 = CARTESIAN_POINT('',(2.275,3.25,0.175));
#133 = DIRECTION('',(0.,0.,1.));
#134 = DIRECTION('',(1.,0.,0.));
#135 = AXIS2_PLACEMENT_3D('',#136,#137,#138);
#136 = CARTESIAN_POINT('',(2.925,3.25,0.175));
#137 = DIRECTION('',(0.,0.,1.));
#138 = DIRECTION('',(1.,0.,0.));
#139 = AXIS2_PLACEMENT_3D('',#140,#141,#142);
#140 = CARTESIAN_POINT('',(-2.925,2.6,0.175));
#141 = DIRECTION('',(0.,0.,1.));
#142 = DIRECTION('',(1.,0.,0.));
#143 = AXIS2_PLACEMENT_3D('',#144,#145,#146);
#144 = CARTESIAN_POINT('',(-2.275,2.6,0.175));
#145 = DIRECTION('',(0.,0.,1.));
#146 = DIRECTION('',(1.,0.,0.));
#147 = AXIS2_PLACEMENT_3D('',#148,#149,#150);
#148 = CARTESIAN_POINT('',(-1.625,2.6,0.175));
#149 = DIRECTION('',(0.,0.,1.));
#150 = DIRECTION('',(1.,0.,0.));
#151 = AXIS2_PLACEMENT_3D('',#152,#153,#154);
#152 = CARTESIAN_POINT('',(-0.325,2.6,0.175));
#153 = DIRECTION('',(0.,0.,1.));
#154 = DIRECTION('',(1.,0.,0.));
#155 = AXIS2_PLACEMENT_3D('',#156,#157,#158);
#156 = CARTESIAN_POINT('',(0.325,2.6,0.175));
#157 = DIRECTION('',(0.,0.,1.));
#158 = DIRECTION('',(1.,0.,0.));
#159 = AXIS2_PLACEMENT_3D('',#160,#161,#162);
#160 = CARTESIAN_POINT('',(0.975,2.6,0.175));
#161 = DIRECTION('',(0.,0.,1.));
#162 = DIRECTION('',(1.,0.,0.));
#163 = AXIS2_PLACEMENT_3D('',#164,#165,#166);
#164 = CARTESIAN_POINT('',(1.625,2.6,0.175));
#165 = DIRECTION('',(0.,0.,1.));
#166 = DIRECTION('',(1.,0.,0.));
#167 = AXIS2_PLACEMENT_3D('',#168,#169,#170);
#168 = CARTESIAN_POINT('',(2.275,2.6,0.175));
#169 = DIRECTION('',(0.,0.,1.));
#170 = DIRECTION('',(1.,0.,0.));
#171 = AXIS2_PLACEMENT_3D('',#172,#173,#174);
#172 = CARTESIAN_POINT('',(2.925,2.6,0.175));
#173 = DIRECTION('',(0.,0.,1.));
#174 = DIRECTION('',(1.,0.,0.));
#175 = AXIS2_PLACEMENT_3D('',#176,#177,#178);
#176 = CARTESIAN_POINT('',(-2.925,1.95,0.175));
#177 = DIRECTION('',(0.,0.,1.));
#178 = DIRECTION('',(1.,0.,0.));
#179 = AXIS2_PLACEMENT_3D('',#180,#181,#182);
#180 = CARTESIAN_POINT('',(-2.275,1.95,0.175));
#181 = DIRECTION('',(0.,0.,1.));
#182 = DIRECTION('',(1.,0.,0.));
#183 = AXIS2_PLACEMENT_3D('',#184,#185,#186);
#184 = CARTESIAN_POINT('',(-1.625,1.95,0.175));
#185 = DIRECTION('',(0.,0.,1.));
#186 = DIRECTION('',(1.,0.,0.));
#187 = AXIS2_PLACEMENT_3D('',#188,#189,#190);
#188 = CARTESIAN_POINT('',(-0.325,1.95,0.175));
#189 = DIRECTION('',(0.,0.,1.));
#190 = DIRECTION('',(1.,0.,0.));
#191 = AXIS2_PLACEMENT_3D('',#192,#193,#194);
#192 = CARTESIAN_POINT('',(0.325,1.95,0.175));
#193 = DIRECTION('',(0.,0.,1.));
#194 = DIRECTION('',(1.,0.,0.));
#195 = AXIS2_PLACEMENT_3D('',#196,#197,#198);
#196 = CARTESIAN_POINT('',(0.975,1.95,0.175));
#197 = DIRECTION('',(0.,0.,1.));
#198 = DIRECTION('',(1.,0.,0.));
#199 = AXIS2_PLACEMENT_3D('',#200,#201,#202);
#200 = CARTESIAN_POINT('',(1.625,1.95,0.175));
#201 = DIRECTION('',(0.,0.,1.));
#202 = DIRECTION('',(1.,0.,0.));
#203 = AXIS2_PLACEMENT_3D('',#204,#205,#206);
#204 = CARTESIAN_POINT('',(2.275,1.95,0.175));
#205 = DIRECTION('',(0.,0.,1.));
#206 = DIRECTION('',(1.,0.,0.));
#207 = AXIS2_PLACEMENT_3D('',#208,#209,#210);
#208 = CARTESIAN_POINT('',(2.925,1.95,0.175));
#209 = DIRECTION('',(0.,0.,1.));
#210 = DIRECTION('',(1.,0.,0.));
#211 = AXIS2_PLACEMENT_3D('',#212,#213,#214);
#212 = CARTESIAN_POINT('',(-2.925,1.3,0.175));
#213 = DIRECTION('',(0.,0.,1.));
#214 = DIRECTION('',(1.,0.,0.));
#215 = AXIS2_PLACEMENT_3D('',#216,#217,#218);
#216 = CARTESIAN_POINT('',(-2.275,1.3,0.175));
#217 = DIRECTION('',(0.,0.,1.));
#218 = DIRECTION('',(1.,0.,0.));
#219 = AXIS2_PLACEMENT_3D('',#220,#221,#222);
#220 = CARTESIAN_POINT('',(-1.625,1.3,0.175));
#221 = DIRECTION('',(0.,0.,1.));
#222 = DIRECTION('',(1.,0.,0.));
#223 = AXIS2_PLACEMENT_3D('',#224,#225,#226);
#224 = CARTESIAN_POINT('',(-0.325,1.3,0.175));
#225 = DIRECTION('',(0.,0.,1.));
#226 = DIRECTION('',(1.,0.,0.));
#227 = AXIS2_PLACEMENT_3D('',#228,#229,#230);
#228 = CARTESIAN_POINT('',(0.325,1.3,0.175));
#229 = DIRECTION('',(0.,0.,1.));
#230 = DIRECTION('',(1.,0.,0.));
#231 = AXIS2_PLACEMENT_3D('',#232,#233,#234);
#232 = CARTESIAN_POINT('',(0.975,1.3,0.175));
#233 = DIRECTION('',(0.,0.,1.));
#234 = DIRECTION('',(1.,0.,0.));
#235 = AXIS2_PLACEMENT_3D('',#236,#237,#238);
#236 = CARTESIAN_POINT('',(1.625,1.3,0.175));
#237 = DIRECTION('',(0.,0.,1.));
#238 = DIRECTION('',(1.,0.,0.));
#239 = AXIS2_PLACEMENT_3D('',#240,#241,#242);
#240 = CARTESIAN_POINT('',(2.275,1.3,0.175));
#241 = DIRECTION('',(0.,0.,1.));
#242 = DIRECTION('',(1.,0.,0.));
#243 = AXIS2_PLACEMENT_3D('',#244,#245,#246);
#244 = CARTESIAN_POINT('',(2.925,1.3,0.175));
#245 = DIRECTION('',(0.,0.,1.));
#246 = DIRECTION('',(1.,0.,0.));
#247 = AXIS2_PLACEMENT_3D('',#248,#249,#250);
#248 = CARTESIAN_POINT('',(-2.925,0.65,0.175));
#249 = DIRECTION('',(0.,0.,1.));
#250 = DIRECTION('',(1.,0.,0.));
#251 = AXIS2_PLACEMENT_3D('',#252,#253,#254);
#252 = CARTESIAN_POINT('',(-2.275,0.65,0.175));
#253 = DIRECTION('',(0.,0.,1.));
#254 = DIRECTION('',(1.,0.,0.));
#255 = AXIS2_PLACEMENT_3D('',#256,#257,#258);
#256 = CARTESIAN_POINT('',(-1.625,0.65,0.175));
#257 = DIRECTION('',(0.,0.,1.));
#258 = DIRECTION('',(1.,0.,0.));
#259 = AXIS2_PLACEMENT_3D('',#260,#261,#262);
#260 = CARTESIAN_POINT('',(-0.325,0.65,0.175));
#261 = DIRECTION('',(0.,0.,1.));
#262 = DIRECTION('',(1.,0.,0.));
#263 = AXIS2_PLACEMENT_3D('',#264,#265,#266);
#264 = CARTESIAN_POINT('',(0.325,0.65,0.175));
#265 = DIRECTION('',(0.,0.,1.));
#266 = DIRECTION('',(1.,0.,0.));
#267 = AXIS2_PLACEMENT_3D('',#268,#269,#270);
#268 = CARTESIAN_POINT('',(-2.925,2.22044604925E-16,0.175));
#269 = DIRECTION('',(0.,0.,1.));
#270 = DIRECTION('',(1.,0.,0.));
#271 = AXIS2_PLACEMENT_3D('',#272,#273,#274);
#272 = CARTESIAN_POINT('',(-2.275,2.22044604925E-16,0.175));
#273 = DIRECTION('',(0.,0.,1.));
#274 = DIRECTION('',(1.,0.,0.));
#275 = AXIS2_PLACEMENT_3D('',#276,#277,#278);
#276 = CARTESIAN_POINT('',(-1.625,2.22044604925E-16,0.175));
#277 = DIRECTION('',(0.,0.,1.));
#278 = DIRECTION('',(1.,0.,0.));
#279 = AXIS2_PLACEMENT_3D('',#280,#281,#282);
#280 = CARTESIAN_POINT('',(-0.325,2.22044604925E-16,0.175));
#281 = DIRECTION('',(0.,0.,1.));
#282 = DIRECTION('',(1.,0.,0.));
#283 = AXIS2_PLACEMENT_3D('',#284,#285,#286);
#284 = CARTESIAN_POINT('',(0.325,2.22044604925E-16,0.175));
#285 = DIRECTION('',(0.,0.,1.));
#286 = DIRECTION('',(1.,0.,0.));
#287 = AXIS2_PLACEMENT_3D('',#288,#289,#290);
#288 = CARTESIAN_POINT('',(0.975,2.22044604925E-16,0.175));
#289 = DIRECTION('',(0.,0.,1.));
#290 = DIRECTION('',(1.,0.,0.));
#291 = AXIS2_PLACEMENT_3D('',#292,#293,#294);
#292 = CARTESIAN_POINT('',(1.625,2.22044604925E-16,0.175));
#293 = DIRECTION('',(0.,0.,1.));
#294 = DIRECTION('',(1.,0.,0.));
#295 = AXIS2_PLACEMENT_3D('',#296,#297,#298);
#296 = CARTESIAN_POINT('',(2.275,2.22044604925E-16,0.175));
#297 = DIRECTION('',(0.,0.,1.));
#298 = DIRECTION('',(1.,0.,0.));
#299 = AXIS2_PLACEMENT_3D('',#300,#301,#302);
#300 = CARTESIAN_POINT('',(-2.925,-0.65,0.175));
#301 = DIRECTION('',(0.,0.,1.));
#302 = DIRECTION('',(1.,0.,0.));
#303 = AXIS2_PLACEMENT_3D('',#304,#305,#306);
#304 = CARTESIAN_POINT('',(-2.275,-0.65,0.175));
#305 = DIRECTION('',(0.,0.,1.));
#306 = DIRECTION('',(1.,0.,0.));
#307 = AXIS2_PLACEMENT_3D('',#308,#309,#310);
#308 = CARTESIAN_POINT('',(-1.625,-0.65,0.175));
#309 = DIRECTION('',(0.,0.,1.));
#310 = DIRECTION('',(1.,0.,0.));
#311 = AXIS2_PLACEMENT_3D('',#312,#313,#314);
#312 = CARTESIAN_POINT('',(-0.325,-0.65,0.175));
#313 = DIRECTION('',(0.,0.,1.));
#314 = DIRECTION('',(1.,0.,0.));
#315 = AXIS2_PLACEMENT_3D('',#316,#317,#318);
#316 = CARTESIAN_POINT('',(0.325,-0.65,0.175));
#317 = DIRECTION('',(0.,0.,1.));
#318 = DIRECTION('',(1.,0.,0.));
#319 = AXIS2_PLACEMENT_3D('',#320,#321,#322);
#320 = CARTESIAN_POINT('',(-2.925,-1.3,0.175));
#321 = DIRECTION('',(0.,0.,1.));
#322 = DIRECTION('',(1.,0.,0.));
#323 = AXIS2_PLACEMENT_3D('',#324,#325,#326);
#324 = CARTESIAN_POINT('',(-2.275,-1.3,0.175));
#325 = DIRECTION('',(0.,0.,1.));
#326 = DIRECTION('',(1.,0.,0.));
#327 = AXIS2_PLACEMENT_3D('',#328,#329,#330);
#328 = CARTESIAN_POINT('',(-1.625,-1.3,0.175));
#329 = DIRECTION('',(0.,0.,1.));
#330 = DIRECTION('',(1.,0.,0.));
#331 = AXIS2_PLACEMENT_3D('',#332,#333,#334);
#332 = CARTESIAN_POINT('',(-0.325,-1.3,0.175));
#333 = DIRECTION('',(0.,0.,1.));
#334 = DIRECTION('',(1.,0.,0.));
#335 = AXIS2_PLACEMENT_3D('',#336,#337,#338);
#336 = CARTESIAN_POINT('',(0.325,-1.3,0.175));
#337 = DIRECTION('',(0.,0.,1.));
#338 = DIRECTION('',(1.,0.,0.));
#339 = AXIS2_PLACEMENT_3D('',#340,#341,#342);
#340 = CARTESIAN_POINT('',(0.975,-1.3,0.175));
#341 = DIRECTION('',(0.,0.,1.));
#342 = DIRECTION('',(1.,0.,0.));
#343 = AXIS2_PLACEMENT_3D('',#344,#345,#346);
#344 = CARTESIAN_POINT('',(1.625,-1.3,0.175));
#345 = DIRECTION('',(0.,0.,1.));
#346 = DIRECTION('',(1.,0.,0.));
#347 = AXIS2_PLACEMENT_3D('',#348,#349,#350);
#348 = CARTESIAN_POINT('',(2.275,-1.3,0.175));
#349 = DIRECTION('',(0.,0.,1.));
#350 = DIRECTION('',(1.,0.,0.));
#351 = AXIS2_PLACEMENT_3D('',#352,#353,#354);
#352 = CARTESIAN_POINT('',(2.925,-1.3,0.175));
#353 = DIRECTION('',(0.,0.,1.));
#354 = DIRECTION('',(1.,0.,0.));
#355 = AXIS2_PLACEMENT_3D('',#356,#357,#358);
#356 = CARTESIAN_POINT('',(-2.925,-1.95,0.175));
#357 = DIRECTION('',(0.,0.,1.));
#358 = DIRECTION('',(1.,0.,0.));
#359 = AXIS2_PLACEMENT_3D('',#360,#361,#362);
#360 = CARTESIAN_POINT('',(-2.275,-1.95,0.175));
#361 = DIRECTION('',(0.,0.,1.));
#362 = DIRECTION('',(1.,0.,0.));
#363 = AXIS2_PLACEMENT_3D('',#364,#365,#366);
#364 = CARTESIAN_POINT('',(-1.625,-1.95,0.175));
#365 = DIRECTION('',(0.,0.,1.));
#366 = DIRECTION('',(1.,0.,0.));
#367 = AXIS2_PLACEMENT_3D('',#368,#369,#370);
#368 = CARTESIAN_POINT('',(-0.325,-1.95,0.175));
#369 = DIRECTION('',(0.,0.,1.));
#370 = DIRECTION('',(1.,0.,0.));
#371 = AXIS2_PLACEMENT_3D('',#372,#373,#374);
#372 = CARTESIAN_POINT('',(0.325,-1.95,0.175));
#373 = DIRECTION('',(0.,0.,1.));
#374 = DIRECTION('',(1.,0.,0.));
#375 = AXIS2_PLACEMENT_3D('',#376,#377,#378);
#376 = CARTESIAN_POINT('',(0.975,-1.95,0.175));
#377 = DIRECTION('',(0.,0.,1.));
#378 = DIRECTION('',(1.,0.,0.));
#379 = AXIS2_PLACEMENT_3D('',#380,#381,#382);
#380 = CARTESIAN_POINT('',(1.625,-1.95,0.175));
#381 = DIRECTION('',(0.,0.,1.));
#382 = DIRECTION('',(1.,0.,0.));
#383 = AXIS2_PLACEMENT_3D('',#384,#385,#386);
#384 = CARTESIAN_POINT('',(2.275,-1.95,0.175));
#385 = DIRECTION('',(0.,0.,1.));
#386 = DIRECTION('',(1.,0.,0.));
#387 = AXIS2_PLACEMENT_3D('',#388,#389,#390);
#388 = CARTESIAN_POINT('',(2.925,-1.95,0.175));
#389 = DIRECTION('',(0.,0.,1.));
#390 = DIRECTION('',(1.,0.,0.));
#391 = AXIS2_PLACEMENT_3D('',#392,#393,#394);
#392 = CARTESIAN_POINT('',(-2.925,-2.6,0.175));
#393 = DIRECTION('',(0.,0.,1.));
#394 = DIRECTION('',(1.,0.,0.));
#395 = AXIS2_PLACEMENT_3D('',#396,#397,#398);
#396 = CARTESIAN_POINT('',(-2.275,-2.6,0.175));
#397 = DIRECTION('',(0.,0.,1.));
#398 = DIRECTION('',(1.,0.,0.));
#399 = AXIS2_PLACEMENT_3D('',#400,#401,#402);
#400 = CARTESIAN_POINT('',(-1.625,-2.6,0.175));
#401 = DIRECTION('',(0.,0.,1.));
#402 = DIRECTION('',(1.,0.,0.));
#403 = AXIS2_PLACEMENT_3D('',#404,#405,#406);
#404 = CARTESIAN_POINT('',(-0.325,-2.6,0.175));
#405 = DIRECTION('',(0.,0.,1.));
#406 = DIRECTION('',(1.,0.,0.));
#407 = AXIS2_PLACEMENT_3D('',#408,#409,#410);
#408 = CARTESIAN_POINT('',(0.325,-2.6,0.175));
#409 = DIRECTION('',(0.,0.,1.));
#410 = DIRECTION('',(1.,0.,0.));
#411 = AXIS2_PLACEMENT_3D('',#412,#413,#414);
#412 = CARTESIAN_POINT('',(0.975,-2.6,0.175));
#413 = DIRECTION('',(0.,0.,1.));
#414 = DIRECTION('',(1.,0.,0.));
#415 = AXIS2_PLACEMENT_3D('',#416,#417,#418);
#416 = CARTESIAN_POINT('',(1.625,-2.6,0.175));
#417 = DIRECTION('',(0.,0.,1.));
#418 = DIRECTION('',(1.,0.,0.));
#419 = AXIS2_PLACEMENT_3D('',#420,#421,#422);
#420 = CARTESIAN_POINT('',(2.275,-2.6,0.175));
#421 = DIRECTION('',(0.,0.,1.));
#422 = DIRECTION('',(1.,0.,0.));
#423 = AXIS2_PLACEMENT_3D('',#424,#425,#426);
#424 = CARTESIAN_POINT('',(2.925,-2.6,0.175));
#425 = DIRECTION('',(0.,0.,1.));
#426 = DIRECTION('',(1.,0.,0.));
#427 = AXIS2_PLACEMENT_3D('',#428,#429,#430);
#428 = CARTESIAN_POINT('',(-2.925,-3.25,0.175));
#429 = DIRECTION('',(0.,0.,1.));
#430 = DIRECTION('',(1.,0.,0.));
#431 = AXIS2_PLACEMENT_3D('',#432,#433,#434);
#432 = CARTESIAN_POINT('',(-2.275,-3.25,0.175));
#433 = DIRECTION('',(0.,0.,1.));
#434 = DIRECTION('',(1.,0.,0.));
#435 = AXIS2_PLACEMENT_3D('',#436,#437,#438);
#436 = CARTESIAN_POINT('',(-1.625,-3.25,0.175));
#437 = DIRECTION('',(0.,0.,1.));
#438 = DIRECTION('',(1.,0.,0.));
#439 = AXIS2_PLACEMENT_3D('',#440,#441,#442);
#440 = CARTESIAN_POINT('',(-0.325,-3.25,0.175));
#441 = DIRECTION('',(0.,0.,1.));
#442 = DIRECTION('',(1.,0.,0.));
#443 = AXIS2_PLACEMENT_3D('',#444,#445,#446);
#444 = CARTESIAN_POINT('',(0.325,-3.25,0.175));
#445 = DIRECTION('',(0.,0.,1.));
#446 = DIRECTION('',(1.,0.,0.));
#447 = AXIS2_PLACEMENT_3D('',#448,#449,#450);
#448 = CARTESIAN_POINT('',(0.975,-3.25,0.175));
#449 = DIRECTION('',(0.,0.,1.));
#450 = DIRECTION('',(1.,0.,0.));
#451 = AXIS2_PLACEMENT_3D('',#452,#453,#454);
#452 = CARTESIAN_POINT('',(1.625,-3.25,0.175));
#453 = DIRECTION('',(0.,0.,1.));
#454 = DIRECTION('',(1.,0.,0.));
#455 = AXIS2_PLACEMENT_3D('',#456,#457,#458);
#456 = CARTESIAN_POINT('',(2.275,-3.25,0.175));
#457 = DIRECTION('',(0.,0.,1.));
#458 = DIRECTION('',(1.,0.,0.));
#459 = AXIS2_PLACEMENT_3D('',#460,#461,#462);
#460 = CARTESIAN_POINT('',(2.925,-3.25,0.175));
#461 = DIRECTION('',(0.,0.,1.));
#462 = DIRECTION('',(1.,0.,0.));
#463 = AXIS2_PLACEMENT_3D('',#464,#465,#466);
#464 = CARTESIAN_POINT('',(-2.925,-3.9,0.175));
#465 = DIRECTION('',(0.,0.,1.));
#466 = DIRECTION('',(1.,0.,0.));
#467 = AXIS2_PLACEMENT_3D('',#468,#469,#470);
#468 = CARTESIAN_POINT('',(-2.275,-3.9,0.175));
#469 = DIRECTION('',(0.,0.,1.));
#470 = DIRECTION('',(1.,0.,0.));
#471 = AXIS2_PLACEMENT_3D('',#472,#473,#474);
#472 = CARTESIAN_POINT('',(-1.625,-3.9,0.175));
#473 = DIRECTION('',(0.,0.,1.));
#474 = DIRECTION('',(1.,0.,0.));
#475 = AXIS2_PLACEMENT_3D('',#476,#477,#478);
#476 = CARTESIAN_POINT('',(-0.325,-3.9,0.175));
#477 = DIRECTION('',(0.,0.,1.));
#478 = DIRECTION('',(1.,0.,0.));
#479 = AXIS2_PLACEMENT_3D('',#480,#481,#482);
#480 = CARTESIAN_POINT('',(0.325,-3.9,0.175));
#481 = DIRECTION('',(0.,0.,1.));
#482 = DIRECTION('',(1.,0.,0.));
#483 = AXIS2_PLACEMENT_3D('',#484,#485,#486);
#484 = CARTESIAN_POINT('',(0.975,-3.9,0.175));
#485 = DIRECTION('',(0.,0.,1.));
#486 = DIRECTION('',(1.,0.,0.));
#487 = AXIS2_PLACEMENT_3D('',#488,#489,#490);
#488 = CARTESIAN_POINT('',(1.625,-3.9,0.175));
#489 = DIRECTION('',(0.,0.,1.));
#490 = DIRECTION('',(1.,0.,0.));
#491 = AXIS2_PLACEMENT_3D('',#492,#493,#494);
#492 = CARTESIAN_POINT('',(2.275,-3.9,0.175));
#493 = DIRECTION('',(0.,0.,1.));
#494 = DIRECTION('',(1.,0.,0.));
#495 = AXIS2_PLACEMENT_3D('',#496,#497,#498);
#496 = CARTESIAN_POINT('',(2.925,-3.9,0.175));
#497 = DIRECTION('',(0.,0.,1.));
#498 = DIRECTION('',(1.,0.,0.));
#499 = AXIS2_PLACEMENT_3D('',#500,#501,#502);
#500 = CARTESIAN_POINT('',(-2.925,-4.55,0.175));
#501 = DIRECTION('',(0.,0.,1.));
#502 = DIRECTION('',(1.,0.,0.));
#503 = AXIS2_PLACEMENT_3D('',#504,#505,#506);
#504 = CARTESIAN_POINT('',(-2.275,-4.55,0.175));
#505 = DIRECTION('',(0.,0.,1.));
#506 = DIRECTION('',(1.,0.,0.));
#507 = AXIS2_PLACEMENT_3D('',#508,#509,#510);
#508 = CARTESIAN_POINT('',(-1.625,-4.55,0.175));
#509 = DIRECTION('',(0.,0.,1.));
#510 = DIRECTION('',(1.,0.,0.));
#511 = AXIS2_PLACEMENT_3D('',#512,#513,#514);
#512 = CARTESIAN_POINT('',(-0.325,-4.55,0.175));
#513 = DIRECTION('',(0.,0.,1.));
#514 = DIRECTION('',(1.,0.,0.));
#515 = AXIS2_PLACEMENT_3D('',#516,#517,#518);
#516 = CARTESIAN_POINT('',(0.325,-4.55,0.175));
#517 = DIRECTION('',(0.,0.,1.));
#518 = DIRECTION('',(1.,0.,0.));
#519 = AXIS2_PLACEMENT_3D('',#520,#521,#522);
#520 = CARTESIAN_POINT('',(0.975,-4.55,0.175));
#521 = DIRECTION('',(0.,0.,1.));
#522 = DIRECTION('',(1.,0.,0.));
#523 = AXIS2_PLACEMENT_3D('',#524,#525,#526);
#524 = CARTESIAN_POINT('',(1.625,-4.55,0.175));
#525 = DIRECTION('',(0.,0.,1.));
#526 = DIRECTION('',(1.,0.,0.));
#527 = AXIS2_PLACEMENT_3D('',#528,#529,#530);
#528 = CARTESIAN_POINT('',(2.275,-4.55,0.175));
#529 = DIRECTION('',(0.,0.,1.));
#530 = DIRECTION('',(1.,0.,0.));
#531 = AXIS2_PLACEMENT_3D('',#532,#533,#534);
#532 = CARTESIAN_POINT('',(2.925,-4.55,0.175));
#533 = DIRECTION('',(0.,0.,1.));
#534 = DIRECTION('',(1.,0.,0.));
#535 = AXIS2_PLACEMENT_3D('',#536,#537,#538);
#536 = CARTESIAN_POINT('',(-2.925,-5.2,0.175));
#537 = DIRECTION('',(0.,0.,1.));
#538 = DIRECTION('',(1.,0.,0.));
#539 = AXIS2_PLACEMENT_3D('',#540,#541,#542);
#540 = CARTESIAN_POINT('',(-2.275,-5.2,0.175));
#541 = DIRECTION('',(0.,0.,1.));
#542 = DIRECTION('',(1.,0.,0.));
#543 = AXIS2_PLACEMENT_3D('',#544,#545,#546);
#544 = CARTESIAN_POINT('',(2.275,-5.2,0.175));
#545 = DIRECTION('',(0.,0.,1.));
#546 = DIRECTION('',(1.,0.,0.));
#547 = AXIS2_PLACEMENT_3D('',#548,#549,#550);
#548 = CARTESIAN_POINT('',(2.925,-5.2,0.175));
#549 = DIRECTION('',(0.,0.,1.));
#550 = DIRECTION('',(1.,0.,0.));
#551 = AXIS2_PLACEMENT_3D('',#552,#553,#554);
#552 = CARTESIAN_POINT('',(0.,0.,0.));
#553 = DIRECTION('',(0.,0.,1.));
#554 = DIRECTION('',(1.,0.,0.));
#555 = ( GEOMETRIC_REPRESENTATION_CONTEXT(3) 
GLOBAL_UNCERTAINTY_ASSIGNED_CONTEXT((#559)) GLOBAL_UNIT_ASSIGNED_CONTEXT
((#556,#557,#558)) REPRESENTATION_CONTEXT('Context #1',
  '3D Context with UNIT and UNCERTAINTY') );
#556 = ( LENGTH_UNIT() NAMED_UNIT(*) SI_UNIT(.MILLI.,.METRE.) );
#557 = ( NAMED_UNIT(*) PLANE_ANGLE_UNIT() SI_UNIT($,.RADIAN.) );
#558 = ( NAMED_UNIT(*) SI_UNIT($,.STERADIAN.) SOLID_ANGLE_UNIT() );
#559 = UNCERTAINTY_MEASURE_WITH_UNIT(LENGTH_MEASURE(1.E-07),#556,
  'distance_accuracy_value','confusion accuracy');
#560 = PRODUCT_RELATED_PRODUCT_CATEGORY('part',$,(#7));
#561 = ADVANCED_BREP_SHAPE_REPRESENTATION('',(#11,#562),#574);
#562 = MANIFOLD_SOLID_BREP('',#563);
#563 = CLOSED_SHELL('',(#564));
#564 = ADVANCED_FACE('',(#565),#569,.T.);
#565 = FACE_BOUND('',#566,.T.);
#566 = VERTEX_LOOP('',#567);
#567 = VERTEX_POINT('',#568);
#568 = CARTESIAN_POINT('',(1.071565949254E-17,-2.624579619658E-33,-0.175
    ));
#569 = SPHERICAL_SURFACE('',#570,0.175);
#570 = AXIS2_PLACEMENT_3D('',#571,#572,#573);
#571 = CARTESIAN_POINT('',(0.,0.,0.));
#572 = DIRECTION('',(0.,0.,1.));
#573 = DIRECTION('',(1.,0.,-0.));
#574 = ( GEOMETRIC_REPRESENTATION_CONTEXT(3) 
GLOBAL_UNCERTAINTY_ASSIGNED_CONTEXT((#578)) GLOBAL_UNIT_ASSIGNED_CONTEXT
((#575,#576,#577)) REPRESENTATION_CONTEXT('Context #1',
  '3D Context with UNIT and UNCERTAINTY') );
#575 = ( LENGTH_UNIT() NAMED_UNIT(*) SI_UNIT(.MILLI.,.METRE.) );
#576 = ( NAMED_UNIT(*) PLANE_ANGLE_UNIT() SI_UNIT($,.RADIAN.) );
#577 = ( NAMED_UNIT(*) SI_UNIT($,.STERADIAN.) SOLID_ANGLE_UNIT() );
#578 = UNCERTAINTY_MEASURE_WITH_UNIT(LENGTH_MEASURE(1.E-07),#575,
  'distance_accuracy_value','confusion accuracy');
#579 = SHAPE_DEFINITION_REPRESENTATION(#580,#561);
#580 = PRODUCT_DEFINITION_SHAPE('','',#581);
#581 = PRODUCT_DEFINITION('design','',#582,#585);
#582 = PRODUCT_DEFINITION_FORMATION('','',#583);
#583 = PRODUCT('A1','A1','',(#584));
#584 = PRODUCT_CONTEXT('',#2,'mechanical');
#585 = PRODUCT_DEFINITION_CONTEXT('part definition',#2,'design');
#586 = CONTEXT_DEPENDENT_SHAPE_REPRESENTATION(#587,#589);
#587 = ( REPRESENTATION_RELATIONSHIP('','',#561,#10) 
REPRESENTATION_RELATIONSHIP_WITH_TRANSFORMATION(#588) 
SHAPE_REPRESENTATION_RELATIONSHIP() );
#588 = ITEM_DEFINED_TRANSFORMATION('','',#11,#15);
#589 = PRODUCT_DEFINITION_SHAPE('Placement','Placement of an item',#590
  );
#590 = NEXT_ASSEMBLY_USAGE_OCCURRENCE('1','=>[0:1:1:2]','',#5,#581,$);
#591 = PRODUCT_RELATED_PRODUCT_CATEGORY('part',$,(#583));
#592 = ADVANCED_BREP_SHAPE_REPRESENTATION('',(#11,#593),#605);
#593 = MANIFOLD_SOLID_BREP('',#594);
#594 = CLOSED_SHELL('',(#595));
#595 = ADVANCED_FACE('',(#596),#600,.T.);
#596 = FACE_BOUND('',#597,.T.);
#597 = VERTEX_LOOP('',#598);
#598 = VERTEX_POINT('',#599);
#599 = CARTESIAN_POINT('',(1.071565949254E-17,-2.624579619658E-33,-0.175
    ));
#600 = SPHERICAL_SURFACE('',#601,0.175);
#601 = AXIS2_PLACEMENT_3D('',#602,#603,#604);
#602 = CARTESIAN_POINT('',(0.,0.,0.));
#603 = DIRECTION('',(0.,0.,1.));
#604 = DIRECTION('',(1.,0.,-0.));
#605 = ( GEOMETRIC_REPRESENTATION_CONTEXT(3) 
GLOBAL_UNCERTAINTY_ASSIGNED_CONTEXT((#609)) GLOBAL_UNIT_ASSIGNED_CONTEXT
((#606,#607,#608)) REPRESENTATION_CONTEXT('Context #1',
  '3D Context with UNIT and UNCERTAINTY') );
#606 = ( LENGTH_UNIT() NAMED_UNIT(*) SI_UNIT(.MILLI.,.METRE.) );
#607 = ( NAMED_UNIT(*) PLANE_ANGLE_UNIT() SI_UNIT($,.RADIAN.) );
#608 = ( NAMED_UNIT(*) SI_UNIT($,.STERADIAN.) SOLID_ANGLE_UNIT() );
#609 = UNCERTAINTY_MEASURE_WITH_UNIT(LENGTH_MEASURE(1.E-07),#606,
  'distance_accuracy_value','confusion accuracy');
#610 = SHAPE_DEFINITION_REPRESENTATION(#611,#592);
#611 = PRODUCT_DEFINITION_SHAPE('','',#612);
#612 = PRODUCT_DEFINITION('design','',#613,#616);
#613 = PRODUCT_DEFINITION_FORMATION('','',#614);
#614 = PRODUCT('A2','A2','',(#615));
#615 = PRODUCT_CONTEXT('',#2,'mechanical');
#616 = PRODUCT_DEFINITION_CONTEXT('part definition',#2,'design');
#617 = CONTEXT_DEPENDENT_SHAPE_REPRESENTATION(#618,#620);
#618 = ( REPRESENTATION_RELATIONSHIP('','',#592,#10) 
REPRESENTATION_RELATIONSHIP_WITH_TRANSFORMATION(#619) 
SHAPE_REPRESENTATION_RELATIONSHIP() );
#619 = ITEM_DEFINED_TRANSFORMATION('','',#11,#19);
#620 = PRODUCT_DEFINITION_SHAPE('Placement','Placement of an item',#621
  );
#621 = NEXT_ASSEMBLY_USAGE_OCCURRENCE('2','=>[0:1:1:3]','',#5,#612,$);
#622 = PRODUCT_RELATED_PRODUCT_CATEGORY('part',$,(#614));
#623 = ADVANCED_BREP_SHAPE_REPRESENTATION('',(#11,#624),#636);
#624 = MANIFOLD_SOLID_BREP('',#625);
#625 = CLOSED_SHELL('',(#626));
#626 = ADVANCED_FACE('',(#627),#631,.T.);
#627 = FACE_BOUND('',#628,.T.);
#628 = VERTEX_LOOP('',#629);
#629 = VERTEX_POINT('',#630);
#630 = CARTESIAN_POINT('',(1.071565949254E-17,-2.624579619658E-33,-0.175
    ));
#631 = SPHERICAL_SURFACE('',#632,0.175);
#632 = AXIS2_PLACEMENT_3D('',#633,#634,#635);
#633 = CARTESIAN_POINT('',(0.,0.,0.));
#634 = DIRECTION('',(0.,0.,1.));
#635 = DIRECTION('',(1.,0.,-0.));
#636 = ( GEOMETRIC_REPRESENTATION_CONTEXT(3) 
GLOBAL_UNCERTAINTY_ASSIGNED_CONTEXT((#640)) GLOBAL_UNIT_ASSIGNED_CONTEXT
((#637,#638,#639)) REPRESENTATION_CONTEXT('Context #1',
  '3D Context with UNIT and UNCERTAINTY') );
#637 = ( LENGTH_UNIT() NAMED_UNIT(*) SI_UNIT(.MILLI.,.METRE.) );
#638 = ( NAMED_UNIT(*) PLANE_ANGLE_UNIT() SI_UNIT($,.RADIAN.) );
#639 = ( NAMED_UNIT(*) SI_UNIT($,.STERADIAN.) SOLID_ANGLE_UNIT() );
#640 = UNCERTAINTY_MEASURE_WITH_UNIT(LENGTH_MEASURE(1.E-07),#637,
  'distance_accuracy_value','confusion accuracy');
#641 = SHAPE_DEFINITION_REPRESENTATION(#642,#623);
#642 = PRODUCT_DEFINITION_SHAPE('','',#643);
#643 = PRODUCT_DEFINITION('design','',#644,#647);
#644 = PRODUCT_DEFINITION_FORMATION('','',#645);
#645 = PRODUCT('A9','A9','',(#646));
#646 = PRODUCT_CONTEXT('',#2,'mechanical');
#647 = PRODUCT_DEFINITION_CONTEXT('part definition',#2,'design');
#648 = CONTEXT_DEPENDENT_SHAPE_REPRESENTATION(#649,#651);
#649 = ( REPRESENTATION_RELATIONSHIP('','',#623,#10) 
REPRESENTATION_RELATIONSHIP_WITH_TRANSFORMATION(#650) 
SHAPE_REPRESENTATION_RELATIONSHIP() );
#650 = ITEM_DEFINED_TRANSFORMATION('','',#11,#23);
#651 = PRODUCT_DEFINITION_SHAPE('Placement','Placement of an item',#652
  );
#652 = NEXT_ASSEMBLY_USAGE_OCCURRENCE('3','=>[0:1:1:4]','',#5,#643,$);
#653 = PRODUCT_RELATED_PRODUCT_CATEGORY('part',$,(#645));
#654 = ADVANCED_BREP_SHAPE_REPRESENTATION('',(#11,#655),#667);
#655 = MANIFOLD_SOLID_BREP('',#656);
#656 = CLOSED_SHELL('',(#657));
#657 = ADVANCED_FACE('',(#658),#662,.T.);
#658 = FACE_BOUND('',#659,.T.);
#659 = VERTEX_LOOP('',#660);
#660 = VERTEX_POINT('',#661);
#661 = CARTESIAN_POINT('',(1.071565949254E-17,-2.624579619658E-33,-0.175
    ));
#662 = SPHERICAL_SURFACE('',#663,0.175);
#663 = AXIS2_PLACEMENT_3D('',#664,#665,#666);
#664 = CARTESIAN_POINT('',(0.,0.,0.));
#665 = DIRECTION('',(0.,0.,1.));
#666 = DIRECTION('',(1.,0.,-0.));
#667 = ( GEOMETRIC_REPRESENTATION_CONTEXT(3) 
GLOBAL_UNCERTAINTY_ASSIGNED_CONTEXT((#671)) GLOBAL_UNIT_ASSIGNED_CONTEXT
((#668,#669,#670)) REPRESENTATION_CONTEXT('Context #1',
  '3D Context with UNIT and UNCERTAINTY') );
#668 = ( LENGTH_UNIT() NAMED_UNIT(*) SI_UNIT(.MILLI.,.METRE.) );
#669 = ( NAMED_UNIT(*) PLANE_ANGLE_UNIT() SI_UNIT($,.RADIAN.) );
#670 = ( NAMED_UNIT(*) SI_UNIT($,.STERADIAN.) SOLID_ANGLE_UNIT() );
#671 = UNCERTAINTY_MEASURE_WITH_UNIT(LENGTH_MEASURE(1.E-07),#668,
  'distance_accuracy_value','confusion accuracy');
#672 = SHAPE_DEFINITION_REPRESENTATION(#673,#654);
#673 = PRODUCT_DEFINITION_SHAPE('','',#674);
#674 = PRODUCT_DEFINITION('design','',#675,#678);
#675 = PRODUCT_DEFINITION_FORMATION('','',#676);
#676 = PRODUCT('A10','A10','',(#677));
#677 = PRODUCT_CONTEXT('',#2,'mechanical');
#678 = PRODUCT_DEFINITION_CONTEXT('part definition',#2,'design');
#679 = CONTEXT_DEPENDENT_SHAPE_REPRESENTATION(#680,#682);
#680 = ( REPRESENTATION_RELATIONSHIP('','',#654,#10) 
REPRESENTATION_RELATIONSHIP_WITH_TRANSFORMATION(#681) 
SHAPE_REPRESENTATION_RELATIONSHIP() );
#681 = ITEM_DEFINED_TRANSFORMATION('','',#11,#27);
#682 = PRODUCT_DEFINITION_SHAPE('Placement','Placement of an item',#683
  );
#683 = NEXT_ASSEMBLY_USAGE_OCCURRENCE('4','=>[0:1:1:5]','',#5,#674,$);
#684 = PRODUCT_RELATED_PRODUCT_CATEGORY('part',$,(#676));
#685 = ADVANCED_BREP_SHAPE_REPRESENTATION('',(#11,#686),#698);
#686 = MANIFOLD_SOLID_BREP('',#687);
#687 = CLOSED_SHELL('',(#688));
#688 = ADVANCED_FACE('',(#689),#693,.T.);
#689 = FACE_BOUND('',#690,.T.);
#690 = VERTEX_LOOP('',#691);
#691 = VERTEX_POINT('',#692);
#692 = CARTESIAN_POINT('',(1.071565949254E-17,-2.624579619658E-33,-0.175
    ));
#693 = SPHERICAL_SURFACE('',#694,0.175);
#694 = AXIS2_PLACEMENT_3D('',#695,#696,#697);
#695 = CARTESIAN_POINT('',(0.,0.,0.));
#696 = DIRECTION('',(0.,0.,1.));
#697 = DIRECTION('',(1.,0.,-0.));
#698 = ( GEOMETRIC_REPRESENTATION_CONTEXT(3) 
GLOBAL_UNCERTAINTY_ASSIGNED_CONTEXT((#702)) GLOBAL_UNIT_ASSIGNED_CONTEXT
((#699,#700,#701)) REPRESENTATION_CONTEXT('Context #1',
  '3D Context with UNIT and UNCERTAINTY') );
#699 = ( LENGTH_UNIT() NAMED_UNIT(*) SI_UNIT(.MILLI.,.METRE.) );
#700 = ( NAMED_UNIT(*) PLANE_ANGLE_UNIT() SI_UNIT($,.RADIAN.) );
#701 = ( NAMED_UNIT(*) SI_UNIT($,.STERADIAN.) SOLID_ANGLE_UNIT() );
#702 = UNCERTAINTY_MEASURE_WITH_UNIT(LENGTH_MEASURE(1.E-07),#699,
  'distance_accuracy_value','confusion accuracy');
#703 = SHAPE_DEFINITION_REPRESENTATION(#704,#685);
#704 = PRODUCT_DEFINITION_SHAPE('','',#705);
#705 = PRODUCT_DEFINITION('design','',#706,#709);
#706 = PRODUCT_DEFINITION_FORMATION('','',#707);
#707 = PRODUCT('B1','B1','',(#708));
#708 = PRODUCT_CONTEXT('',#2,'mechanical');
#709 = PRODUCT_DEFINITION_CONTEXT('part definition',#2,'design');
#710 = CONTEXT_DEPENDENT_SHAPE_REPRESENTATION(#711,#713);
#711 = ( REPRESENTATION_RELATIONSHIP('','',#685,#10) 
REPRESENTATION_RELATIONSHIP_WITH_TRANSFORMATION(#712) 
SHAPE_REPRESENTATION_RELATIONSHIP() );
#712 = ITEM_DEFINED_TRANSFORMATION('','',#11,#31);
#713 = PRODUCT_DEFINITION_SHAPE('Placement','Placement of an item',#714
  );
#714 = NEXT_ASSEMBLY_USAGE_OCCURRENCE('5','=>[0:1:1:6]','',#5,#705,$);
#715 = PRODUCT_RELATED_PRODUCT_CATEGORY('part',$,(#707));
#716 = ADVANCED_BREP_SHAPE_REPRESENTATION('',(#11,#717),#729);
#717 = MANIFOLD_SOLID_BREP('',#718);
#718 = CLOSED_SHELL('',(#719));
#719 = ADVANCED_FACE('',(#720),#724,.T.);
#720 = FACE_BOUND('',#721,.T.);
#721 = VERTEX_LOOP('',#722);
#722 = VERTEX_POINT('',#723);
#723 = CARTESIAN_POINT('',(1.071565949254E-17,-2.624579619658E-33,-0.175
    ));
#724 = SPHERICAL_SURFACE('',#725,0.175);
#725 = AXIS2_PLACEMENT_3D('',#726,#727,#728);
#726 = CARTESIAN_POINT('',(0.,0.,0.));
#727 = DIRECTION('',(0.,0.,1.));
#728 = DIRECTION('',(1.,0.,-0.));
#729 = ( GEOMETRIC_REPRESENTATION_CONTEXT(3) 
GLOBAL_UNCERTAINTY_ASSIGNED_CONTEXT((#733)) GLOBAL_UNIT_ASSIGNED_CONTEXT
((#730,#731,#732)) REPRESENTATION_CONTEXT('Context #1',
  '3D Context with UNIT and UNCERTAINTY') );
#730 = ( LENGTH_UNIT() NAMED_UNIT(*) SI_UNIT(.MILLI.,.METRE.) );
#731 = ( NAMED_UNIT(*) PLANE_ANGLE_UNIT() SI_UNIT($,.RADIAN.) );
#732 = ( NAMED_UNIT(*) SI_UNIT($,.STERADIAN.) SOLID_ANGLE_UNIT() );
#733 = UNCERTAINTY_MEASURE_WITH_UNIT(LENGTH_MEASURE(1.E-07),#730,
  'distance_accuracy_value','confusion accuracy');
#734 = SHAPE_DEFINITION_REPRESENTATION(#735,#716);
#735 = PRODUCT_DEFINITION_SHAPE('','',#736);
#736 = PRODUCT_DEFINITION('design','',#737,#740);
#737 = PRODUCT_DEFINITION_FORMATION('','',#738);
#738 = PRODUCT('B2','B2','',(#739));
#739 = PRODUCT_CONTEXT('',#2,'mechanical');
#740 = PRODUCT_DEFINITION_CONTEXT('part definition',#2,'design');
#741 = CONTEXT_DEPENDENT_SHAPE_REPRESENTATION(#742,#744);
#742 = ( REPRESENTATION_RELATIONSHIP('','',#716,#10) 
REPRESENTATION_RELATIONSHIP_WITH_TRANSFORMATION(#743) 
SHAPE_REPRESENTATION_RELATIONSHIP() );
#743 = ITEM_DEFINED_TRANSFORMATION('','',#11,#35);
#744 = PRODUCT_DEFINITION_SHAPE('Placement','Placement of an item',#745
  );
#745 = NEXT_ASSEMBLY_USAGE_OCCURRENCE('6','=>[0:1:1:7]','',#5,#736,$);
#746 = PRODUCT_RELATED_PRODUCT_CATEGORY('part',$,(#738));
#747 = ADVANCED_BREP_SHAPE_REPRESENTATION('',(#11,#748),#760);
#748 = MANIFOLD_SOLID_BREP('',#749);
#749 = CLOSED_SHELL('',(#750));
#750 = ADVANCED_FACE('',(#751),#755,.T.);
#751 = FACE_BOUND('',#752,.T.);
#752 = VERTEX_LOOP('',#753);
#753 = VERTEX_POINT('',#754);
#754 = CARTESIAN_POINT('',(1.071565949254E-17,-2.624579619658E-33,-0.175
    ));
#755 = SPHERICAL_SURFACE('',#756,0.175);
#756 = AXIS2_PLACEMENT_3D('',#757,#758,#759);
#757 = CARTESIAN_POINT('',(0.,0.,0.));
#758 = DIRECTION('',(0.,0.,1.));
#759 = DIRECTION('',(1.,0.,-0.));
#760 = ( GEOMETRIC_REPRESENTATION_CONTEXT(3) 
GLOBAL_UNCERTAINTY_ASSIGNED_CONTEXT((#764)) GLOBAL_UNIT_ASSIGNED_CONTEXT
((#761,#762,#763)) REPRESENTATION_CONTEXT('Context #1',
  '3D Context with UNIT and UNCERTAINTY') );
#761 = ( LENGTH_UNIT() NAMED_UNIT(*) SI_UNIT(.MILLI.,.METRE.) );
#762 = ( NAMED_UNIT(*) PLANE_ANGLE_UNIT() SI_UNIT($,.RADIAN.) );
#763 = ( NAMED_UNIT(*) SI_UNIT($,.STERADIAN.) SOLID_ANGLE_UNIT() );
#764 = UNCERTAINTY_MEASURE_WITH_UNIT(LENGTH_MEASURE(1.E-07),#761,
  'distance_accuracy_value','confusion accuracy');
#765 = SHAPE_DEFINITION_REPRESENTATION(#766,#747);
#766 = PRODUCT_DEFINITION_SHAPE('','',#767);
#767 = PRODUCT_DEFINITION('design','',#768,#771);
#768 = PRODUCT_DEFINITION_FORMATION('','',#769);
#769 = PRODUCT('B3','B3','',(#770));
#770 = PRODUCT_CONTEXT('',#2,'mechanical');
#771 = PRODUCT_DEFINITION_CONTEXT('part definition',#2,'design');
#772 = CONTEXT_DEPENDENT_SHAPE_REPRESENTATION(#773,#775);
#773 = ( REPRESENTATION_RELATIONSHIP('','',#747,#10) 
REPRESENTATION_RELATIONSHIP_WITH_TRANSFORMATION(#774) 
SHAPE_REPRESENTATION_RELATIONSHIP() );
#774 = ITEM_DEFINED_TRANSFORMATION('','',#11,#39);
#775 = PRODUCT_DEFINITION_SHAPE('Placement','Placement of an item',#776
  );
#776 = NEXT_ASSEMBLY_USAGE_OCCURRENCE('7','=>[0:1:1:8]','',#5,#767,$);
#777 = PRODUCT_RELATED_PRODUCT_CATEGORY('part',$,(#769));
#778 = ADVANCED_BREP_SHAPE_REPRESENTATION('',(#11,#779),#791);
#779 = MANIFOLD_SOLID_BREP('',#780);
#780 = CLOSED_SHELL('',(#781));
#781 = ADVANCED_FACE('',(#782),#786,.T.);
#782 = FACE_BOUND('',#783,.T.);
#783 = VERTEX_LOOP('',#784);
#784 = VERTEX_POINT('',#785);
#785 = CARTESIAN_POINT('',(1.071565949254E-17,-2.624579619658E-33,-0.175
    ));
#786 = SPHERICAL_SURFACE('',#787,0.175);
#787 = AXIS2_PLACEMENT_3D('',#788,#789,#790);
#788 = CARTESIAN_POINT('',(0.,0.,0.));
#789 = DIRECTION('',(0.,0.,1.));
#790 = DIRECTION('',(1.,0.,-0.));
#791 = ( GEOMETRIC_REPRESENTATION_CONTEXT(3) 
GLOBAL_UNCERTAINTY_ASSIGNED_CONTEXT((#795)) GLOBAL_UNIT_ASSIGNED_CONTEXT
((#792,#793,#794)) REPRESENTATION_CONTEXT('Context #1',
  '3D Context with UNIT and UNCERTAINTY') );
#792 = ( LENGTH_UNIT() NAMED_UNIT(*) SI_UNIT(.MILLI.,.METRE.) );
#793 = ( NAMED_UNIT(*) PLANE_ANGLE_UNIT() SI_UNIT($,.RADIAN.) );
#794 = ( NAMED_UNIT(*) SI_UNIT($,.STERADIAN.) SOLID_ANGLE_UNIT() );
#795 = UNCERTAINTY_MEASURE_WITH_UNIT(LENGTH_MEASURE(1.E-07),#792,
  'distance_accuracy_value','confusion accuracy');
#796 = SHAPE_DEFINITION_REPRESENTATION(#797,#778);
#797 = PRODUCT_DEFINITION_SHAPE('','',#798);
#798 = PRODUCT_DEFINITION('design','',#799,#802);
#799 = PRODUCT_DEFINITION_FORMATION('','',#800);
#800 = PRODUCT('B5','B5','',(#801));
#801 = PRODUCT_CONTEXT('',#2,'mechanical');
#802 = PRODUCT_DEFINITION_CONTEXT('part definition',#2,'design');
#803 = CONTEXT_DEPENDENT_SHAPE_REPRESENTATION(#804,#806);
#804 = ( REPRESENTATION_RELATIONSHIP('','',#778,#10) 
REPRESENTATION_RELATIONSHIP_WITH_TRANSFORMATION(#805) 
SHAPE_REPRESENTATION_RELATIONSHIP() );
#805 = ITEM_DEFINED_TRANSFORMATION('','',#11,#43);
#806 = PRODUCT_DEFINITION_SHAPE('Placement','Placement of an item',#807
  );
#807 = NEXT_ASSEMBLY_USAGE_OCCURRENCE('8','=>[0:1:1:9]','',#5,#798,$);
#808 = PRODUCT_RELATED_PRODUCT_CATEGORY('part',$,(#800));
#809 = ADVANCED_BREP_SHAPE_REPRESENTATION('',(#11,#810),#822);
#810 = MANIFOLD_SOLID_BREP('',#811);
#811 = CLOSED_SHELL('',(#812));
#812 = ADVANCED_FACE('',(#813),#817,.T.);
#813 = FACE_BOUND('',#814,.T.);
#814 = VERTEX_LOOP('',#815);
#815 = VERTEX_POINT('',#816);
#816 = CARTESIAN_POINT('',(1.071565949254E-17,-2.624579619658E-33,-0.175
    ));
#817 = SPHERICAL_SURFACE('',#818,0.175);
#818 = AXIS2_PLACEMENT_3D('',#819,#820,#821);
#819 = CARTESIAN_POINT('',(0.,0.,0.));
#820 = DIRECTION('',(0.,0.,1.));
#821 = DIRECTION('',(1.,0.,-0.));
#822 = ( GEOMETRIC_REPRESENTATION_CONTEXT(3) 
GLOBAL_UNCERTAINTY_ASSIGNED_CONTEXT((#826)) GLOBAL_UNIT_ASSIGNED_CONTEXT
((#823,#824,#825)) REPRESENTATION_CONTEXT('Context #1',
  '3D Context with UNIT and UNCERTAINTY') );
#823 = ( LENGTH_UNIT() NAMED_UNIT(*) SI_UNIT(.MILLI.,.METRE.) );
#824 = ( NAMED_UNIT(*) PLANE_ANGLE_UNIT() SI_UNIT($,.RADIAN.) );
#825 = ( NAMED_UNIT(*) SI_UNIT($,.STERADIAN.) SOLID_ANGLE_UNIT() );
#826 = UNCERTAINTY_MEASURE_WITH_UNIT(LENGTH_MEASURE(1.E-07),#823,
  'distance_accuracy_value','confusion accuracy');
#827 = SHAPE_DEFINITION_REPRESENTATION(#828,#809);
#828 = PRODUCT_DEFINITION_SHAPE('','',#829);
#829 = PRODUCT_DEFINITION('design','',#830,#833);
#830 = PRODUCT_DEFINITION_FORMATION('','',#831);
#831 = PRODUCT('B6','B6','',(#832));
#832 = PRODUCT_CONTEXT('',#2,'mechanical');
#833 = PRODUCT_DEFINITION_CONTEXT('part definition',#2,'design');
#834 = CONTEXT_DEPENDENT_SHAPE_REPRESENTATION(#835,#837);
#835 = ( REPRESENTATION_RELATIONSHIP('','',#809,#10) 
REPRESENTATION_RELATIONSHIP_WITH_TRANSFORMATION(#836) 
SHAPE_REPRESENTATION_RELATIONSHIP() );
#836 = ITEM_DEFINED_TRANSFORMATION('','',#11,#47);
#837 = PRODUCT_DEFINITION_SHAPE('Placement','Placement of an item',#838
  );
#838 = NEXT_ASSEMBLY_USAGE_OCCURRENCE('9','=>[0:1:1:10]','',#5,#829,$);
#839 = PRODUCT_RELATED_PRODUCT_CATEGORY('part',$,(#831));
#840 = ADVANCED_BREP_SHAPE_REPRESENTATION('',(#11,#841),#853);
#841 = MANIFOLD_SOLID_BREP('',#842);
#842 = CLOSED_SHELL('',(#843));
#843 = ADVANCED_FACE('',(#844),#848,.T.);
#844 = FACE_BOUND('',#845,.T.);
#845 = VERTEX_LOOP('',#846);
#846 = VERTEX_POINT('',#847);
#847 = CARTESIAN_POINT('',(1.071565949254E-17,-2.624579619658E-33,-0.175
    ));
#848 = SPHERICAL_SURFACE('',#849,0.175);
#849 = AXIS2_PLACEMENT_3D('',#850,#851,#852);
#850 = CARTESIAN_POINT('',(0.,0.,0.));
#851 = DIRECTION('',(0.,0.,1.));
#852 = DIRECTION('',(1.,0.,-0.));
#853 = ( GEOMETRIC_REPRESENTATION_CONTEXT(3) 
GLOBAL_UNCERTAINTY_ASSIGNED_CONTEXT((#857)) GLOBAL_UNIT_ASSIGNED_CONTEXT
((#854,#855,#856)) REPRESENTATION_CONTEXT('Context #1',
  '3D Context with UNIT and UNCERTAINTY') );
#854 = ( LENGTH_UNIT() NAMED_UNIT(*) SI_UNIT(.MILLI.,.METRE.) );
#855 = ( NAMED_UNIT(*) PLANE_ANGLE_UNIT() SI_UNIT($,.RADIAN.) );
#856 = ( NAMED_UNIT(*) SI_UNIT($,.STERADIAN.) SOLID_ANGLE_UNIT() );
#857 = UNCERTAINTY_MEASURE_WITH_UNIT(LENGTH_MEASURE(1.E-07),#854,
  'distance_accuracy_value','confusion accuracy');
#858 = SHAPE_DEFINITION_REPRESENTATION(#859,#840);
#859 = PRODUCT_DEFINITION_SHAPE('','',#860);
#860 = PRODUCT_DEFINITION('design','',#861,#864);
#861 = PRODUCT_DEFINITION_FORMATION('','',#862);
#862 = PRODUCT('B7','B7','',(#863));
#863 = PRODUCT_CONTEXT('',#2,'mechanical');
#864 = PRODUCT_DEFINITION_CONTEXT('part definition',#2,'design');
#865 = CONTEXT_DEPENDENT_SHAPE_REPRESENTATION(#866,#868);
#866 = ( REPRESENTATION_RELATIONSHIP('','',#840,#10) 
REPRESENTATION_RELATIONSHIP_WITH_TRANSFORMATION(#867) 
SHAPE_REPRESENTATION_RELATIONSHIP() );
#867 = ITEM_DEFINED_TRANSFORMATION('','',#11,#51);
#868 = PRODUCT_DEFINITION_SHAPE('Placement','Placement of an item',#869
  );
#869 = NEXT_ASSEMBLY_USAGE_OCCURRENCE('10','=>[0:1:1:11]','',#5,#860,$);
#870 = PRODUCT_RELATED_PRODUCT_CATEGORY('part',$,(#862));
#871 = ADVANCED_BREP_SHAPE_REPRESENTATION('',(#11,#872),#884);
#872 = MANIFOLD_SOLID_BREP('',#873);
#873 = CLOSED_SHELL('',(#874));
#874 = ADVANCED_FACE('',(#875),#879,.T.);
#875 = FACE_BOUND('',#876,.T.);
#876 = VERTEX_LOOP('',#877);
#877 = VERTEX_POINT('',#878);
#878 = CARTESIAN_POINT('',(1.071565949254E-17,-2.624579619658E-33,-0.175
    ));
#879 = SPHERICAL_SURFACE('',#880,0.175);
#880 = AXIS2_PLACEMENT_3D('',#881,#882,#883);
#881 = CARTESIAN_POINT('',(0.,0.,0.));
#882 = DIRECTION('',(0.,0.,1.));
#883 = DIRECTION('',(1.,0.,-0.));
#884 = ( GEOMETRIC_REPRESENTATION_CONTEXT(3) 
GLOBAL_UNCERTAINTY_ASSIGNED_CONTEXT((#888)) GLOBAL_UNIT_ASSIGNED_CONTEXT
((#885,#886,#887)) REPRESENTATION_CONTEXT('Context #1',
  '3D Context with UNIT and UNCERTAINTY') );
#885 = ( LENGTH_UNIT() NAMED_UNIT(*) SI_UNIT(.MILLI.,.METRE.) );
#886 = ( NAMED_UNIT(*) PLANE_ANGLE_UNIT() SI_UNIT($,.RADIAN.) );
#887 = ( NAMED_UNIT(*) SI_UNIT($,.STERADIAN.) SOLID_ANGLE_UNIT() );
#888 = UNCERTAINTY_MEASURE_WITH_UNIT(LENGTH_MEASURE(1.E-07),#885,
  'distance_accuracy_value','confusion accuracy');
#889 = SHAPE_DEFINITION_REPRESENTATION(#890,#871);
#890 = PRODUCT_DEFINITION_SHAPE('','',#891);
#891 = PRODUCT_DEFINITION('design','',#892,#895);
#892 = PRODUCT_DEFINITION_FORMATION('','',#893);
#893 = PRODUCT('B8','B8','',(#894));
#894 = PRODUCT_CONTEXT('',#2,'mechanical');
#895 = PRODUCT_DEFINITION_CONTEXT('part definition',#2,'design');
#896 = CONTEXT_DEPENDENT_SHAPE_REPRESENTATION(#897,#899);
#897 = ( REPRESENTATION_RELATIONSHIP('','',#871,#10) 
REPRESENTATION_RELATIONSHIP_WITH_TRANSFORMATION(#898) 
SHAPE_REPRESENTATION_RELATIONSHIP() );
#898 = ITEM_DEFINED_TRANSFORMATION('','',#11,#55);
#899 = PRODUCT_DEFINITION_SHAPE('Placement','Placement of an item',#900
  );
#900 = NEXT_ASSEMBLY_USAGE_OCCURRENCE('11','=>[0:1:1:12]','',#5,#891,$);
#901 = PRODUCT_RELATED_PRODUCT_CATEGORY('part',$,(#893));
#902 = ADVANCED_BREP_SHAPE_REPRESENTATION('',(#11,#903),#915);
#903 = MANIFOLD_SOLID_BREP('',#904);
#904 = CLOSED_SHELL('',(#905));
#905 = ADVANCED_FACE('',(#906),#910,.T.);
#906 = FACE_BOUND('',#907,.T.);
#907 = VERTEX_LOOP('',#908);
#908 = VERTEX_POINT('',#909);
#909 = CARTESIAN_POINT('',(1.071565949254E-17,-2.624579619658E-33,-0.175
    ));
#910 = SPHERICAL_SURFACE('',#911,0.175);
#911 = AXIS2_PLACEMENT_3D('',#912,#913,#914);
#912 = CARTESIAN_POINT('',(0.,0.,0.));
#913 = DIRECTION('',(0.,0.,1.));
#914 = DIRECTION('',(1.,0.,-0.));
#915 = ( GEOMETRIC_REPRESENTATION_CONTEXT(3) 
GLOBAL_UNCERTAINTY_ASSIGNED_CONTEXT((#919)) GLOBAL_UNIT_ASSIGNED_CONTEXT
((#916,#917,#918)) REPRESENTATION_CONTEXT('Context #1',
  '3D Context with UNIT and UNCERTAINTY') );
#916 = ( LENGTH_UNIT() NAMED_UNIT(*) SI_UNIT(.MILLI.,.METRE.) );
#917 = ( NAMED_UNIT(*) PLANE_ANGLE_UNIT() SI_UNIT($,.RADIAN.) );
#918 = ( NAMED_UNIT(*) SI_UNIT($,.STERADIAN.) SOLID_ANGLE_UNIT() );
#919 = UNCERTAINTY_MEASURE_WITH_UNIT(LENGTH_MEASURE(1.E-07),#916,
  'distance_accuracy_value','confusion accuracy');
#920 = SHAPE_DEFINITION_REPRESENTATION(#921,#902);
#921 = PRODUCT_DEFINITION_SHAPE('','',#922);
#922 = PRODUCT_DEFINITION('design','',#923,#926);
#923 = PRODUCT_DEFINITION_FORMATION('','',#924);
#924 = PRODUCT('B9','B9','',(#925));
#925 = PRODUCT_CONTEXT('',#2,'mechanical');
#926 = PRODUCT_DEFINITION_CONTEXT('part definition',#2,'design');
#927 = CONTEXT_DEPENDENT_SHAPE_REPRESENTATION(#928,#930);
#928 = ( REPRESENTATION_RELATIONSHIP('','',#902,#10) 
REPRESENTATION_RELATIONSHIP_WITH_TRANSFORMATION(#929) 
SHAPE_REPRESENTATION_RELATIONSHIP() );
#929 = ITEM_DEFINED_TRANSFORMATION('','',#11,#59);
#930 = PRODUCT_DEFINITION_SHAPE('Placement','Placement of an item',#931
  );
#931 = NEXT_ASSEMBLY_USAGE_OCCURRENCE('12','=>[0:1:1:13]','',#5,#922,$);
#932 = PRODUCT_RELATED_PRODUCT_CATEGORY('part',$,(#924));
#933 = ADVANCED_BREP_SHAPE_REPRESENTATION('',(#11,#934),#946);
#934 = MANIFOLD_SOLID_BREP('',#935);
#935 = CLOSED_SHELL('',(#936));
#936 = ADVANCED_FACE('',(#937),#941,.T.);
#937 = FACE_BOUND('',#938,.T.);
#938 = VERTEX_LOOP('',#939);
#939 = VERTEX_POINT('',#940);
#940 = CARTESIAN_POINT('',(1.071565949254E-17,-2.624579619658E-33,-0.175
    ));
#941 = SPHERICAL_SURFACE('',#942,0.175);
#942 = AXIS2_PLACEMENT_3D('',#943,#944,#945);
#943 = CARTESIAN_POINT('',(0.,0.,0.));
#944 = DIRECTION('',(0.,0.,1.));
#945 = DIRECTION('',(1.,0.,-0.));
#946 = ( GEOMETRIC_REPRESENTATION_CONTEXT(3) 
GLOBAL_UNCERTAINTY_ASSIGNED_CONTEXT((#950)) GLOBAL_UNIT_ASSIGNED_CONTEXT
((#947,#948,#949)) REPRESENTATION_CONTEXT('Context #1',
  '3D Context with UNIT and UNCERTAINTY') );
#947 = ( LENGTH_UNIT() NAMED_UNIT(*) SI_UNIT(.MILLI.,.METRE.) );
#948 = ( NAMED_UNIT(*) PLANE_ANGLE_UNIT() SI_UNIT($,.RADIAN.) );
#949 = ( NAMED_UNIT(*) SI_UNIT($,.STERADIAN.) SOLID_ANGLE_UNIT() );
#950 = UNCERTAINTY_MEASURE_WITH_UNIT(LENGTH_MEASURE(1.E-07),#947,
  'distance_accuracy_value','confusion accuracy');
#951 = SHAPE_DEFINITION_REPRESENTATION(#952,#933);
#952 = PRODUCT_DEFINITION_SHAPE('','',#953);
#953 = PRODUCT_DEFINITION('design','',#954,#957);
#954 = PRODUCT_DEFINITION_FORMATION('','',#955);
#955 = PRODUCT('B10','B10','',(#956));
#956 = PRODUCT_CONTEXT('',#2,'mechanical');
#957 = PRODUCT_DEFINITION_CONTEXT('part definition',#2,'design');
#958 = CONTEXT_DEPENDENT_SHAPE_REPRESENTATION(#959,#961);
#959 = ( REPRESENTATION_RELATIONSHIP('','',#933,#10) 
REPRESENTATION_RELATIONSHIP_WITH_TRANSFORMATION(#960) 
SHAPE_REPRESENTATION_RELATIONSHIP() );
#960 = ITEM_DEFINED_TRANSFORMATION('','',#11,#63);
#961 = PRODUCT_DEFINITION_SHAPE('Placement','Placement of an item',#962
  );
#962 = NEXT_ASSEMBLY_USAGE_OCCURRENCE('13','=>[0:1:1:14]','',#5,#953,$);
#963 = PRODUCT_RELATED_PRODUCT_CATEGORY('part',$,(#955));
#964 = ADVANCED_BREP_SHAPE_REPRESENTATION('',(#11,#965),#977);
#965 = MANIFOLD_SOLID_BREP('',#966);
#966 = CLOSED_SHELL('',(#967));
#967 = ADVANCED_FACE('',(#968),#972,.T.);
#968 = FACE_BOUND('',#969,.T.);
#969 = VERTEX_LOOP('',#970);
#970 = VERTEX_POINT('',#971);
#971 = CARTESIAN_POINT('',(1.071565949254E-17,-2.624579619658E-33,-0.175
    ));
#972 = SPHERICAL_SURFACE('',#973,0.175);
#973 = AXIS2_PLACEMENT_3D('',#974,#975,#976);
#974 = CARTESIAN_POINT('',(0.,0.,0.));
#975 = DIRECTION('',(0.,0.,1.));
#976 = DIRECTION('',(1.,0.,-0.));
#977 = ( GEOMETRIC_REPRESENTATION_CONTEXT(3) 
GLOBAL_UNCERTAINTY_ASSIGNED_CONTEXT((#981)) GLOBAL_UNIT_ASSIGNED_CONTEXT
((#978,#979,#980)) REPRESENTATION_CONTEXT('Context #1',
  '3D Context with UNIT and UNCERTAINTY') );
#978 = ( LENGTH_UNIT() NAMED_UNIT(*) SI_UNIT(.MILLI.,.METRE.) );
#979 = ( NAMED_UNIT(*) PLANE_ANGLE_UNIT() SI_UNIT($,.RADIAN.) );
#980 = ( NAMED_UNIT(*) SI_UNIT($,.STERADIAN.) SOLID_ANGLE_UNIT() );
#981 = UNCERTAINTY_MEASURE_WITH_UNIT(LENGTH_MEASURE(1.E-07),#978,
  'distance_accuracy_value','confusion accuracy');
#982 = SHAPE_DEFINITION_REPRESENTATION(#983,#964);
#983 = PRODUCT_DEFINITION_SHAPE('','',#984);
#984 = PRODUCT_DEFINITION('design','',#985,#988);
#985 = PRODUCT_DEFINITION_FORMATION('','',#986);
#986 = PRODUCT('C1','C1','',(#987));
#987 = PRODUCT_CONTEXT('',#2,'mechanical');
#988 = PRODUCT_DEFINITION_CONTEXT('part definition',#2,'design');
#989 = CONTEXT_DEPENDENT_SHAPE_REPRESENTATION(#990,#992);
#990 = ( REPRESENTATION_RELATIONSHIP('','',#964,#10) 
REPRESENTATION_RELATIONSHIP_WITH_TRANSFORMATION(#991) 
SHAPE_REPRESENTATION_RELATIONSHIP() );
#991 = ITEM_DEFINED_TRANSFORMATION('','',#11,#67);
#992 = PRODUCT_DEFINITION_SHAPE('Placement','Placement of an item',#993
  );
#993 = NEXT_ASSEMBLY_USAGE_OCCURRENCE('14','=>[0:1:1:15]','',#5,#984,$);
#994 = PRODUCT_RELATED_PRODUCT_CATEGORY('part',$,(#986));
#995 = ADVANCED_BREP_SHAPE_REPRESENTATION('',(#11,#996),#1008);
#996 = MANIFOLD_SOLID_BREP('',#997);
#997 = CLOSED_SHELL('',(#998));
#998 = ADVANCED_FACE('',(#999),#1003,.T.);
#999 = FACE_BOUND('',#1000,.T.);
#1000 = VERTEX_LOOP('',#1001);
#1001 = VERTEX_POINT('',#1002);
#1002 = CARTESIAN_POINT('',(1.071565949254E-17,-2.624579619658E-33,
    -0.175));
#1003 = SPHERICAL_SURFACE('',#1004,0.175);
#1004 = AXIS2_PLACEMENT_3D('',#1005,#1006,#1007);
#1005 = CARTESIAN_POINT('',(0.,0.,0.));
#1006 = DIRECTION('',(0.,0.,1.));
#1007 = DIRECTION('',(1.,0.,-0.));
#1008 = ( GEOMETRIC_REPRESENTATION_CONTEXT(3) 
GLOBAL_UNCERTAINTY_ASSIGNED_CONTEXT((#1012)) 
GLOBAL_UNIT_ASSIGNED_CONTEXT((#1009,#1010,#1011)) REPRESENTATION_CONTEXT
('Context #1','3D Context with UNIT and UNCERTAINTY') );
#1009 = ( LENGTH_UNIT() NAMED_UNIT(*) SI_UNIT(.MILLI.,.METRE.) );
#1010 = ( NAMED_UNIT(*) PLANE_ANGLE_UNIT() SI_UNIT($,.RADIAN.) );
#1011 = ( NAMED_UNIT(*) SI_UNIT($,.STERADIAN.) SOLID_ANGLE_UNIT() );
#1012 = UNCERTAINTY_MEASURE_WITH_UNIT(LENGTH_MEASURE(1.E-07),#1009,
  'distance_accuracy_value','confusion accuracy');
#1013 = SHAPE_DEFINITION_REPRESENTATION(#1014,#995);
#1014 = PRODUCT_DEFINITION_SHAPE('','',#1015);
#1015 = PRODUCT_DEFINITION('design','',#1016,#1019);
#1016 = PRODUCT_DEFINITION_FORMATION('','',#1017);
#1017 = PRODUCT('C2','C2','',(#1018));
#1018 = PRODUCT_CONTEXT('',#2,'mechanical');
#1019 = PRODUCT_DEFINITION_CONTEXT('part definition',#2,'design');
#1020 = CONTEXT_DEPENDENT_SHAPE_REPRESENTATION(#1021,#1023);
#1021 = ( REPRESENTATION_RELATIONSHIP('','',#995,#10) 
REPRESENTATION_RELATIONSHIP_WITH_TRANSFORMATION(#1022) 
SHAPE_REPRESENTATION_RELATIONSHIP() );
#1022 = ITEM_DEFINED_TRANSFORMATION('','',#11,#71);
#1023 = PRODUCT_DEFINITION_SHAPE('Placement','Placement of an item',
  #1024);
#1024 = NEXT_ASSEMBLY_USAGE_OCCURRENCE('15','=>[0:1:1:16]','',#5,#1015,$
  );
#1025 = PRODUCT_RELATED_PRODUCT_CATEGORY('part',$,(#1017));
#1026 = ADVANCED_BREP_SHAPE_REPRESENTATION('',(#11,#1027),#1039);
#1027 = MANIFOLD_SOLID_BREP('',#1028);
#1028 = CLOSED_SHELL('',(#1029));
#1029 = ADVANCED_FACE('',(#1030),#1034,.T.);
#1030 = FACE_BOUND('',#1031,.T.);
#1031 = VERTEX_LOOP('',#1032);
#1032 = VERTEX_POINT('',#1033);
#1033 = CARTESIAN_POINT('',(1.071565949254E-17,-2.624579619658E-33,
    -0.175));
#1034 = SPHERICAL_SURFACE('',#1035,0.175);
#1035 = AXIS2_PLACEMENT_3D('',#1036,#1037,#1038);
#1036 = CARTESIAN_POINT('',(0.,0.,0.));
#1037 = DIRECTION('',(0.,0.,1.));
#1038 = DIRECTION('',(1.,0.,-0.));
#1039 = ( GEOMETRIC_REPRESENTATION_CONTEXT(3) 
GLOBAL_UNCERTAINTY_ASSIGNED_CONTEXT((#1043)) 
GLOBAL_UNIT_ASSIGNED_CONTEXT((#1040,#1041,#1042)) REPRESENTATION_CONTEXT
('Context #1','3D Context with UNIT and UNCERTAINTY') );
#1040 = ( LENGTH_UNIT() NAMED_UNIT(*) SI_UNIT(.MILLI.,.METRE.) );
#1041 = ( NAMED_UNIT(*) PLANE_ANGLE_UNIT() SI_UNIT($,.RADIAN.) );
#1042 = ( NAMED_UNIT(*) SI_UNIT($,.STERADIAN.) SOLID_ANGLE_UNIT() );
#1043 = UNCERTAINTY_MEASURE_WITH_UNIT(LENGTH_MEASURE(1.E-07),#1040,
  'distance_accuracy_value','confusion accuracy');
#1044 = SHAPE_DEFINITION_REPRESENTATION(#1045,#1026);
#1045 = PRODUCT_DEFINITION_SHAPE('','',#1046);
#1046 = PRODUCT_DEFINITION('design','',#1047,#1050);
#1047 = PRODUCT_DEFINITION_FORMATION('','',#1048);
#1048 = PRODUCT('C3','C3','',(#1049));
#1049 = PRODUCT_CONTEXT('',#2,'mechanical');
#1050 = PRODUCT_DEFINITION_CONTEXT('part definition',#2,'design');
#1051 = CONTEXT_DEPENDENT_SHAPE_REPRESENTATION(#1052,#1054);
#1052 = ( REPRESENTATION_RELATIONSHIP('','',#1026,#10) 
REPRESENTATION_RELATIONSHIP_WITH_TRANSFORMATION(#1053) 
SHAPE_REPRESENTATION_RELATIONSHIP() );
#1053 = ITEM_DEFINED_TRANSFORMATION('','',#11,#75);
#1054 = PRODUCT_DEFINITION_SHAPE('Placement','Placement of an item',
  #1055);
#1055 = NEXT_ASSEMBLY_USAGE_OCCURRENCE('16','=>[0:1:1:17]','',#5,#1046,$
  );
#1056 = PRODUCT_RELATED_PRODUCT_CATEGORY('part',$,(#1048));
#1057 = ADVANCED_BREP_SHAPE_REPRESENTATION('',(#11,#1058),#1070);
#1058 = MANIFOLD_SOLID_BREP('',#1059);
#1059 = CLOSED_SHELL('',(#1060));
#1060 = ADVANCED_FACE('',(#1061),#1065,.T.);
#1061 = FACE_BOUND('',#1062,.T.);
#1062 = VERTEX_LOOP('',#1063);
#1063 = VERTEX_POINT('',#1064);
#1064 = CARTESIAN_POINT('',(1.071565949254E-17,-2.624579619658E-33,
    -0.175));
#1065 = SPHERICAL_SURFACE('',#1066,0.175);
#1066 = AXIS2_PLACEMENT_3D('',#1067,#1068,#1069);
#1067 = CARTESIAN_POINT('',(0.,0.,0.));
#1068 = DIRECTION('',(0.,0.,1.));
#1069 = DIRECTION('',(1.,0.,-0.));
#1070 = ( GEOMETRIC_REPRESENTATION_CONTEXT(3) 
GLOBAL_UNCERTAINTY_ASSIGNED_CONTEXT((#1074)) 
GLOBAL_UNIT_ASSIGNED_CONTEXT((#1071,#1072,#1073)) REPRESENTATION_CONTEXT
('Context #1','3D Context with UNIT and UNCERTAINTY') );
#1071 = ( LENGTH_UNIT() NAMED_UNIT(*) SI_UNIT(.MILLI.,.METRE.) );
#1072 = ( NAMED_UNIT(*) PLANE_ANGLE_UNIT() SI_UNIT($,.RADIAN.) );
#1073 = ( NAMED_UNIT(*) SI_UNIT($,.STERADIAN.) SOLID_ANGLE_UNIT() );
#1074 = UNCERTAINTY_MEASURE_WITH_UNIT(LENGTH_MEASURE(1.E-07),#1071,
  'distance_accuracy_value','confusion accuracy');
#1075 = SHAPE_DEFINITION_REPRESENTATION(#1076,#1057);
#1076 = PRODUCT_DEFINITION_SHAPE('','',#1077);
#1077 = PRODUCT_DEFINITION('design','',#1078,#1081);
#1078 = PRODUCT_DEFINITION_FORMATION('','',#1079);
#1079 = PRODUCT('C5','C5','',(#1080));
#1080 = PRODUCT_CONTEXT('',#2,'mechanical');
#1081 = PRODUCT_DEFINITION_CONTEXT('part definition',#2,'design');
#1082 = CONTEXT_DEPENDENT_SHAPE_REPRESENTATION(#1083,#1085);
#1083 = ( REPRESENTATION_RELATIONSHIP('','',#1057,#10) 
REPRESENTATION_RELATIONSHIP_WITH_TRANSFORMATION(#1084) 
SHAPE_REPRESENTATION_RELATIONSHIP() );
#1084 = ITEM_DEFINED_TRANSFORMATION('','',#11,#79);
#1085 = PRODUCT_DEFINITION_SHAPE('Placement','Placement of an item',
  #1086);
#1086 = NEXT_ASSEMBLY_USAGE_OCCURRENCE('17','=>[0:1:1:18]','',#5,#1077,$
  );
#1087 = PRODUCT_RELATED_PRODUCT_CATEGORY('part',$,(#1079));
#1088 = ADVANCED_BREP_SHAPE_REPRESENTATION('',(#11,#1089),#1101);
#1089 = MANIFOLD_SOLID_BREP('',#1090);
#1090 = CLOSED_SHELL('',(#1091));
#1091 = ADVANCED_FACE('',(#1092),#1096,.T.);
#1092 = FACE_BOUND('',#1093,.T.);
#1093 = VERTEX_LOOP('',#1094);
#1094 = VERTEX_POINT('',#1095);
#1095 = CARTESIAN_POINT('',(1.071565949254E-17,-2.624579619658E-33,
    -0.175));
#1096 = SPHERICAL_SURFACE('',#1097,0.175);
#1097 = AXIS2_PLACEMENT_3D('',#1098,#1099,#1100);
#1098 = CARTESIAN_POINT('',(0.,0.,0.));
#1099 = DIRECTION('',(0.,0.,1.));
#1100 = DIRECTION('',(1.,0.,-0.));
#1101 = ( GEOMETRIC_REPRESENTATION_CONTEXT(3) 
GLOBAL_UNCERTAINTY_ASSIGNED_CONTEXT((#1105)) 
GLOBAL_UNIT_ASSIGNED_CONTEXT((#1102,#1103,#1104)) REPRESENTATION_CONTEXT
('Context #1','3D Context with UNIT and UNCERTAINTY') );
#1102 = ( LENGTH_UNIT() NAMED_UNIT(*) SI_UNIT(.MILLI.,.METRE.) );
#1103 = ( NAMED_UNIT(*) PLANE_ANGLE_UNIT() SI_UNIT($,.RADIAN.) );
#1104 = ( NAMED_UNIT(*) SI_UNIT($,.STERADIAN.) SOLID_ANGLE_UNIT() );
#1105 = UNCERTAINTY_MEASURE_WITH_UNIT(LENGTH_MEASURE(1.E-07),#1102,
  'distance_accuracy_value','confusion accuracy');
#1106 = SHAPE_DEFINITION_REPRESENTATION(#1107,#1088);
#1107 = PRODUCT_DEFINITION_SHAPE('','',#1108);
#1108 = PRODUCT_DEFINITION('design','',#1109,#1112);
#1109 = PRODUCT_DEFINITION_FORMATION('','',#1110);
#1110 = PRODUCT('C6','C6','',(#1111));
#1111 = PRODUCT_CONTEXT('',#2,'mechanical');
#1112 = PRODUCT_DEFINITION_CONTEXT('part definition',#2,'design');
#1113 = CONTEXT_DEPENDENT_SHAPE_REPRESENTATION(#1114,#1116);
#1114 = ( REPRESENTATION_RELATIONSHIP('','',#1088,#10) 
REPRESENTATION_RELATIONSHIP_WITH_TRANSFORMATION(#1115) 
SHAPE_REPRESENTATION_RELATIONSHIP() );
#1115 = ITEM_DEFINED_TRANSFORMATION('','',#11,#83);
#1116 = PRODUCT_DEFINITION_SHAPE('Placement','Placement of an item',
  #1117);
#1117 = NEXT_ASSEMBLY_USAGE_OCCURRENCE('18','=>[0:1:1:19]','',#5,#1108,$
  );
#1118 = PRODUCT_RELATED_PRODUCT_CATEGORY('part',$,(#1110));
#1119 = ADVANCED_BREP_SHAPE_REPRESENTATION('',(#11,#1120),#1132);
#1120 = MANIFOLD_SOLID_BREP('',#1121);
#1121 = CLOSED_SHELL('',(#1122));
#1122 = ADVANCED_FACE('',(#1123),#1127,.T.);
#1123 = FACE_BOUND('',#1124,.T.);
#1124 = VERTEX_LOOP('',#1125);
#1125 = VERTEX_POINT('',#1126);
#1126 = CARTESIAN_POINT('',(1.071565949254E-17,-2.624579619658E-33,
    -0.175));
#1127 = SPHERICAL_SURFACE('',#1128,0.175);
#1128 = AXIS2_PLACEMENT_3D('',#1129,#1130,#1131);
#1129 = CARTESIAN_POINT('',(0.,0.,0.));
#1130 = DIRECTION('',(0.,0.,1.));
#1131 = DIRECTION('',(1.,0.,-0.));
#1132 = ( GEOMETRIC_REPRESENTATION_CONTEXT(3) 
GLOBAL_UNCERTAINTY_ASSIGNED_CONTEXT((#1136)) 
GLOBAL_UNIT_ASSIGNED_CONTEXT((#1133,#1134,#1135)) REPRESENTATION_CONTEXT
('Context #1','3D Context with UNIT and UNCERTAINTY') );
#1133 = ( LENGTH_UNIT() NAMED_UNIT(*) SI_UNIT(.MILLI.,.METRE.) );
#1134 = ( NAMED_UNIT(*) PLANE_ANGLE_UNIT() SI_UNIT($,.RADIAN.) );
#1135 = ( NAMED_UNIT(*) SI_UNIT($,.STERADIAN.) SOLID_ANGLE_UNIT() );
#1136 = UNCERTAINTY_MEASURE_WITH_UNIT(LENGTH_MEASURE(1.E-07),#1133,
  'distance_accuracy_value','confusion accuracy');
#1137 = SHAPE_DEFINITION_REPRESENTATION(#1138,#1119);
#1138 = PRODUCT_DEFINITION_SHAPE('','',#1139);
#1139 = PRODUCT_DEFINITION('design','',#1140,#1143);
#1140 = PRODUCT_DEFINITION_FORMATION('','',#1141);
#1141 = PRODUCT('C7','C7','',(#1142));
#1142 = PRODUCT_CONTEXT('',#2,'mechanical');
#1143 = PRODUCT_DEFINITION_CONTEXT('part definition',#2,'design');
#1144 = CONTEXT_DEPENDENT_SHAPE_REPRESENTATION(#1145,#1147);
#1145 = ( REPRESENTATION_RELATIONSHIP('','',#1119,#10) 
REPRESENTATION_RELATIONSHIP_WITH_TRANSFORMATION(#1146) 
SHAPE_REPRESENTATION_RELATIONSHIP() );
#1146 = ITEM_DEFINED_TRANSFORMATION('','',#11,#87);
#1147 = PRODUCT_DEFINITION_SHAPE('Placement','Placement of an item',
  #1148);
#1148 = NEXT_ASSEMBLY_USAGE_OCCURRENCE('19','=>[0:1:1:20]','',#5,#1139,$
  );
#1149 = PRODUCT_RELATED_PRODUCT_CATEGORY('part',$,(#1141));
#1150 = ADVANCED_BREP_SHAPE_REPRESENTATION('',(#11,#1151),#1163);
#1151 = MANIFOLD_SOLID_BREP('',#1152);
#1152 = CLOSED_SHELL('',(#1153));
#1153 = ADVANCED_FACE('',(#1154),#1158,.T.);
#1154 = FACE_BOUND('',#1155,.T.);
#1155 = VERTEX_LOOP('',#1156);
#1156 = VERTEX_POINT('',#1157);
#1157 = CARTESIAN_POINT('',(1.071565949254E-17,-2.624579619658E-33,
    -0.175));
#1158 = SPHERICAL_SURFACE('',#1159,0.175);
#1159 = AXIS2_PLACEMENT_3D('',#1160,#1161,#1162);
#1160 = CARTESIAN_POINT('',(0.,0.,0.));
#1161 = DIRECTION('',(0.,0.,1.));
#1162 = DIRECTION('',(1.,0.,-0.));
#1163 = ( GEOMETRIC_REPRESENTATION_CONTEXT(3) 
GLOBAL_UNCERTAINTY_ASSIGNED_CONTEXT((#1167)) 
GLOBAL_UNIT_ASSIGNED_CONTEXT((#1164,#1165,#1166)) REPRESENTATION_CONTEXT
('Context #1','3D Context with UNIT and UNCERTAINTY') );
#1164 = ( LENGTH_UNIT() NAMED_UNIT(*) SI_UNIT(.MILLI.,.METRE.) );
#1165 = ( NAMED_UNIT(*) PLANE_ANGLE_UNIT() SI_UNIT($,.RADIAN.) );
#1166 = ( NAMED_UNIT(*) SI_UNIT($,.STERADIAN.) SOLID_ANGLE_UNIT() );
#1167 = UNCERTAINTY_MEASURE_WITH_UNIT(LENGTH_MEASURE(1.E-07),#1164,
  'distance_accuracy_value','confusion accuracy');
#1168 = SHAPE_DEFINITION_REPRESENTATION(#1169,#1150);
#1169 = PRODUCT_DEFINITION_SHAPE('','',#1170);
#1170 = PRODUCT_DEFINITION('design','',#1171,#1174);
#1171 = PRODUCT_DEFINITION_FORMATION('','',#1172);
#1172 = PRODUCT('C8','C8','',(#1173));
#1173 = PRODUCT_CONTEXT('',#2,'mechanical');
#1174 = PRODUCT_DEFINITION_CONTEXT('part definition',#2,'design');
#1175 = CONTEXT_DEPENDENT_SHAPE_REPRESENTATION(#1176,#1178);
#1176 = ( REPRESENTATION_RELATIONSHIP('','',#1150,#10) 
REPRESENTATION_RELATIONSHIP_WITH_TRANSFORMATION(#1177) 
SHAPE_REPRESENTATION_RELATIONSHIP() );
#1177 = ITEM_DEFINED_TRANSFORMATION('','',#11,#91);
#1178 = PRODUCT_DEFINITION_SHAPE('Placement','Placement of an item',
  #1179);
#1179 = NEXT_ASSEMBLY_USAGE_OCCURRENCE('20','=>[0:1:1:21]','',#5,#1170,$
  );
#1180 = PRODUCT_RELATED_PRODUCT_CATEGORY('part',$,(#1172));
#1181 = ADVANCED_BREP_SHAPE_REPRESENTATION('',(#11,#1182),#1194);
#1182 = MANIFOLD_SOLID_BREP('',#1183);
#1183 = CLOSED_SHELL('',(#1184));
#1184 = ADVANCED_FACE('',(#1185),#1189,.T.);
#1185 = FACE_BOUND('',#1186,.T.);
#1186 = VERTEX_LOOP('',#1187);
#1187 = VERTEX_POINT('',#1188);
#1188 = CARTESIAN_POINT('',(1.071565949254E-17,-2.624579619658E-33,
    -0.175));
#1189 = SPHERICAL_SURFACE('',#1190,0.175);
#1190 = AXIS2_PLACEMENT_3D('',#1191,#1192,#1193);
#1191 = CARTESIAN_POINT('',(0.,0.,0.));
#1192 = DIRECTION('',(0.,0.,1.));
#1193 = DIRECTION('',(1.,0.,-0.));
#1194 = ( GEOMETRIC_REPRESENTATION_CONTEXT(3) 
GLOBAL_UNCERTAINTY_ASSIGNED_CONTEXT((#1198)) 
GLOBAL_UNIT_ASSIGNED_CONTEXT((#1195,#1196,#1197)) REPRESENTATION_CONTEXT
('Context #1','3D Context with UNIT and UNCERTAINTY') );
#1195 = ( LENGTH_UNIT() NAMED_UNIT(*) SI_UNIT(.MILLI.,.METRE.) );
#1196 = ( NAMED_UNIT(*) PLANE_ANGLE_UNIT() SI_UNIT($,.RADIAN.) );
#1197 = ( NAMED_UNIT(*) SI_UNIT($,.STERADIAN.) SOLID_ANGLE_UNIT() );
#1198 = UNCERTAINTY_MEASURE_WITH_UNIT(LENGTH_MEASURE(1.E-07),#1195,
  'distance_accuracy_value','confusion accuracy');
#1199 = SHAPE_DEFINITION_REPRESENTATION(#1200,#1181);
#1200 = PRODUCT_DEFINITION_SHAPE('','',#1201);
#1201 = PRODUCT_DEFINITION('design','',#1202,#1205);
#1202 = PRODUCT_DEFINITION_FORMATION('','',#1203);
#1203 = PRODUCT('C9','C9','',(#1204));
#1204 = PRODUCT_CONTEXT('',#2,'mechanical');
#1205 = PRODUCT_DEFINITION_CONTEXT('part definition',#2,'design');
#1206 = CONTEXT_DEPENDENT_SHAPE_REPRESENTATION(#1207,#1209);
#1207 = ( REPRESENTATION_RELATIONSHIP('','',#1181,#10) 
REPRESENTATION_RELATIONSHIP_WITH_TRANSFORMATION(#1208) 
SHAPE_REPRESENTATION_RELATIONSHIP() );
#1208 = ITEM_DEFINED_TRANSFORMATION('','',#11,#95);
#1209 = PRODUCT_DEFINITION_SHAPE('Placement','Placement of an item',
  #1210);
#1210 = NEXT_ASSEMBLY_USAGE_OCCURRENCE('21','=>[0:1:1:22]','',#5,#1201,$
  );
#1211 = PRODUCT_RELATED_PRODUCT_CATEGORY('part',$,(#1203));
#1212 = ADVANCED_BREP_SHAPE_REPRESENTATION('',(#11,#1213),#1225);
#1213 = MANIFOLD_SOLID_BREP('',#1214);
#1214 = CLOSED_SHELL('',(#1215));
#1215 = ADVANCED_FACE('',(#1216),#1220,.T.);
#1216 = FACE_BOUND('',#1217,.T.);
#1217 = VERTEX_LOOP('',#1218);
#1218 = VERTEX_POINT('',#1219);
#1219 = CARTESIAN_POINT('',(1.071565949254E-17,-2.624579619658E-33,
    -0.175));
#1220 = SPHERICAL_SURFACE('',#1221,0.175);
#1221 = AXIS2_PLACEMENT_3D('',#1222,#1223,#1224);
#1222 = CARTESIAN_POINT('',(0.,0.,0.));
#1223 = DIRECTION('',(0.,0.,1.));
#1224 = DIRECTION('',(1.,0.,-0.));
#1225 = ( GEOMETRIC_REPRESENTATION_CONTEXT(3) 
GLOBAL_UNCERTAINTY_ASSIGNED_CONTEXT((#1229)) 
GLOBAL_UNIT_ASSIGNED_CONTEXT((#1226,#1227,#1228)) REPRESENTATION_CONTEXT
('Context #1','3D Context with UNIT and UNCERTAINTY') );
#1226 = ( LENGTH_UNIT() NAMED_UNIT(*) SI_UNIT(.MILLI.,.METRE.) );
#1227 = ( NAMED_UNIT(*) PLANE_ANGLE_UNIT() SI_UNIT($,.RADIAN.) );
#1228 = ( NAMED_UNIT(*) SI_UNIT($,.STERADIAN.) SOLID_ANGLE_UNIT() );
#1229 = UNCERTAINTY_MEASURE_WITH_UNIT(LENGTH_MEASURE(1.E-07),#1226,
  'distance_accuracy_value','confusion accuracy');
#1230 = SHAPE_DEFINITION_REPRESENTATION(#1231,#1212);
#1231 = PRODUCT_DEFINITION_SHAPE('','',#1232);
#1232 = PRODUCT_DEFINITION('design','',#1233,#1236);
#1233 = PRODUCT_DEFINITION_FORMATION('','',#1234);
#1234 = PRODUCT('C10','C10','',(#1235));
#1235 = PRODUCT_CONTEXT('',#2,'mechanical');
#1236 = PRODUCT_DEFINITION_CONTEXT('part definition',#2,'design');
#1237 = CONTEXT_DEPENDENT_SHAPE_REPRESENTATION(#1238,#1240);
#1238 = ( REPRESENTATION_RELATIONSHIP('','',#1212,#10) 
REPRESENTATION_RELATIONSHIP_WITH_TRANSFORMATION(#1239) 
SHAPE_REPRESENTATION_RELATIONSHIP() );
#1239 = ITEM_DEFINED_TRANSFORMATION('','',#11,#99);
#1240 = PRODUCT_DEFINITION_SHAPE('Placement','Placement of an item',
  #1241);
#1241 = NEXT_ASSEMBLY_USAGE_OCCURRENCE('22','=>[0:1:1:23]','',#5,#1232,$
  );
#1242 = PRODUCT_RELATED_PRODUCT_CATEGORY('part',$,(#1234));
#1243 = ADVANCED_BREP_SHAPE_REPRESENTATION('',(#11,#1244),#1256);
#1244 = MANIFOLD_SOLID_BREP('',#1245);
#1245 = CLOSED_SHELL('',(#1246));
#1246 = ADVANCED_FACE('',(#1247),#1251,.T.);
#1247 = FACE_BOUND('',#1248,.T.);
#1248 = VERTEX_LOOP('',#1249);
#1249 = VERTEX_POINT('',#1250);
#1250 = CARTESIAN_POINT('',(1.071565949254E-17,-2.624579619658E-33,
    -0.175));
#1251 = SPHERICAL_SURFACE('',#1252,0.175);
#1252 = AXIS2_PLACEMENT_3D('',#1253,#1254,#1255);
#1253 = CARTESIAN_POINT('',(0.,0.,0.));
#1254 = DIRECTION('',(0.,0.,1.));
#1255 = DIRECTION('',(1.,0.,-0.));
#1256 = ( GEOMETRIC_REPRESENTATION_CONTEXT(3) 
GLOBAL_UNCERTAINTY_ASSIGNED_CONTEXT((#1260)) 
GLOBAL_UNIT_ASSIGNED_CONTEXT((#1257,#1258,#1259)) REPRESENTATION_CONTEXT
('Context #1','3D Context with UNIT and UNCERTAINTY') );
#1257 = ( LENGTH_UNIT() NAMED_UNIT(*) SI_UNIT(.MILLI.,.METRE.) );
#1258 = ( NAMED_UNIT(*) PLANE_ANGLE_UNIT() SI_UNIT($,.RADIAN.) );
#1259 = ( NAMED_UNIT(*) SI_UNIT($,.STERADIAN.) SOLID_ANGLE_UNIT() );
#1260 = UNCERTAINTY_MEASURE_WITH_UNIT(LENGTH_MEASURE(1.E-07),#1257,
  'distance_accuracy_value','confusion accuracy');
#1261 = SHAPE_DEFINITION_REPRESENTATION(#1262,#1243);
#1262 = PRODUCT_DEFINITION_SHAPE('','',#1263);
#1263 = PRODUCT_DEFINITION('design','',#1264,#1267);
#1264 = PRODUCT_DEFINITION_FORMATION('','',#1265);
#1265 = PRODUCT('D1','D1','',(#1266));
#1266 = PRODUCT_CONTEXT('',#2,'mechanical');
#1267 = PRODUCT_DEFINITION_CONTEXT('part definition',#2,'design');
#1268 = CONTEXT_DEPENDENT_SHAPE_REPRESENTATION(#1269,#1271);
#1269 = ( REPRESENTATION_RELATIONSHIP('','',#1243,#10) 
REPRESENTATION_RELATIONSHIP_WITH_TRANSFORMATION(#1270) 
SHAPE_REPRESENTATION_RELATIONSHIP() );
#1270 = ITEM_DEFINED_TRANSFORMATION('','',#11,#103);
#1271 = PRODUCT_DEFINITION_SHAPE('Placement','Placement of an item',
  #1272);
#1272 = NEXT_ASSEMBLY_USAGE_OCCURRENCE('23','=>[0:1:1:24]','',#5,#1263,$
  );
#1273 = PRODUCT_RELATED_PRODUCT_CATEGORY('part',$,(#1265));
#1274 = ADVANCED_BREP_SHAPE_REPRESENTATION('',(#11,#1275),#1287);
#1275 = MANIFOLD_SOLID_BREP('',#1276);
#1276 = CLOSED_SHELL('',(#1277));
#1277 = ADVANCED_FACE('',(#1278),#1282,.T.);
#1278 = FACE_BOUND('',#1279,.T.);
#1279 = VERTEX_LOOP('',#1280);
#1280 = VERTEX_POINT('',#1281);
#1281 = CARTESIAN_POINT('',(1.071565949254E-17,-2.624579619658E-33,
    -0.175));
#1282 = SPHERICAL_SURFACE('',#1283,0.175);
#1283 = AXIS2_PLACEMENT_3D('',#1284,#1285,#1286);
#1284 = CARTESIAN_POINT('',(0.,0.,0.));
#1285 = DIRECTION('',(0.,0.,1.));
#1286 = DIRECTION('',(1.,0.,-0.));
#1287 = ( GEOMETRIC_REPRESENTATION_CONTEXT(3) 
GLOBAL_UNCERTAINTY_ASSIGNED_CONTEXT((#1291)) 
GLOBAL_UNIT_ASSIGNED_CONTEXT((#1288,#1289,#1290)) REPRESENTATION_CONTEXT
('Context #1','3D Context with UNIT and UNCERTAINTY') );
#1288 = ( LENGTH_UNIT() NAMED_UNIT(*) SI_UNIT(.MILLI.,.METRE.) );
#1289 = ( NAMED_UNIT(*) PLANE_ANGLE_UNIT() SI_UNIT($,.RADIAN.) );
#1290 = ( NAMED_UNIT(*) SI_UNIT($,.STERADIAN.) SOLID_ANGLE_UNIT() );
#1291 = UNCERTAINTY_MEASURE_WITH_UNIT(LENGTH_MEASURE(1.E-07),#1288,
  'distance_accuracy_value','confusion accuracy');
#1292 = SHAPE_DEFINITION_REPRESENTATION(#1293,#1274);
#1293 = PRODUCT_DEFINITION_SHAPE('','',#1294);
#1294 = PRODUCT_DEFINITION('design','',#1295,#1298);
#1295 = PRODUCT_DEFINITION_FORMATION('','',#1296);
#1296 = PRODUCT('D2','D2','',(#1297));
#1297 = PRODUCT_CONTEXT('',#2,'mechanical');
#1298 = PRODUCT_DEFINITION_CONTEXT('part definition',#2,'design');
#1299 = CONTEXT_DEPENDENT_SHAPE_REPRESENTATION(#1300,#1302);
#1300 = ( REPRESENTATION_RELATIONSHIP('','',#1274,#10) 
REPRESENTATION_RELATIONSHIP_WITH_TRANSFORMATION(#1301) 
SHAPE_REPRESENTATION_RELATIONSHIP() );
#1301 = ITEM_DEFINED_TRANSFORMATION('','',#11,#107);
#1302 = PRODUCT_DEFINITION_SHAPE('Placement','Placement of an item',
  #1303);
#1303 = NEXT_ASSEMBLY_USAGE_OCCURRENCE('24','=>[0:1:1:25]','',#5,#1294,$
  );
#1304 = PRODUCT_RELATED_PRODUCT_CATEGORY('part',$,(#1296));
#1305 = ADVANCED_BREP_SHAPE_REPRESENTATION('',(#11,#1306),#1318);
#1306 = MANIFOLD_SOLID_BREP('',#1307);
#1307 = CLOSED_SHELL('',(#1308));
#1308 = ADVANCED_FACE('',(#1309),#1313,.T.);
#1309 = FACE_BOUND('',#1310,.T.);
#1310 = VERTEX_LOOP('',#1311);
#1311 = VERTEX_POINT('',#1312);
#1312 = CARTESIAN_POINT('',(1.071565949254E-17,-2.624579619658E-33,
    -0.175));
#1313 = SPHERICAL_SURFACE('',#1314,0.175);
#1314 = AXIS2_PLACEMENT_3D('',#1315,#1316,#1317);
#1315 = CARTESIAN_POINT('',(0.,0.,0.));
#1316 = DIRECTION('',(0.,0.,1.));
#1317 = DIRECTION('',(1.,0.,-0.));
#1318 = ( GEOMETRIC_REPRESENTATION_CONTEXT(3) 
GLOBAL_UNCERTAINTY_ASSIGNED_CONTEXT((#1322)) 
GLOBAL_UNIT_ASSIGNED_CONTEXT((#1319,#1320,#1321)) REPRESENTATION_CONTEXT
('Context #1','3D Context with UNIT and UNCERTAINTY') );
#1319 = ( LENGTH_UNIT() NAMED_UNIT(*) SI_UNIT(.MILLI.,.METRE.) );
#1320 = ( NAMED_UNIT(*) PLANE_ANGLE_UNIT() SI_UNIT($,.RADIAN.) );
#1321 = ( NAMED_UNIT(*) SI_UNIT($,.STERADIAN.) SOLID_ANGLE_UNIT() );
#1322 = UNCERTAINTY_MEASURE_WITH_UNIT(LENGTH_MEASURE(1.E-07),#1319,
  'distance_accuracy_value','confusion accuracy');
#1323 = SHAPE_DEFINITION_REPRESENTATION(#1324,#1305);
#1324 = PRODUCT_DEFINITION_SHAPE('','',#1325);
#1325 = PRODUCT_DEFINITION('design','',#1326,#1329);
#1326 = PRODUCT_DEFINITION_FORMATION('','',#1327);
#1327 = PRODUCT('D3','D3','',(#1328));
#1328 = PRODUCT_CONTEXT('',#2,'mechanical');
#1329 = PRODUCT_DEFINITION_CONTEXT('part definition',#2,'design');
#1330 = CONTEXT_DEPENDENT_SHAPE_REPRESENTATION(#1331,#1333);
#1331 = ( REPRESENTATION_RELATIONSHIP('','',#1305,#10) 
REPRESENTATION_RELATIONSHIP_WITH_TRANSFORMATION(#1332) 
SHAPE_REPRESENTATION_RELATIONSHIP() );
#1332 = ITEM_DEFINED_TRANSFORMATION('','',#11,#111);
#1333 = PRODUCT_DEFINITION_SHAPE('Placement','Placement of an item',
  #1334);
#1334 = NEXT_ASSEMBLY_USAGE_OCCURRENCE('25','=>[0:1:1:26]','',#5,#1325,$
  );
#1335 = PRODUCT_RELATED_PRODUCT_CATEGORY('part',$,(#1327));
#1336 = ADVANCED_BREP_SHAPE_REPRESENTATION('',(#11,#1337),#1349);
#1337 = MANIFOLD_SOLID_BREP('',#1338);
#1338 = CLOSED_SHELL('',(#1339));
#1339 = ADVANCED_FACE('',(#1340),#1344,.T.);
#1340 = FACE_BOUND('',#1341,.T.);
#1341 = VERTEX_LOOP('',#1342);
#1342 = VERTEX_POINT('',#1343);
#1343 = CARTESIAN_POINT('',(1.071565949254E-17,-2.624579619658E-33,
    -0.175));
#1344 = SPHERICAL_SURFACE('',#1345,0.175);
#1345 = AXIS2_PLACEMENT_3D('',#1346,#1347,#1348);
#1346 = CARTESIAN_POINT('',(0.,0.,0.));
#1347 = DIRECTION('',(0.,0.,1.));
#1348 = DIRECTION('',(1.,0.,-0.));
#1349 = ( GEOMETRIC_REPRESENTATION_CONTEXT(3) 
GLOBAL_UNCERTAINTY_ASSIGNED_CONTEXT((#1353)) 
GLOBAL_UNIT_ASSIGNED_CONTEXT((#1350,#1351,#1352)) REPRESENTATION_CONTEXT
('Context #1','3D Context with UNIT and UNCERTAINTY') );
#1350 = ( LENGTH_UNIT() NAMED_UNIT(*) SI_UNIT(.MILLI.,.METRE.) );
#1351 = ( NAMED_UNIT(*) PLANE_ANGLE_UNIT() SI_UNIT($,.RADIAN.) );
#1352 = ( NAMED_UNIT(*) SI_UNIT($,.STERADIAN.) SOLID_ANGLE_UNIT() );
#1353 = UNCERTAINTY_MEASURE_WITH_UNIT(LENGTH_MEASURE(1.E-07),#1350,
  'distance_accuracy_value','confusion accuracy');
#1354 = SHAPE_DEFINITION_REPRESENTATION(#1355,#1336);
#1355 = PRODUCT_DEFINITION_SHAPE('','',#1356);
#1356 = PRODUCT_DEFINITION('design','',#1357,#1360);
#1357 = PRODUCT_DEFINITION_FORMATION('','',#1358);
#1358 = PRODUCT('D5','D5','',(#1359));
#1359 = PRODUCT_CONTEXT('',#2,'mechanical');
#1360 = PRODUCT_DEFINITION_CONTEXT('part definition',#2,'design');
#1361 = CONTEXT_DEPENDENT_SHAPE_REPRESENTATION(#1362,#1364);
#1362 = ( REPRESENTATION_RELATIONSHIP('','',#1336,#10) 
REPRESENTATION_RELATIONSHIP_WITH_TRANSFORMATION(#1363) 
SHAPE_REPRESENTATION_RELATIONSHIP() );
#1363 = ITEM_DEFINED_TRANSFORMATION('','',#11,#115);
#1364 = PRODUCT_DEFINITION_SHAPE('Placement','Placement of an item',
  #1365);
#1365 = NEXT_ASSEMBLY_USAGE_OCCURRENCE('26','=>[0:1:1:27]','',#5,#1356,$
  );
#1366 = PRODUCT_RELATED_PRODUCT_CATEGORY('part',$,(#1358));
#1367 = ADVANCED_BREP_SHAPE_REPRESENTATION('',(#11,#1368),#1380);
#1368 = MANIFOLD_SOLID_BREP('',#1369);
#1369 = CLOSED_SHELL('',(#1370));
#1370 = ADVANCED_FACE('',(#1371),#1375,.T.);
#1371 = FACE_BOUND('',#1372,.T.);
#1372 = VERTEX_LOOP('',#1373);
#1373 = VERTEX_POINT('',#1374);
#1374 = CARTESIAN_POINT('',(1.071565949254E-17,-2.624579619658E-33,
    -0.175));
#1375 = SPHERICAL_SURFACE('',#1376,0.175);
#1376 = AXIS2_PLACEMENT_3D('',#1377,#1378,#1379);
#1377 = CARTESIAN_POINT('',(0.,0.,0.));
#1378 = DIRECTION('',(0.,0.,1.));
#1379 = DIRECTION('',(1.,0.,-0.));
#1380 = ( GEOMETRIC_REPRESENTATION_CONTEXT(3) 
GLOBAL_UNCERTAINTY_ASSIGNED_CONTEXT((#1384)) 
GLOBAL_UNIT_ASSIGNED_CONTEXT((#1381,#1382,#1383)) REPRESENTATION_CONTEXT
('Context #1','3D Context with UNIT and UNCERTAINTY') );
#1381 = ( LENGTH_UNIT() NAMED_UNIT(*) SI_UNIT(.MILLI.,.METRE.) );
#1382 = ( NAMED_UNIT(*) PLANE_ANGLE_UNIT() SI_UNIT($,.RADIAN.) );
#1383 = ( NAMED_UNIT(*) SI_UNIT($,.STERADIAN.) SOLID_ANGLE_UNIT() );
#1384 = UNCERTAINTY_MEASURE_WITH_UNIT(LENGTH_MEASURE(1.E-07),#1381,
  'distance_accuracy_value','confusion accuracy');
#1385 = SHAPE_DEFINITION_REPRESENTATION(#1386,#1367);
#1386 = PRODUCT_DEFINITION_SHAPE('','',#1387);
#1387 = PRODUCT_DEFINITION('design','',#1388,#1391);
#1388 = PRODUCT_DEFINITION_FORMATION('','',#1389);
#1389 = PRODUCT('D6','D6','',(#1390));
#1390 = PRODUCT_CONTEXT('',#2,'mechanical');
#1391 = PRODUCT_DEFINITION_CONTEXT('part definition',#2,'design');
#1392 = CONTEXT_DEPENDENT_SHAPE_REPRESENTATION(#1393,#1395);
#1393 = ( REPRESENTATION_RELATIONSHIP('','',#1367,#10) 
REPRESENTATION_RELATIONSHIP_WITH_TRANSFORMATION(#1394) 
SHAPE_REPRESENTATION_RELATIONSHIP() );
#1394 = ITEM_DEFINED_TRANSFORMATION('','',#11,#119);
#1395 = PRODUCT_DEFINITION_SHAPE('Placement','Placement of an item',
  #1396);
#1396 = NEXT_ASSEMBLY_USAGE_OCCURRENCE('27','=>[0:1:1:28]','',#5,#1387,$
  );
#1397 = PRODUCT_RELATED_PRODUCT_CATEGORY('part',$,(#1389));
#1398 = ADVANCED_BREP_SHAPE_REPRESENTATION('',(#11,#1399),#1411);
#1399 = MANIFOLD_SOLID_BREP('',#1400);
#1400 = CLOSED_SHELL('',(#1401));
#1401 = ADVANCED_FACE('',(#1402),#1406,.T.);
#1402 = FACE_BOUND('',#1403,.T.);
#1403 = VERTEX_LOOP('',#1404);
#1404 = VERTEX_POINT('',#1405);
#1405 = CARTESIAN_POINT('',(1.071565949254E-17,-2.624579619658E-33,
    -0.175));
#1406 = SPHERICAL_SURFACE('',#1407,0.175);
#1407 = AXIS2_PLACEMENT_3D('',#1408,#1409,#1410);
#1408 = CARTESIAN_POINT('',(0.,0.,0.));
#1409 = DIRECTION('',(0.,0.,1.));
#1410 = DIRECTION('',(1.,0.,-0.));
#1411 = ( GEOMETRIC_REPRESENTATION_CONTEXT(3) 
GLOBAL_UNCERTAINTY_ASSIGNED_CONTEXT((#1415)) 
GLOBAL_UNIT_ASSIGNED_CONTEXT((#1412,#1413,#1414)) REPRESENTATION_CONTEXT
('Context #1','3D Context with UNIT and UNCERTAINTY') );
#1412 = ( LENGTH_UNIT() NAMED_UNIT(*) SI_UNIT(.MILLI.,.METRE.) );
#1413 = ( NAMED_UNIT(*) PLANE_ANGLE_UNIT() SI_UNIT($,.RADIAN.) );
#1414 = ( NAMED_UNIT(*) SI_UNIT($,.STERADIAN.) SOLID_ANGLE_UNIT() );
#1415 = UNCERTAINTY_MEASURE_WITH_UNIT(LENGTH_MEASURE(1.E-07),#1412,
  'distance_accuracy_value','confusion accuracy');
#1416 = SHAPE_DEFINITION_REPRESENTATION(#1417,#1398);
#1417 = PRODUCT_DEFINITION_SHAPE('','',#1418);
#1418 = PRODUCT_DEFINITION('design','',#1419,#1422);
#1419 = PRODUCT_DEFINITION_FORMATION('','',#1420);
#1420 = PRODUCT('D7','D7','',(#1421));
#1421 = PRODUCT_CONTEXT('',#2,'mechanical');
#1422 = PRODUCT_DEFINITION_CONTEXT('part definition',#2,'design');
#1423 = CONTEXT_DEPENDENT_SHAPE_REPRESENTATION(#1424,#1426);
#1424 = ( REPRESENTATION_RELATIONSHIP('','',#1398,#10) 
REPRESENTATION_RELATIONSHIP_WITH_TRANSFORMATION(#1425) 
SHAPE_REPRESENTATION_RELATIONSHIP() );
#1425 = ITEM_DEFINED_TRANSFORMATION('','',#11,#123);
#1426 = PRODUCT_DEFINITION_SHAPE('Placement','Placement of an item',
  #1427);
#1427 = NEXT_ASSEMBLY_USAGE_OCCURRENCE('28','=>[0:1:1:29]','',#5,#1418,$
  );
#1428 = PRODUCT_RELATED_PRODUCT_CATEGORY('part',$,(#1420));
#1429 = ADVANCED_BREP_SHAPE_REPRESENTATION('',(#11,#1430),#1442);
#1430 = MANIFOLD_SOLID_BREP('',#1431);
#1431 = CLOSED_SHELL('',(#1432));
#1432 = ADVANCED_FACE('',(#1433),#1437,.T.);
#1433 = FACE_BOUND('',#1434,.T.);
#1434 = VERTEX_LOOP('',#1435);
#1435 = VERTEX_POINT('',#1436);
#1436 = CARTESIAN_POINT('',(1.071565949254E-17,-2.624579619658E-33,
    -0.175));
#1437 = SPHERICAL_SURFACE('',#1438,0.175);
#1438 = AXIS2_PLACEMENT_3D('',#1439,#1440,#1441);
#1439 = CARTESIAN_POINT('',(0.,0.,0.));
#1440 = DIRECTION('',(0.,0.,1.));
#1441 = DIRECTION('',(1.,0.,-0.));
#1442 = ( GEOMETRIC_REPRESENTATION_CONTEXT(3) 
GLOBAL_UNCERTAINTY_ASSIGNED_CONTEXT((#1446)) 
GLOBAL_UNIT_ASSIGNED_CONTEXT((#1443,#1444,#1445)) REPRESENTATION_CONTEXT
('Context #1','3D Context with UNIT and UNCERTAINTY') );
#1443 = ( LENGTH_UNIT() NAMED_UNIT(*) SI_UNIT(.MILLI.,.METRE.) );
#1444 = ( NAMED_UNIT(*) PLANE_ANGLE_UNIT() SI_UNIT($,.RADIAN.) );
#1445 = ( NAMED_UNIT(*) SI_UNIT($,.STERADIAN.) SOLID_ANGLE_UNIT() );
#1446 = UNCERTAINTY_MEASURE_WITH_UNIT(LENGTH_MEASURE(1.E-07),#1443,
  'distance_accuracy_value','confusion accuracy');
#1447 = SHAPE_DEFINITION_REPRESENTATION(#1448,#1429);
#1448 = PRODUCT_DEFINITION_SHAPE('','',#1449);
#1449 = PRODUCT_DEFINITION('design','',#1450,#1453);
#1450 = PRODUCT_DEFINITION_FORMATION('','',#1451);
#1451 = PRODUCT('D8','D8','',(#1452));
#1452 = PRODUCT_CONTEXT('',#2,'mechanical');
#1453 = PRODUCT_DEFINITION_CONTEXT('part definition',#2,'design');
#1454 = CONTEXT_DEPENDENT_SHAPE_REPRESENTATION(#1455,#1457);
#1455 = ( REPRESENTATION_RELATIONSHIP('','',#1429,#10) 
REPRESENTATION_RELATIONSHIP_WITH_TRANSFORMATION(#1456) 
SHAPE_REPRESENTATION_RELATIONSHIP() );
#1456 = ITEM_DEFINED_TRANSFORMATION('','',#11,#127);
#1457 = PRODUCT_DEFINITION_SHAPE('Placement','Placement of an item',
  #1458);
#1458 = NEXT_ASSEMBLY_USAGE_OCCURRENCE('29','=>[0:1:1:30]','',#5,#1449,$
  );
#1459 = PRODUCT_RELATED_PRODUCT_CATEGORY('part',$,(#1451));
#1460 = ADVANCED_BREP_SHAPE_REPRESENTATION('',(#11,#1461),#1473);
#1461 = MANIFOLD_SOLID_BREP('',#1462);
#1462 = CLOSED_SHELL('',(#1463));
#1463 = ADVANCED_FACE('',(#1464),#1468,.T.);
#1464 = FACE_BOUND('',#1465,.T.);
#1465 = VERTEX_LOOP('',#1466);
#1466 = VERTEX_POINT('',#1467);
#1467 = CARTESIAN_POINT('',(1.071565949254E-17,-2.624579619658E-33,
    -0.175));
#1468 = SPHERICAL_SURFACE('',#1469,0.175);
#1469 = AXIS2_PLACEMENT_3D('',#1470,#1471,#1472);
#1470 = CARTESIAN_POINT('',(0.,0.,0.));
#1471 = DIRECTION('',(0.,0.,1.));
#1472 = DIRECTION('',(1.,0.,-0.));
#1473 = ( GEOMETRIC_REPRESENTATION_CONTEXT(3) 
GLOBAL_UNCERTAINTY_ASSIGNED_CONTEXT((#1477)) 
GLOBAL_UNIT_ASSIGNED_CONTEXT((#1474,#1475,#1476)) REPRESENTATION_CONTEXT
('Context #1','3D Context with UNIT and UNCERTAINTY') );
#1474 = ( LENGTH_UNIT() NAMED_UNIT(*) SI_UNIT(.MILLI.,.METRE.) );
#1475 = ( NAMED_UNIT(*) PLANE_ANGLE_UNIT() SI_UNIT($,.RADIAN.) );
#1476 = ( NAMED_UNIT(*) SI_UNIT($,.STERADIAN.) SOLID_ANGLE_UNIT() );
#1477 = UNCERTAINTY_MEASURE_WITH_UNIT(LENGTH_MEASURE(1.E-07),#1474,
  'distance_accuracy_value','confusion accuracy');
#1478 = SHAPE_DEFINITION_REPRESENTATION(#1479,#1460);
#1479 = PRODUCT_DEFINITION_SHAPE('','',#1480);
#1480 = PRODUCT_DEFINITION('design','',#1481,#1484);
#1481 = PRODUCT_DEFINITION_FORMATION('','',#1482);
#1482 = PRODUCT('D9','D9','',(#1483));
#1483 = PRODUCT_CONTEXT('',#2,'mechanical');
#1484 = PRODUCT_DEFINITION_CONTEXT('part definition',#2,'design');
#1485 = CONTEXT_DEPENDENT_SHAPE_REPRESENTATION(#1486,#1488);
#1486 = ( REPRESENTATION_RELATIONSHIP('','',#1460,#10) 
REPRESENTATION_RELATIONSHIP_WITH_TRANSFORMATION(#1487) 
SHAPE_REPRESENTATION_RELATIONSHIP() );
#1487 = ITEM_DEFINED_TRANSFORMATION('','',#11,#131);
#1488 = PRODUCT_DEFINITION_SHAPE('Placement','Placement of an item',
  #1489);
#1489 = NEXT_ASSEMBLY_USAGE_OCCURRENCE('30','=>[0:1:1:31]','',#5,#1480,$
  );
#1490 = PRODUCT_RELATED_PRODUCT_CATEGORY('part',$,(#1482));
#1491 = ADVANCED_BREP_SHAPE_REPRESENTATION('',(#11,#1492),#1504);
#1492 = MANIFOLD_SOLID_BREP('',#1493);
#1493 = CLOSED_SHELL('',(#1494));
#1494 = ADVANCED_FACE('',(#1495),#1499,.T.);
#1495 = FACE_BOUND('',#1496,.T.);
#1496 = VERTEX_LOOP('',#1497);
#1497 = VERTEX_POINT('',#1498);
#1498 = CARTESIAN_POINT('',(1.071565949254E-17,-2.624579619658E-33,
    -0.175));
#1499 = SPHERICAL_SURFACE('',#1500,0.175);
#1500 = AXIS2_PLACEMENT_3D('',#1501,#1502,#1503);
#1501 = CARTESIAN_POINT('',(0.,0.,0.));
#1502 = DIRECTION('',(0.,0.,1.));
#1503 = DIRECTION('',(1.,0.,-0.));
#1504 = ( GEOMETRIC_REPRESENTATION_CONTEXT(3) 
GLOBAL_UNCERTAINTY_ASSIGNED_CONTEXT((#1508)) 
GLOBAL_UNIT_ASSIGNED_CONTEXT((#1505,#1506,#1507)) REPRESENTATION_CONTEXT
('Context #1','3D Context with UNIT and UNCERTAINTY') );
#1505 = ( LENGTH_UNIT() NAMED_UNIT(*) SI_UNIT(.MILLI.,.METRE.) );
#1506 = ( NAMED_UNIT(*) PLANE_ANGLE_UNIT() SI_UNIT($,.RADIAN.) );
#1507 = ( NAMED_UNIT(*) SI_UNIT($,.STERADIAN.) SOLID_ANGLE_UNIT() );
#1508 = UNCERTAINTY_MEASURE_WITH_UNIT(LENGTH_MEASURE(1.E-07),#1505,
  'distance_accuracy_value','confusion accuracy');
#1509 = SHAPE_DEFINITION_REPRESENTATION(#1510,#1491);
#1510 = PRODUCT_DEFINITION_SHAPE('','',#1511);
#1511 = PRODUCT_DEFINITION('design','',#1512,#1515);
#1512 = PRODUCT_DEFINITION_FORMATION('','',#1513);
#1513 = PRODUCT('D10','D10','',(#1514));
#1514 = PRODUCT_CONTEXT('',#2,'mechanical');
#1515 = PRODUCT_DEFINITION_CONTEXT('part definition',#2,'design');
#1516 = CONTEXT_DEPENDENT_SHAPE_REPRESENTATION(#1517,#1519);
#1517 = ( REPRESENTATION_RELATIONSHIP('','',#1491,#10) 
REPRESENTATION_RELATIONSHIP_WITH_TRANSFORMATION(#1518) 
SHAPE_REPRESENTATION_RELATIONSHIP() );
#1518 = ITEM_DEFINED_TRANSFORMATION('','',#11,#135);
#1519 = PRODUCT_DEFINITION_SHAPE('Placement','Placement of an item',
  #1520);
#1520 = NEXT_ASSEMBLY_USAGE_OCCURRENCE('31','=>[0:1:1:32]','',#5,#1511,$
  );
#1521 = PRODUCT_RELATED_PRODUCT_CATEGORY('part',$,(#1513));
#1522 = ADVANCED_BREP_SHAPE_REPRESENTATION('',(#11,#1523),#1535);
#1523 = MANIFOLD_SOLID_BREP('',#1524);
#1524 = CLOSED_SHELL('',(#1525));
#1525 = ADVANCED_FACE('',(#1526),#1530,.T.);
#1526 = FACE_BOUND('',#1527,.T.);
#1527 = VERTEX_LOOP('',#1528);
#1528 = VERTEX_POINT('',#1529);
#1529 = CARTESIAN_POINT('',(1.071565949254E-17,-2.624579619658E-33,
    -0.175));
#1530 = SPHERICAL_SURFACE('',#1531,0.175);
#1531 = AXIS2_PLACEMENT_3D('',#1532,#1533,#1534);
#1532 = CARTESIAN_POINT('',(0.,0.,0.));
#1533 = DIRECTION('',(0.,0.,1.));
#1534 = DIRECTION('',(1.,0.,-0.));
#1535 = ( GEOMETRIC_REPRESENTATION_CONTEXT(3) 
GLOBAL_UNCERTAINTY_ASSIGNED_CONTEXT((#1539)) 
GLOBAL_UNIT_ASSIGNED_CONTEXT((#1536,#1537,#1538)) REPRESENTATION_CONTEXT
('Context #1','3D Context with UNIT and UNCERTAINTY') );
#1536 = ( LENGTH_UNIT() NAMED_UNIT(*) SI_UNIT(.MILLI.,.METRE.) );
#1537 = ( NAMED_UNIT(*) PLANE_ANGLE_UNIT() SI_UNIT($,.RADIAN.) );
#1538 = ( NAMED_UNIT(*) SI_UNIT($,.STERADIAN.) SOLID_ANGLE_UNIT() );
#1539 = UNCERTAINTY_MEASURE_WITH_UNIT(LENGTH_MEASURE(1.E-07),#1536,
  'distance_accuracy_value','confusion accuracy');
#1540 = SHAPE_DEFINITION_REPRESENTATION(#1541,#1522);
#1541 = PRODUCT_DEFINITION_SHAPE('','',#1542);
#1542 = PRODUCT_DEFINITION('design','',#1543,#1546);
#1543 = PRODUCT_DEFINITION_FORMATION('','',#1544);
#1544 = PRODUCT('E1','E1','',(#1545));
#1545 = PRODUCT_CONTEXT('',#2,'mechanical');
#1546 = PRODUCT_DEFINITION_CONTEXT('part definition',#2,'design');
#1547 = CONTEXT_DEPENDENT_SHAPE_REPRESENTATION(#1548,#1550);
#1548 = ( REPRESENTATION_RELATIONSHIP('','',#1522,#10) 
REPRESENTATION_RELATIONSHIP_WITH_TRANSFORMATION(#1549) 
SHAPE_REPRESENTATION_RELATIONSHIP() );
#1549 = ITEM_DEFINED_TRANSFORMATION('','',#11,#139);
#1550 = PRODUCT_DEFINITION_SHAPE('Placement','Placement of an item',
  #1551);
#1551 = NEXT_ASSEMBLY_USAGE_OCCURRENCE('32','=>[0:1:1:33]','',#5,#1542,$
  );
#1552 = PRODUCT_RELATED_PRODUCT_CATEGORY('part',$,(#1544));
#1553 = ADVANCED_BREP_SHAPE_REPRESENTATION('',(#11,#1554),#1566);
#1554 = MANIFOLD_SOLID_BREP('',#1555);
#1555 = CLOSED_SHELL('',(#1556));
#1556 = ADVANCED_FACE('',(#1557),#1561,.T.);
#1557 = FACE_BOUND('',#1558,.T.);
#1558 = VERTEX_LOOP('',#1559);
#1559 = VERTEX_POINT('',#1560);
#1560 = CARTESIAN_POINT('',(1.071565949254E-17,-2.624579619658E-33,
    -0.175));
#1561 = SPHERICAL_SURFACE('',#1562,0.175);
#1562 = AXIS2_PLACEMENT_3D('',#1563,#1564,#1565);
#1563 = CARTESIAN_POINT('',(0.,0.,0.));
#1564 = DIRECTION('',(0.,0.,1.));
#1565 = DIRECTION('',(1.,0.,-0.));
#1566 = ( GEOMETRIC_REPRESENTATION_CONTEXT(3) 
GLOBAL_UNCERTAINTY_ASSIGNED_CONTEXT((#1570)) 
GLOBAL_UNIT_ASSIGNED_CONTEXT((#1567,#1568,#1569)) REPRESENTATION_CONTEXT
('Context #1','3D Context with UNIT and UNCERTAINTY') );
#1567 = ( LENGTH_UNIT() NAMED_UNIT(*) SI_UNIT(.MILLI.,.METRE.) );
#1568 = ( NAMED_UNIT(*) PLANE_ANGLE_UNIT() SI_UNIT($,.RADIAN.) );
#1569 = ( NAMED_UNIT(*) SI_UNIT($,.STERADIAN.) SOLID_ANGLE_UNIT() );
#1570 = UNCERTAINTY_MEASURE_WITH_UNIT(LENGTH_MEASURE(1.E-07),#1567,
  'distance_accuracy_value','confusion accuracy');
#1571 = SHAPE_DEFINITION_REPRESENTATION(#1572,#1553);
#1572 = PRODUCT_DEFINITION_SHAPE('','',#1573);
#1573 = PRODUCT_DEFINITION('design','',#1574,#1577);
#1574 = PRODUCT_DEFINITION_FORMATION('','',#1575);
#1575 = PRODUCT('E2','E2','',(#1576));
#1576 = PRODUCT_CONTEXT('',#2,'mechanical');
#1577 = PRODUCT_DEFINITION_CONTEXT('part definition',#2,'design');
#1578 = CONTEXT_DEPENDENT_SHAPE_REPRESENTATION(#1579,#1581);
#1579 = ( REPRESENTATION_RELATIONSHIP('','',#1553,#10) 
REPRESENTATION_RELATIONSHIP_WITH_TRANSFORMATION(#1580) 
SHAPE_REPRESENTATION_RELATIONSHIP() );
#1580 = ITEM_DEFINED_TRANSFORMATION('','',#11,#143);
#1581 = PRODUCT_DEFINITION_SHAPE('Placement','Placement of an item',
  #1582);
#1582 = NEXT_ASSEMBLY_USAGE_OCCURRENCE('33','=>[0:1:1:34]','',#5,#1573,$
  );
#1583 = PRODUCT_RELATED_PRODUCT_CATEGORY('part',$,(#1575));
#1584 = ADVANCED_BREP_SHAPE_REPRESENTATION('',(#11,#1585),#1597);
#1585 = MANIFOLD_SOLID_BREP('',#1586);
#1586 = CLOSED_SHELL('',(#1587));
#1587 = ADVANCED_FACE('',(#1588),#1592,.T.);
#1588 = FACE_BOUND('',#1589,.T.);
#1589 = VERTEX_LOOP('',#1590);
#1590 = VERTEX_POINT('',#1591);
#1591 = CARTESIAN_POINT('',(1.071565949254E-17,-2.624579619658E-33,
    -0.175));
#1592 = SPHERICAL_SURFACE('',#1593,0.175);
#1593 = AXIS2_PLACEMENT_3D('',#1594,#1595,#1596);
#1594 = CARTESIAN_POINT('',(0.,0.,0.));
#1595 = DIRECTION('',(0.,0.,1.));
#1596 = DIRECTION('',(1.,0.,-0.));
#1597 = ( GEOMETRIC_REPRESENTATION_CONTEXT(3) 
GLOBAL_UNCERTAINTY_ASSIGNED_CONTEXT((#1601)) 
GLOBAL_UNIT_ASSIGNED_CONTEXT((#1598,#1599,#1600)) REPRESENTATION_CONTEXT
('Context #1','3D Context with UNIT and UNCERTAINTY') );
#1598 = ( LENGTH_UNIT() NAMED_UNIT(*) SI_UNIT(.MILLI.,.METRE.) );
#1599 = ( NAMED_UNIT(*) PLANE_ANGLE_UNIT() SI_UNIT($,.RADIAN.) );
#1600 = ( NAMED_UNIT(*) SI_UNIT($,.STERADIAN.) SOLID_ANGLE_UNIT() );
#1601 = UNCERTAINTY_MEASURE_WITH_UNIT(LENGTH_MEASURE(1.E-07),#1598,
  'distance_accuracy_value','confusion accuracy');
#1602 = SHAPE_DEFINITION_REPRESENTATION(#1603,#1584);
#1603 = PRODUCT_DEFINITION_SHAPE('','',#1604);
#1604 = PRODUCT_DEFINITION('design','',#1605,#1608);
#1605 = PRODUCT_DEFINITION_FORMATION('','',#1606);
#1606 = PRODUCT('E3','E3','',(#1607));
#1607 = PRODUCT_CONTEXT('',#2,'mechanical');
#1608 = PRODUCT_DEFINITION_CONTEXT('part definition',#2,'design');
#1609 = CONTEXT_DEPENDENT_SHAPE_REPRESENTATION(#1610,#1612);
#1610 = ( REPRESENTATION_RELATIONSHIP('','',#1584,#10) 
REPRESENTATION_RELATIONSHIP_WITH_TRANSFORMATION(#1611) 
SHAPE_REPRESENTATION_RELATIONSHIP() );
#1611 = ITEM_DEFINED_TRANSFORMATION('','',#11,#147);
#1612 = PRODUCT_DEFINITION_SHAPE('Placement','Placement of an item',
  #1613);
#1613 = NEXT_ASSEMBLY_USAGE_OCCURRENCE('34','=>[0:1:1:35]','',#5,#1604,$
  );
#1614 = PRODUCT_RELATED_PRODUCT_CATEGORY('part',$,(#1606));
#1615 = ADVANCED_BREP_SHAPE_REPRESENTATION('',(#11,#1616),#1628);
#1616 = MANIFOLD_SOLID_BREP('',#1617);
#1617 = CLOSED_SHELL('',(#1618));
#1618 = ADVANCED_FACE('',(#1619),#1623,.T.);
#1619 = FACE_BOUND('',#1620,.T.);
#1620 = VERTEX_LOOP('',#1621);
#1621 = VERTEX_POINT('',#1622);
#1622 = CARTESIAN_POINT('',(1.071565949254E-17,-2.624579619658E-33,
    -0.175));
#1623 = SPHERICAL_SURFACE('',#1624,0.175);
#1624 = AXIS2_PLACEMENT_3D('',#1625,#1626,#1627);
#1625 = CARTESIAN_POINT('',(0.,0.,0.));
#1626 = DIRECTION('',(0.,0.,1.));
#1627 = DIRECTION('',(1.,0.,-0.));
#1628 = ( GEOMETRIC_REPRESENTATION_CONTEXT(3) 
GLOBAL_UNCERTAINTY_ASSIGNED_CONTEXT((#1632)) 
GLOBAL_UNIT_ASSIGNED_CONTEXT((#1629,#1630,#1631)) REPRESENTATION_CONTEXT
('Context #1','3D Context with UNIT and UNCERTAINTY') );
#1629 = ( LENGTH_UNIT() NAMED_UNIT(*) SI_UNIT(.MILLI.,.METRE.) );
#1630 = ( NAMED_UNIT(*) PLANE_ANGLE_UNIT() SI_UNIT($,.RADIAN.) );
#1631 = ( NAMED_UNIT(*) SI_UNIT($,.STERADIAN.) SOLID_ANGLE_UNIT() );
#1632 = UNCERTAINTY_MEASURE_WITH_UNIT(LENGTH_MEASURE(1.E-07),#1629,
  'distance_accuracy_value','confusion accuracy');
#1633 = SHAPE_DEFINITION_REPRESENTATION(#1634,#1615);
#1634 = PRODUCT_DEFINITION_SHAPE('','',#1635);
#1635 = PRODUCT_DEFINITION('design','',#1636,#1639);
#1636 = PRODUCT_DEFINITION_FORMATION('','',#1637);
#1637 = PRODUCT('E5','E5','',(#1638));
#1638 = PRODUCT_CONTEXT('',#2,'mechanical');
#1639 = PRODUCT_DEFINITION_CONTEXT('part definition',#2,'design');
#1640 = CONTEXT_DEPENDENT_SHAPE_REPRESENTATION(#1641,#1643);
#1641 = ( REPRESENTATION_RELATIONSHIP('','',#1615,#10) 
REPRESENTATION_RELATIONSHIP_WITH_TRANSFORMATION(#1642) 
SHAPE_REPRESENTATION_RELATIONSHIP() );
#1642 = ITEM_DEFINED_TRANSFORMATION('','',#11,#151);
#1643 = PRODUCT_DEFINITION_SHAPE('Placement','Placement of an item',
  #1644);
#1644 = NEXT_ASSEMBLY_USAGE_OCCURRENCE('35','=>[0:1:1:36]','',#5,#1635,$
  );
#1645 = PRODUCT_RELATED_PRODUCT_CATEGORY('part',$,(#1637));
#1646 = ADVANCED_BREP_SHAPE_REPRESENTATION('',(#11,#1647),#1659);
#1647 = MANIFOLD_SOLID_BREP('',#1648);
#1648 = CLOSED_SHELL('',(#1649));
#1649 = ADVANCED_FACE('',(#1650),#1654,.T.);
#1650 = FACE_BOUND('',#1651,.T.);
#1651 = VERTEX_LOOP('',#1652);
#1652 = VERTEX_POINT('',#1653);
#1653 = CARTESIAN_POINT('',(1.071565949254E-17,-2.624579619658E-33,
    -0.175));
#1654 = SPHERICAL_SURFACE('',#1655,0.175);
#1655 = AXIS2_PLACEMENT_3D('',#1656,#1657,#1658);
#1656 = CARTESIAN_POINT('',(0.,0.,0.));
#1657 = DIRECTION('',(0.,0.,1.));
#1658 = DIRECTION('',(1.,0.,-0.));
#1659 = ( GEOMETRIC_REPRESENTATION_CONTEXT(3) 
GLOBAL_UNCERTAINTY_ASSIGNED_CONTEXT((#1663)) 
GLOBAL_UNIT_ASSIGNED_CONTEXT((#1660,#1661,#1662)) REPRESENTATION_CONTEXT
('Context #1','3D Context with UNIT and UNCERTAINTY') );
#1660 = ( LENGTH_UNIT() NAMED_UNIT(*) SI_UNIT(.MILLI.,.METRE.) );
#1661 = ( NAMED_UNIT(*) PLANE_ANGLE_UNIT() SI_UNIT($,.RADIAN.) );
#1662 = ( NAMED_UNIT(*) SI_UNIT($,.STERADIAN.) SOLID_ANGLE_UNIT() );
#1663 = UNCERTAINTY_MEASURE_WITH_UNIT(LENGTH_MEASURE(1.E-07),#1660,
  'distance_accuracy_value','confusion accuracy');
#1664 = SHAPE_DEFINITION_REPRESENTATION(#1665,#1646);
#1665 = PRODUCT_DEFINITION_SHAPE('','',#1666);
#1666 = PRODUCT_DEFINITION('design','',#1667,#1670);
#1667 = PRODUCT_DEFINITION_FORMATION('','',#1668);
#1668 = PRODUCT('E6','E6','',(#1669));
#1669 = PRODUCT_CONTEXT('',#2,'mechanical');
#1670 = PRODUCT_DEFINITION_CONTEXT('part definition',#2,'design');
#1671 = CONTEXT_DEPENDENT_SHAPE_REPRESENTATION(#1672,#1674);
#1672 = ( REPRESENTATION_RELATIONSHIP('','',#1646,#10) 
REPRESENTATION_RELATIONSHIP_WITH_TRANSFORMATION(#1673) 
SHAPE_REPRESENTATION_RELATIONSHIP() );
#1673 = ITEM_DEFINED_TRANSFORMATION('','',#11,#155);
#1674 = PRODUCT_DEFINITION_SHAPE('Placement','Placement of an item',
  #1675);
#1675 = NEXT_ASSEMBLY_USAGE_OCCURRENCE('36','=>[0:1:1:37]','',#5,#1666,$
  );
#1676 = PRODUCT_RELATED_PRODUCT_CATEGORY('part',$,(#1668));
#1677 = ADVANCED_BREP_SHAPE_REPRESENTATION('',(#11,#1678),#1690);
#1678 = MANIFOLD_SOLID_BREP('',#1679);
#1679 = CLOSED_SHELL('',(#1680));
#1680 = ADVANCED_FACE('',(#1681),#1685,.T.);
#1681 = FACE_BOUND('',#1682,.T.);
#1682 = VERTEX_LOOP('',#1683);
#1683 = VERTEX_POINT('',#1684);
#1684 = CARTESIAN_POINT('',(1.071565949254E-17,-2.624579619658E-33,
    -0.175));
#1685 = SPHERICAL_SURFACE('',#1686,0.175);
#1686 = AXIS2_PLACEMENT_3D('',#1687,#1688,#1689);
#1687 = CARTESIAN_POINT('',(0.,0.,0.));
#1688 = DIRECTION('',(0.,0.,1.));
#1689 = DIRECTION('',(1.,0.,-0.));
#1690 = ( GEOMETRIC_REPRESENTATION_CONTEXT(3) 
GLOBAL_UNCERTAINTY_ASSIGNED_CONTEXT((#1694)) 
GLOBAL_UNIT_ASSIGNED_CONTEXT((#1691,#1692,#1693)) REPRESENTATION_CONTEXT
('Context #1','3D Context with UNIT and UNCERTAINTY') );
#1691 = ( LENGTH_UNIT() NAMED_UNIT(*) SI_UNIT(.MILLI.,.METRE.) );
#1692 = ( NAMED_UNIT(*) PLANE_ANGLE_UNIT() SI_UNIT($,.RADIAN.) );
#1693 = ( NAMED_UNIT(*) SI_UNIT($,.STERADIAN.) SOLID_ANGLE_UNIT() );
#1694 = UNCERTAINTY_MEASURE_WITH_UNIT(LENGTH_MEASURE(1.E-07),#1691,
  'distance_accuracy_value','confusion accuracy');
#1695 = SHAPE_DEFINITION_REPRESENTATION(#1696,#1677);
#1696 = PRODUCT_DEFINITION_SHAPE('','',#1697);
#1697 = PRODUCT_DEFINITION('design','',#1698,#1701);
#1698 = PRODUCT_DEFINITION_FORMATION('','',#1699);
#1699 = PRODUCT('E7','E7','',(#1700));
#1700 = PRODUCT_CONTEXT('',#2,'mechanical');
#1701 = PRODUCT_DEFINITION_CONTEXT('part definition',#2,'design');
#1702 = CONTEXT_DEPENDENT_SHAPE_REPRESENTATION(#1703,#1705);
#1703 = ( REPRESENTATION_RELATIONSHIP('','',#1677,#10) 
REPRESENTATION_RELATIONSHIP_WITH_TRANSFORMATION(#1704) 
SHAPE_REPRESENTATION_RELATIONSHIP() );
#1704 = ITEM_DEFINED_TRANSFORMATION('','',#11,#159);
#1705 = PRODUCT_DEFINITION_SHAPE('Placement','Placement of an item',
  #1706);
#1706 = NEXT_ASSEMBLY_USAGE_OCCURRENCE('37','=>[0:1:1:38]','',#5,#1697,$
  );
#1707 = PRODUCT_RELATED_PRODUCT_CATEGORY('part',$,(#1699));
#1708 = ADVANCED_BREP_SHAPE_REPRESENTATION('',(#11,#1709),#1721);
#1709 = MANIFOLD_SOLID_BREP('',#1710);
#1710 = CLOSED_SHELL('',(#1711));
#1711 = ADVANCED_FACE('',(#1712),#1716,.T.);
#1712 = FACE_BOUND('',#1713,.T.);
#1713 = VERTEX_LOOP('',#1714);
#1714 = VERTEX_POINT('',#1715);
#1715 = CARTESIAN_POINT('',(1.071565949254E-17,-2.624579619658E-33,
    -0.175));
#1716 = SPHERICAL_SURFACE('',#1717,0.175);
#1717 = AXIS2_PLACEMENT_3D('',#1718,#1719,#1720);
#1718 = CARTESIAN_POINT('',(0.,0.,0.));
#1719 = DIRECTION('',(0.,0.,1.));
#1720 = DIRECTION('',(1.,0.,-0.));
#1721 = ( GEOMETRIC_REPRESENTATION_CONTEXT(3) 
GLOBAL_UNCERTAINTY_ASSIGNED_CONTEXT((#1725)) 
GLOBAL_UNIT_ASSIGNED_CONTEXT((#1722,#1723,#1724)) REPRESENTATION_CONTEXT
('Context #1','3D Context with UNIT and UNCERTAINTY') );
#1722 = ( LENGTH_UNIT() NAMED_UNIT(*) SI_UNIT(.MILLI.,.METRE.) );
#1723 = ( NAMED_UNIT(*) PLANE_ANGLE_UNIT() SI_UNIT($,.RADIAN.) );
#1724 = ( NAMED_UNIT(*) SI_UNIT($,.STERADIAN.) SOLID_ANGLE_UNIT() );
#1725 = UNCERTAINTY_MEASURE_WITH_UNIT(LENGTH_MEASURE(1.E-07),#1722,
  'distance_accuracy_value','confusion accuracy');
#1726 = SHAPE_DEFINITION_REPRESENTATION(#1727,#1708);
#1727 = PRODUCT_DEFINITION_SHAPE('','',#1728);
#1728 = PRODUCT_DEFINITION('design','',#1729,#1732);
#1729 = PRODUCT_DEFINITION_FORMATION('','',#1730);
#1730 = PRODUCT('E8','E8','',(#1731));
#1731 = PRODUCT_CONTEXT('',#2,'mechanical');
#1732 = PRODUCT_DEFINITION_CONTEXT('part definition',#2,'design');
#1733 = CONTEXT_DEPENDENT_SHAPE_REPRESENTATION(#1734,#1736);
#1734 = ( REPRESENTATION_RELATIONSHIP('','',#1708,#10) 
REPRESENTATION_RELATIONSHIP_WITH_TRANSFORMATION(#1735) 
SHAPE_REPRESENTATION_RELATIONSHIP() );
#1735 = ITEM_DEFINED_TRANSFORMATION('','',#11,#163);
#1736 = PRODUCT_DEFINITION_SHAPE('Placement','Placement of an item',
  #1737);
#1737 = NEXT_ASSEMBLY_USAGE_OCCURRENCE('38','=>[0:1:1:39]','',#5,#1728,$
  );
#1738 = PRODUCT_RELATED_PRODUCT_CATEGORY('part',$,(#1730));
#1739 = ADVANCED_BREP_SHAPE_REPRESENTATION('',(#11,#1740),#1752);
#1740 = MANIFOLD_SOLID_BREP('',#1741);
#1741 = CLOSED_SHELL('',(#1742));
#1742 = ADVANCED_FACE('',(#1743),#1747,.T.);
#1743 = FACE_BOUND('',#1744,.T.);
#1744 = VERTEX_LOOP('',#1745);
#1745 = VERTEX_POINT('',#1746);
#1746 = CARTESIAN_POINT('',(1.071565949254E-17,-2.624579619658E-33,
    -0.175));
#1747 = SPHERICAL_SURFACE('',#1748,0.175);
#1748 = AXIS2_PLACEMENT_3D('',#1749,#1750,#1751);
#1749 = CARTESIAN_POINT('',(0.,0.,0.));
#1750 = DIRECTION('',(0.,0.,1.));
#1751 = DIRECTION('',(1.,0.,-0.));
#1752 = ( GEOMETRIC_REPRESENTATION_CONTEXT(3) 
GLOBAL_UNCERTAINTY_ASSIGNED_CONTEXT((#1756)) 
GLOBAL_UNIT_ASSIGNED_CONTEXT((#1753,#1754,#1755)) REPRESENTATION_CONTEXT
('Context #1','3D Context with UNIT and UNCERTAINTY') );
#1753 = ( LENGTH_UNIT() NAMED_UNIT(*) SI_UNIT(.MILLI.,.METRE.) );
#1754 = ( NAMED_UNIT(*) PLANE_ANGLE_UNIT() SI_UNIT($,.RADIAN.) );
#1755 = ( NAMED_UNIT(*) SI_UNIT($,.STERADIAN.) SOLID_ANGLE_UNIT() );
#1756 = UNCERTAINTY_MEASURE_WITH_UNIT(LENGTH_MEASURE(1.E-07),#1753,
  'distance_accuracy_value','confusion accuracy');
#1757 = SHAPE_DEFINITION_REPRESENTATION(#1758,#1739);
#1758 = PRODUCT_DEFINITION_SHAPE('','',#1759);
#1759 = PRODUCT_DEFINITION('design','',#1760,#1763);
#1760 = PRODUCT_DEFINITION_FORMATION('','',#1761);
#1761 = PRODUCT('E9','E9','',(#1762));
#1762 = PRODUCT_CONTEXT('',#2,'mechanical');
#1763 = PRODUCT_DEFINITION_CONTEXT('part definition',#2,'design');
#1764 = CONTEXT_DEPENDENT_SHAPE_REPRESENTATION(#1765,#1767);
#1765 = ( REPRESENTATION_RELATIONSHIP('','',#1739,#10) 
REPRESENTATION_RELATIONSHIP_WITH_TRANSFORMATION(#1766) 
SHAPE_REPRESENTATION_RELATIONSHIP() );
#1766 = ITEM_DEFINED_TRANSFORMATION('','',#11,#167);
#1767 = PRODUCT_DEFINITION_SHAPE('Placement','Placement of an item',
  #1768);
#1768 = NEXT_ASSEMBLY_USAGE_OCCURRENCE('39','=>[0:1:1:40]','',#5,#1759,$
  );
#1769 = PRODUCT_RELATED_PRODUCT_CATEGORY('part',$,(#1761));
#1770 = ADVANCED_BREP_SHAPE_REPRESENTATION('',(#11,#1771),#1783);
#1771 = MANIFOLD_SOLID_BREP('',#1772);
#1772 = CLOSED_SHELL('',(#1773));
#1773 = ADVANCED_FACE('',(#1774),#1778,.T.);
#1774 = FACE_BOUND('',#1775,.T.);
#1775 = VERTEX_LOOP('',#1776);
#1776 = VERTEX_POINT('',#1777);
#1777 = CARTESIAN_POINT('',(1.071565949254E-17,-2.624579619658E-33,
    -0.175));
#1778 = SPHERICAL_SURFACE('',#1779,0.175);
#1779 = AXIS2_PLACEMENT_3D('',#1780,#1781,#1782);
#1780 = CARTESIAN_POINT('',(0.,0.,0.));
#1781 = DIRECTION('',(0.,0.,1.));
#1782 = DIRECTION('',(1.,0.,-0.));
#1783 = ( GEOMETRIC_REPRESENTATION_CONTEXT(3) 
GLOBAL_UNCERTAINTY_ASSIGNED_CONTEXT((#1787)) 
GLOBAL_UNIT_ASSIGNED_CONTEXT((#1784,#1785,#1786)) REPRESENTATION_CONTEXT
('Context #1','3D Context with UNIT and UNCERTAINTY') );
#1784 = ( LENGTH_UNIT() NAMED_UNIT(*) SI_UNIT(.MILLI.,.METRE.) );
#1785 = ( NAMED_UNIT(*) PLANE_ANGLE_UNIT() SI_UNIT($,.RADIAN.) );
#1786 = ( NAMED_UNIT(*) SI_UNIT($,.STERADIAN.) SOLID_ANGLE_UNIT() );
#1787 = UNCERTAINTY_MEASURE_WITH_UNIT(LENGTH_MEASURE(1.E-07),#1784,
  'distance_accuracy_value','confusion accuracy');
#1788 = SHAPE_DEFINITION_REPRESENTATION(#1789,#1770);
#1789 = PRODUCT_DEFINITION_SHAPE('','',#1790);
#1790 = PRODUCT_DEFINITION('design','',#1791,#1794);
#1791 = PRODUCT_DEFINITION_FORMATION('','',#1792);
#1792 = PRODUCT('E10','E10','',(#1793));
#1793 = PRODUCT_CONTEXT('',#2,'mechanical');
#1794 = PRODUCT_DEFINITION_CONTEXT('part definition',#2,'design');
#1795 = CONTEXT_DEPENDENT_SHAPE_REPRESENTATION(#1796,#1798);
#1796 = ( REPRESENTATION_RELATIONSHIP('','',#1770,#10) 
REPRESENTATION_RELATIONSHIP_WITH_TRANSFORMATION(#1797) 
SHAPE_REPRESENTATION_RELATIONSHIP() );
#1797 = ITEM_DEFINED_TRANSFORMATION('','',#11,#171);
#1798 = PRODUCT_DEFINITION_SHAPE('Placement','Placement of an item',
  #1799);
#1799 = NEXT_ASSEMBLY_USAGE_OCCURRENCE('40','=>[0:1:1:41]','',#5,#1790,$
  );
#1800 = PRODUCT_RELATED_PRODUCT_CATEGORY('part',$,(#1792));
#1801 = ADVANCED_BREP_SHAPE_REPRESENTATION('',(#11,#1802),#1814);
#1802 = MANIFOLD_SOLID_BREP('',#1803);
#1803 = CLOSED_SHELL('',(#1804));
#1804 = ADVANCED_FACE('',(#1805),#1809,.T.);
#1805 = FACE_BOUND('',#1806,.T.);
#1806 = VERTEX_LOOP('',#1807);
#1807 = VERTEX_POINT('',#1808);
#1808 = CARTESIAN_POINT('',(1.071565949254E-17,-2.624579619658E-33,
    -0.175));
#1809 = SPHERICAL_SURFACE('',#1810,0.175);
#1810 = AXIS2_PLACEMENT_3D('',#1811,#1812,#1813);
#1811 = CARTESIAN_POINT('',(0.,0.,0.));
#1812 = DIRECTION('',(0.,0.,1.));
#1813 = DIRECTION('',(1.,0.,-0.));
#1814 = ( GEOMETRIC_REPRESENTATION_CONTEXT(3) 
GLOBAL_UNCERTAINTY_ASSIGNED_CONTEXT((#1818)) 
GLOBAL_UNIT_ASSIGNED_CONTEXT((#1815,#1816,#1817)) REPRESENTATION_CONTEXT
('Context #1','3D Context with UNIT and UNCERTAINTY') );
#1815 = ( LENGTH_UNIT() NAMED_UNIT(*) SI_UNIT(.MILLI.,.METRE.) );
#1816 = ( NAMED_UNIT(*) PLANE_ANGLE_UNIT() SI_UNIT($,.RADIAN.) );
#1817 = ( NAMED_UNIT(*) SI_UNIT($,.STERADIAN.) SOLID_ANGLE_UNIT() );
#1818 = UNCERTAINTY_MEASURE_WITH_UNIT(LENGTH_MEASURE(1.E-07),#1815,
  'distance_accuracy_value','confusion accuracy');
#1819 = SHAPE_DEFINITION_REPRESENTATION(#1820,#1801);
#1820 = PRODUCT_DEFINITION_SHAPE('','',#1821);
#1821 = PRODUCT_DEFINITION('design','',#1822,#1825);
#1822 = PRODUCT_DEFINITION_FORMATION('','',#1823);
#1823 = PRODUCT('F1','F1','',(#1824));
#1824 = PRODUCT_CONTEXT('',#2,'mechanical');
#1825 = PRODUCT_DEFINITION_CONTEXT('part definition',#2,'design');
#1826 = CONTEXT_DEPENDENT_SHAPE_REPRESENTATION(#1827,#1829);
#1827 = ( REPRESENTATION_RELATIONSHIP('','',#1801,#10) 
REPRESENTATION_RELATIONSHIP_WITH_TRANSFORMATION(#1828) 
SHAPE_REPRESENTATION_RELATIONSHIP() );
#1828 = ITEM_DEFINED_TRANSFORMATION('','',#11,#175);
#1829 = PRODUCT_DEFINITION_SHAPE('Placement','Placement of an item',
  #1830);
#1830 = NEXT_ASSEMBLY_USAGE_OCCURRENCE('41','=>[0:1:1:42]','',#5,#1821,$
  );
#1831 = PRODUCT_RELATED_PRODUCT_CATEGORY('part',$,(#1823));
#1832 = ADVANCED_BREP_SHAPE_REPRESENTATION('',(#11,#1833),#1845);
#1833 = MANIFOLD_SOLID_BREP('',#1834);
#1834 = CLOSED_SHELL('',(#1835));
#1835 = ADVANCED_FACE('',(#1836),#1840,.T.);
#1836 = FACE_BOUND('',#1837,.T.);
#1837 = VERTEX_LOOP('',#1838);
#1838 = VERTEX_POINT('',#1839);
#1839 = CARTESIAN_POINT('',(1.071565949254E-17,-2.624579619658E-33,
    -0.175));
#1840 = SPHERICAL_SURFACE('',#1841,0.175);
#1841 = AXIS2_PLACEMENT_3D('',#1842,#1843,#1844);
#1842 = CARTESIAN_POINT('',(0.,0.,0.));
#1843 = DIRECTION('',(0.,0.,1.));
#1844 = DIRECTION('',(1.,0.,-0.));
#1845 = ( GEOMETRIC_REPRESENTATION_CONTEXT(3) 
GLOBAL_UNCERTAINTY_ASSIGNED_CONTEXT((#1849)) 
GLOBAL_UNIT_ASSIGNED_CONTEXT((#1846,#1847,#1848)) REPRESENTATION_CONTEXT
('Context #1','3D Context with UNIT and UNCERTAINTY') );
#1846 = ( LENGTH_UNIT() NAMED_UNIT(*) SI_UNIT(.MILLI.,.METRE.) );
#1847 = ( NAMED_UNIT(*) PLANE_ANGLE_UNIT() SI_UNIT($,.RADIAN.) );
#1848 = ( NAMED_UNIT(*) SI_UNIT($,.STERADIAN.) SOLID_ANGLE_UNIT() );
#1849 = UNCERTAINTY_MEASURE_WITH_UNIT(LENGTH_MEASURE(1.E-07),#1846,
  'distance_accuracy_value','confusion accuracy');
#1850 = SHAPE_DEFINITION_REPRESENTATION(#1851,#1832);
#1851 = PRODUCT_DEFINITION_SHAPE('','',#1852);
#1852 = PRODUCT_DEFINITION('design','',#1853,#1856);
#1853 = PRODUCT_DEFINITION_FORMATION('','',#1854);
#1854 = PRODUCT('F2','F2','',(#1855));
#1855 = PRODUCT_CONTEXT('',#2,'mechanical');
#1856 = PRODUCT_DEFINITION_CONTEXT('part definition',#2,'design');
#1857 = CONTEXT_DEPENDENT_SHAPE_REPRESENTATION(#1858,#1860);
#1858 = ( REPRESENTATION_RELATIONSHIP('','',#1832,#10) 
REPRESENTATION_RELATIONSHIP_WITH_TRANSFORMATION(#1859) 
SHAPE_REPRESENTATION_RELATIONSHIP() );
#1859 = ITEM_DEFINED_TRANSFORMATION('','',#11,#179);
#1860 = PRODUCT_DEFINITION_SHAPE('Placement','Placement of an item',
  #1861);
#1861 = NEXT_ASSEMBLY_USAGE_OCCURRENCE('42','=>[0:1:1:43]','',#5,#1852,$
  );
#1862 = PRODUCT_RELATED_PRODUCT_CATEGORY('part',$,(#1854));
#1863 = ADVANCED_BREP_SHAPE_REPRESENTATION('',(#11,#1864),#1876);
#1864 = MANIFOLD_SOLID_BREP('',#1865);
#1865 = CLOSED_SHELL('',(#1866));
#1866 = ADVANCED_FACE('',(#1867),#1871,.T.);
#1867 = FACE_BOUND('',#1868,.T.);
#1868 = VERTEX_LOOP('',#1869);
#1869 = VERTEX_POINT('',#1870);
#1870 = CARTESIAN_POINT('',(1.071565949254E-17,-2.624579619658E-33,
    -0.175));
#1871 = SPHERICAL_SURFACE('',#1872,0.175);
#1872 = AXIS2_PLACEMENT_3D('',#1873,#1874,#1875);
#1873 = CARTESIAN_POINT('',(0.,0.,0.));
#1874 = DIRECTION('',(0.,0.,1.));
#1875 = DIRECTION('',(1.,0.,-0.));
#1876 = ( GEOMETRIC_REPRESENTATION_CONTEXT(3) 
GLOBAL_UNCERTAINTY_ASSIGNED_CONTEXT((#1880)) 
GLOBAL_UNIT_ASSIGNED_CONTEXT((#1877,#1878,#1879)) REPRESENTATION_CONTEXT
('Context #1','3D Context with UNIT and UNCERTAINTY') );
#1877 = ( LENGTH_UNIT() NAMED_UNIT(*) SI_UNIT(.MILLI.,.METRE.) );
#1878 = ( NAMED_UNIT(*) PLANE_ANGLE_UNIT() SI_UNIT($,.RADIAN.) );
#1879 = ( NAMED_UNIT(*) SI_UNIT($,.STERADIAN.) SOLID_ANGLE_UNIT() );
#1880 = UNCERTAINTY_MEASURE_WITH_UNIT(LENGTH_MEASURE(1.E-07),#1877,
  'distance_accuracy_value','confusion accuracy');
#1881 = SHAPE_DEFINITION_REPRESENTATION(#1882,#1863);
#1882 = PRODUCT_DEFINITION_SHAPE('','',#1883);
#1883 = PRODUCT_DEFINITION('design','',#1884,#1887);
#1884 = PRODUCT_DEFINITION_FORMATION('','',#1885);
#1885 = PRODUCT('F3','F3','',(#1886));
#1886 = PRODUCT_CONTEXT('',#2,'mechanical');
#1887 = PRODUCT_DEFINITION_CONTEXT('part definition',#2,'design');
#1888 = CONTEXT_DEPENDENT_SHAPE_REPRESENTATION(#1889,#1891);
#1889 = ( REPRESENTATION_RELATIONSHIP('','',#1863,#10) 
REPRESENTATION_RELATIONSHIP_WITH_TRANSFORMATION(#1890) 
SHAPE_REPRESENTATION_RELATIONSHIP() );
#1890 = ITEM_DEFINED_TRANSFORMATION('','',#11,#183);
#1891 = PRODUCT_DEFINITION_SHAPE('Placement','Placement of an item',
  #1892);
#1892 = NEXT_ASSEMBLY_USAGE_OCCURRENCE('43','=>[0:1:1:44]','',#5,#1883,$
  );
#1893 = PRODUCT_RELATED_PRODUCT_CATEGORY('part',$,(#1885));
#1894 = ADVANCED_BREP_SHAPE_REPRESENTATION('',(#11,#1895),#1907);
#1895 = MANIFOLD_SOLID_BREP('',#1896);
#1896 = CLOSED_SHELL('',(#1897));
#1897 = ADVANCED_FACE('',(#1898),#1902,.T.);
#1898 = FACE_BOUND('',#1899,.T.);
#1899 = VERTEX_LOOP('',#1900);
#1900 = VERTEX_POINT('',#1901);
#1901 = CARTESIAN_POINT('',(1.071565949254E-17,-2.624579619658E-33,
    -0.175));
#1902 = SPHERICAL_SURFACE('',#1903,0.175);
#1903 = AXIS2_PLACEMENT_3D('',#1904,#1905,#1906);
#1904 = CARTESIAN_POINT('',(0.,0.,0.));
#1905 = DIRECTION('',(0.,0.,1.));
#1906 = DIRECTION('',(1.,0.,-0.));
#1907 = ( GEOMETRIC_REPRESENTATION_CONTEXT(3) 
GLOBAL_UNCERTAINTY_ASSIGNED_CONTEXT((#1911)) 
GLOBAL_UNIT_ASSIGNED_CONTEXT((#1908,#1909,#1910)) REPRESENTATION_CONTEXT
('Context #1','3D Context with UNIT and UNCERTAINTY') );
#1908 = ( LENGTH_UNIT() NAMED_UNIT(*) SI_UNIT(.MILLI.,.METRE.) );
#1909 = ( NAMED_UNIT(*) PLANE_ANGLE_UNIT() SI_UNIT($,.RADIAN.) );
#1910 = ( NAMED_UNIT(*) SI_UNIT($,.STERADIAN.) SOLID_ANGLE_UNIT() );
#1911 = UNCERTAINTY_MEASURE_WITH_UNIT(LENGTH_MEASURE(1.E-07),#1908,
  'distance_accuracy_value','confusion accuracy');
#1912 = SHAPE_DEFINITION_REPRESENTATION(#1913,#1894);
#1913 = PRODUCT_DEFINITION_SHAPE('','',#1914);
#1914 = PRODUCT_DEFINITION('design','',#1915,#1918);
#1915 = PRODUCT_DEFINITION_FORMATION('','',#1916);
#1916 = PRODUCT('F5','F5','',(#1917));
#1917 = PRODUCT_CONTEXT('',#2,'mechanical');
#1918 = PRODUCT_DEFINITION_CONTEXT('part definition',#2,'design');
#1919 = CONTEXT_DEPENDENT_SHAPE_REPRESENTATION(#1920,#1922);
#1920 = ( REPRESENTATION_RELATIONSHIP('','',#1894,#10) 
REPRESENTATION_RELATIONSHIP_WITH_TRANSFORMATION(#1921) 
SHAPE_REPRESENTATION_RELATIONSHIP() );
#1921 = ITEM_DEFINED_TRANSFORMATION('','',#11,#187);
#1922 = PRODUCT_DEFINITION_SHAPE('Placement','Placement of an item',
  #1923);
#1923 = NEXT_ASSEMBLY_USAGE_OCCURRENCE('44','=>[0:1:1:45]','',#5,#1914,$
  );
#1924 = PRODUCT_RELATED_PRODUCT_CATEGORY('part',$,(#1916));
#1925 = ADVANCED_BREP_SHAPE_REPRESENTATION('',(#11,#1926),#1938);
#1926 = MANIFOLD_SOLID_BREP('',#1927);
#1927 = CLOSED_SHELL('',(#1928));
#1928 = ADVANCED_FACE('',(#1929),#1933,.T.);
#1929 = FACE_BOUND('',#1930,.T.);
#1930 = VERTEX_LOOP('',#1931);
#1931 = VERTEX_POINT('',#1932);
#1932 = CARTESIAN_POINT('',(1.071565949254E-17,-2.624579619658E-33,
    -0.175));
#1933 = SPHERICAL_SURFACE('',#1934,0.175);
#1934 = AXIS2_PLACEMENT_3D('',#1935,#1936,#1937);
#1935 = CARTESIAN_POINT('',(0.,0.,0.));
#1936 = DIRECTION('',(0.,0.,1.));
#1937 = DIRECTION('',(1.,0.,-0.));
#1938 = ( GEOMETRIC_REPRESENTATION_CONTEXT(3) 
GLOBAL_UNCERTAINTY_ASSIGNED_CONTEXT((#1942)) 
GLOBAL_UNIT_ASSIGNED_CONTEXT((#1939,#1940,#1941)) REPRESENTATION_CONTEXT
('Context #1','3D Context with UNIT and UNCERTAINTY') );
#1939 = ( LENGTH_UNIT() NAMED_UNIT(*) SI_UNIT(.MILLI.,.METRE.) );
#1940 = ( NAMED_UNIT(*) PLANE_ANGLE_UNIT() SI_UNIT($,.RADIAN.) );
#1941 = ( NAMED_UNIT(*) SI_UNIT($,.STERADIAN.) SOLID_ANGLE_UNIT() );
#1942 = UNCERTAINTY_MEASURE_WITH_UNIT(LENGTH_MEASURE(1.E-07),#1939,
  'distance_accuracy_value','confusion accuracy');
#1943 = SHAPE_DEFINITION_REPRESENTATION(#1944,#1925);
#1944 = PRODUCT_DEFINITION_SHAPE('','',#1945);
#1945 = PRODUCT_DEFINITION('design','',#1946,#1949);
#1946 = PRODUCT_DEFINITION_FORMATION('','',#1947);
#1947 = PRODUCT('F6','F6','',(#1948));
#1948 = PRODUCT_CONTEXT('',#2,'mechanical');
#1949 = PRODUCT_DEFINITION_CONTEXT('part definition',#2,'design');
#1950 = CONTEXT_DEPENDENT_SHAPE_REPRESENTATION(#1951,#1953);
#1951 = ( REPRESENTATION_RELATIONSHIP('','',#1925,#10) 
REPRESENTATION_RELATIONSHIP_WITH_TRANSFORMATION(#1952) 
SHAPE_REPRESENTATION_RELATIONSHIP() );
#1952 = ITEM_DEFINED_TRANSFORMATION('','',#11,#191);
#1953 = PRODUCT_DEFINITION_SHAPE('Placement','Placement of an item',
  #1954);
#1954 = NEXT_ASSEMBLY_USAGE_OCCURRENCE('45','=>[0:1:1:46]','',#5,#1945,$
  );
#1955 = PRODUCT_RELATED_PRODUCT_CATEGORY('part',$,(#1947));
#1956 = ADVANCED_BREP_SHAPE_REPRESENTATION('',(#11,#1957),#1969);
#1957 = MANIFOLD_SOLID_BREP('',#1958);
#1958 = CLOSED_SHELL('',(#1959));
#1959 = ADVANCED_FACE('',(#1960),#1964,.T.);
#1960 = FACE_BOUND('',#1961,.T.);
#1961 = VERTEX_LOOP('',#1962);
#1962 = VERTEX_POINT('',#1963);
#1963 = CARTESIAN_POINT('',(1.071565949254E-17,-2.624579619658E-33,
    -0.175));
#1964 = SPHERICAL_SURFACE('',#1965,0.175);
#1965 = AXIS2_PLACEMENT_3D('',#1966,#1967,#1968);
#1966 = CARTESIAN_POINT('',(0.,0.,0.));
#1967 = DIRECTION('',(0.,0.,1.));
#1968 = DIRECTION('',(1.,0.,-0.));
#1969 = ( GEOMETRIC_REPRESENTATION_CONTEXT(3) 
GLOBAL_UNCERTAINTY_ASSIGNED_CONTEXT((#1973)) 
GLOBAL_UNIT_ASSIGNED_CONTEXT((#1970,#1971,#1972)) REPRESENTATION_CONTEXT
('Context #1','3D Context with UNIT and UNCERTAINTY') );
#1970 = ( LENGTH_UNIT() NAMED_UNIT(*) SI_UNIT(.MILLI.,.METRE.) );
#1971 = ( NAMED_UNIT(*) PLANE_ANGLE_UNIT() SI_UNIT($,.RADIAN.) );
#1972 = ( NAMED_UNIT(*) SI_UNIT($,.STERADIAN.) SOLID_ANGLE_UNIT() );
#1973 = UNCERTAINTY_MEASURE_WITH_UNIT(LENGTH_MEASURE(1.E-07),#1970,
  'distance_accuracy_value','confusion accuracy');
#1974 = SHAPE_DEFINITION_REPRESENTATION(#1975,#1956);
#1975 = PRODUCT_DEFINITION_SHAPE('','',#1976);
#1976 = PRODUCT_DEFINITION('design','',#1977,#1980);
#1977 = PRODUCT_DEFINITION_FORMATION('','',#1978);
#1978 = PRODUCT('F7','F7','',(#1979));
#1979 = PRODUCT_CONTEXT('',#2,'mechanical');
#1980 = PRODUCT_DEFINITION_CONTEXT('part definition',#2,'design');
#1981 = CONTEXT_DEPENDENT_SHAPE_REPRESENTATION(#1982,#1984);
#1982 = ( REPRESENTATION_RELATIONSHIP('','',#1956,#10) 
REPRESENTATION_RELATIONSHIP_WITH_TRANSFORMATION(#1983) 
SHAPE_REPRESENTATION_RELATIONSHIP() );
#1983 = ITEM_DEFINED_TRANSFORMATION('','',#11,#195);
#1984 = PRODUCT_DEFINITION_SHAPE('Placement','Placement of an item',
  #1985);
#1985 = NEXT_ASSEMBLY_USAGE_OCCURRENCE('46','=>[0:1:1:47]','',#5,#1976,$
  );
#1986 = PRODUCT_RELATED_PRODUCT_CATEGORY('part',$,(#1978));
#1987 = ADVANCED_BREP_SHAPE_REPRESENTATION('',(#11,#1988),#2000);
#1988 = MANIFOLD_SOLID_BREP('',#1989);
#1989 = CLOSED_SHELL('',(#1990));
#1990 = ADVANCED_FACE('',(#1991),#1995,.T.);
#1991 = FACE_BOUND('',#1992,.T.);
#1992 = VERTEX_LOOP('',#1993);
#1993 = VERTEX_POINT('',#1994);
#1994 = CARTESIAN_POINT('',(1.071565949254E-17,-2.624579619658E-33,
    -0.175));
#1995 = SPHERICAL_SURFACE('',#1996,0.175);
#1996 = AXIS2_PLACEMENT_3D('',#1997,#1998,#1999);
#1997 = CARTESIAN_POINT('',(0.,0.,0.));
#1998 = DIRECTION('',(0.,0.,1.));
#1999 = DIRECTION('',(1.,0.,-0.));
#2000 = ( GEOMETRIC_REPRESENTATION_CONTEXT(3) 
GLOBAL_UNCERTAINTY_ASSIGNED_CONTEXT((#2004)) 
GLOBAL_UNIT_ASSIGNED_CONTEXT((#2001,#2002,#2003)) REPRESENTATION_CONTEXT
('Context #1','3D Context with UNIT and UNCERTAINTY') );
#2001 = ( LENGTH_UNIT() NAMED_UNIT(*) SI_UNIT(.MILLI.,.METRE.) );
#2002 = ( NAMED_UNIT(*) PLANE_ANGLE_UNIT() SI_UNIT($,.RADIAN.) );
#2003 = ( NAMED_UNIT(*) SI_UNIT($,.STERADIAN.) SOLID_ANGLE_UNIT() );
#2004 = UNCERTAINTY_MEASURE_WITH_UNIT(LENGTH_MEASURE(1.E-07),#2001,
  'distance_accuracy_value','confusion accuracy');
#2005 = SHAPE_DEFINITION_REPRESENTATION(#2006,#1987);
#2006 = PRODUCT_DEFINITION_SHAPE('','',#2007);
#2007 = PRODUCT_DEFINITION('design','',#2008,#2011);
#2008 = PRODUCT_DEFINITION_FORMATION('','',#2009);
#2009 = PRODUCT('F8','F8','',(#2010));
#2010 = PRODUCT_CONTEXT('',#2,'mechanical');
#2011 = PRODUCT_DEFINITION_CONTEXT('part definition',#2,'design');
#2012 = CONTEXT_DEPENDENT_SHAPE_REPRESENTATION(#2013,#2015);
#2013 = ( REPRESENTATION_RELATIONSHIP('','',#1987,#10) 
REPRESENTATION_RELATIONSHIP_WITH_TRANSFORMATION(#2014) 
SHAPE_REPRESENTATION_RELATIONSHIP() );
#2014 = ITEM_DEFINED_TRANSFORMATION('','',#11,#199);
#2015 = PRODUCT_DEFINITION_SHAPE('Placement','Placement of an item',
  #2016);
#2016 = NEXT_ASSEMBLY_USAGE_OCCURRENCE('47','=>[0:1:1:48]','',#5,#2007,$
  );
#2017 = PRODUCT_RELATED_PRODUCT_CATEGORY('part',$,(#2009));
#2018 = ADVANCED_BREP_SHAPE_REPRESENTATION('',(#11,#2019),#2031);
#2019 = MANIFOLD_SOLID_BREP('',#2020);
#2020 = CLOSED_SHELL('',(#2021));
#2021 = ADVANCED_FACE('',(#2022),#2026,.T.);
#2022 = FACE_BOUND('',#2023,.T.);
#2023 = VERTEX_LOOP('',#2024);
#2024 = VERTEX_POINT('',#2025);
#2025 = CARTESIAN_POINT('',(1.071565949254E-17,-2.624579619658E-33,
    -0.175));
#2026 = SPHERICAL_SURFACE('',#2027,0.175);
#2027 = AXIS2_PLACEMENT_3D('',#2028,#2029,#2030);
#2028 = CARTESIAN_POINT('',(0.,0.,0.));
#2029 = DIRECTION('',(0.,0.,1.));
#2030 = DIRECTION('',(1.,0.,-0.));
#2031 = ( GEOMETRIC_REPRESENTATION_CONTEXT(3) 
GLOBAL_UNCERTAINTY_ASSIGNED_CONTEXT((#2035)) 
GLOBAL_UNIT_ASSIGNED_CONTEXT((#2032,#2033,#2034)) REPRESENTATION_CONTEXT
('Context #1','3D Context with UNIT and UNCERTAINTY') );
#2032 = ( LENGTH_UNIT() NAMED_UNIT(*) SI_UNIT(.MILLI.,.METRE.) );
#2033 = ( NAMED_UNIT(*) PLANE_ANGLE_UNIT() SI_UNIT($,.RADIAN.) );
#2034 = ( NAMED_UNIT(*) SI_UNIT($,.STERADIAN.) SOLID_ANGLE_UNIT() );
#2035 = UNCERTAINTY_MEASURE_WITH_UNIT(LENGTH_MEASURE(1.E-07),#2032,
  'distance_accuracy_value','confusion accuracy');
#2036 = SHAPE_DEFINITION_REPRESENTATION(#2037,#2018);
#2037 = PRODUCT_DEFINITION_SHAPE('','',#2038);
#2038 = PRODUCT_DEFINITION('design','',#2039,#2042);
#2039 = PRODUCT_DEFINITION_FORMATION('','',#2040);
#2040 = PRODUCT('F9','F9','',(#2041));
#2041 = PRODUCT_CONTEXT('',#2,'mechanical');
#2042 = PRODUCT_DEFINITION_CONTEXT('part definition',#2,'design');
#2043 = CONTEXT_DEPENDENT_SHAPE_REPRESENTATION(#2044,#2046);
#2044 = ( REPRESENTATION_RELATIONSHIP('','',#2018,#10) 
REPRESENTATION_RELATIONSHIP_WITH_TRANSFORMATION(#2045) 
SHAPE_REPRESENTATION_RELATIONSHIP() );
#2045 = ITEM_DEFINED_TRANSFORMATION('','',#11,#203);
#2046 = PRODUCT_DEFINITION_SHAPE('Placement','Placement of an item',
  #2047);
#2047 = NEXT_ASSEMBLY_USAGE_OCCURRENCE('48','=>[0:1:1:49]','',#5,#2038,$
  );
#2048 = PRODUCT_RELATED_PRODUCT_CATEGORY('part',$,(#2040));
#2049 = ADVANCED_BREP_SHAPE_REPRESENTATION('',(#11,#2050),#2062);
#2050 = MANIFOLD_SOLID_BREP('',#2051);
#2051 = CLOSED_SHELL('',(#2052));
#2052 = ADVANCED_FACE('',(#2053),#2057,.T.);
#2053 = FACE_BOUND('',#2054,.T.);
#2054 = VERTEX_LOOP('',#2055);
#2055 = VERTEX_POINT('',#2056);
#2056 = CARTESIAN_POINT('',(1.071565949254E-17,-2.624579619658E-33,
    -0.175));
#2057 = SPHERICAL_SURFACE('',#2058,0.175);
#2058 = AXIS2_PLACEMENT_3D('',#2059,#2060,#2061);
#2059 = CARTESIAN_POINT('',(0.,0.,0.));
#2060 = DIRECTION('',(0.,0.,1.));
#2061 = DIRECTION('',(1.,0.,-0.));
#2062 = ( GEOMETRIC_REPRESENTATION_CONTEXT(3) 
GLOBAL_UNCERTAINTY_ASSIGNED_CONTEXT((#2066)) 
GLOBAL_UNIT_ASSIGNED_CONTEXT((#2063,#2064,#2065)) REPRESENTATION_CONTEXT
('Context #1','3D Context with UNIT and UNCERTAINTY') );
#2063 = ( LENGTH_UNIT() NAMED_UNIT(*) SI_UNIT(.MILLI.,.METRE.) );
#2064 = ( NAMED_UNIT(*) PLANE_ANGLE_UNIT() SI_UNIT($,.RADIAN.) );
#2065 = ( NAMED_UNIT(*) SI_UNIT($,.STERADIAN.) SOLID_ANGLE_UNIT() );
#2066 = UNCERTAINTY_MEASURE_WITH_UNIT(LENGTH_MEASURE(1.E-07),#2063,
  'distance_accuracy_value','confusion accuracy');
#2067 = SHAPE_DEFINITION_REPRESENTATION(#2068,#2049);
#2068 = PRODUCT_DEFINITION_SHAPE('','',#2069);
#2069 = PRODUCT_DEFINITION('design','',#2070,#2073);
#2070 = PRODUCT_DEFINITION_FORMATION('','',#2071);
#2071 = PRODUCT('F10','F10','',(#2072));
#2072 = PRODUCT_CONTEXT('',#2,'mechanical');
#2073 = PRODUCT_DEFINITION_CONTEXT('part definition',#2,'design');
#2074 = CONTEXT_DEPENDENT_SHAPE_REPRESENTATION(#2075,#2077);
#2075 = ( REPRESENTATION_RELATIONSHIP('','',#2049,#10) 
REPRESENTATION_RELATIONSHIP_WITH_TRANSFORMATION(#2076) 
SHAPE_REPRESENTATION_RELATIONSHIP() );
#2076 = ITEM_DEFINED_TRANSFORMATION('','',#11,#207);
#2077 = PRODUCT_DEFINITION_SHAPE('Placement','Placement of an item',
  #2078);
#2078 = NEXT_ASSEMBLY_USAGE_OCCURRENCE('49','=>[0:1:1:50]','',#5,#2069,$
  );
#2079 = PRODUCT_RELATED_PRODUCT_CATEGORY('part',$,(#2071));
#2080 = ADVANCED_BREP_SHAPE_REPRESENTATION('',(#11,#2081),#2093);
#2081 = MANIFOLD_SOLID_BREP('',#2082);
#2082 = CLOSED_SHELL('',(#2083));
#2083 = ADVANCED_FACE('',(#2084),#2088,.T.);
#2084 = FACE_BOUND('',#2085,.T.);
#2085 = VERTEX_LOOP('',#2086);
#2086 = VERTEX_POINT('',#2087);
#2087 = CARTESIAN_POINT('',(1.071565949254E-17,-2.624579619658E-33,
    -0.175));
#2088 = SPHERICAL_SURFACE('',#2089,0.175);
#2089 = AXIS2_PLACEMENT_3D('',#2090,#2091,#2092);
#2090 = CARTESIAN_POINT('',(0.,0.,0.));
#2091 = DIRECTION('',(0.,0.,1.));
#2092 = DIRECTION('',(1.,0.,-0.));
#2093 = ( GEOMETRIC_REPRESENTATION_CONTEXT(3) 
GLOBAL_UNCERTAINTY_ASSIGNED_CONTEXT((#2097)) 
GLOBAL_UNIT_ASSIGNED_CONTEXT((#2094,#2095,#2096)) REPRESENTATION_CONTEXT
('Context #1','3D Context with UNIT and UNCERTAINTY') );
#2094 = ( LENGTH_UNIT() NAMED_UNIT(*) SI_UNIT(.MILLI.,.METRE.) );
#2095 = ( NAMED_UNIT(*) PLANE_ANGLE_UNIT() SI_UNIT($,.RADIAN.) );
#2096 = ( NAMED_UNIT(*) SI_UNIT($,.STERADIAN.) SOLID_ANGLE_UNIT() );
#2097 = UNCERTAINTY_MEASURE_WITH_UNIT(LENGTH_MEASURE(1.E-07),#2094,
  'distance_accuracy_value','confusion accuracy');
#2098 = SHAPE_DEFINITION_REPRESENTATION(#2099,#2080);
#2099 = PRODUCT_DEFINITION_SHAPE('','',#2100);
#2100 = PRODUCT_DEFINITION('design','',#2101,#2104);
#2101 = PRODUCT_DEFINITION_FORMATION('','',#2102);
#2102 = PRODUCT('G1','G1','',(#2103));
#2103 = PRODUCT_CONTEXT('',#2,'mechanical');
#2104 = PRODUCT_DEFINITION_CONTEXT('part definition',#2,'design');
#2105 = CONTEXT_DEPENDENT_SHAPE_REPRESENTATION(#2106,#2108);
#2106 = ( REPRESENTATION_RELATIONSHIP('','',#2080,#10) 
REPRESENTATION_RELATIONSHIP_WITH_TRANSFORMATION(#2107) 
SHAPE_REPRESENTATION_RELATIONSHIP() );
#2107 = ITEM_DEFINED_TRANSFORMATION('','',#11,#211);
#2108 = PRODUCT_DEFINITION_SHAPE('Placement','Placement of an item',
  #2109);
#2109 = NEXT_ASSEMBLY_USAGE_OCCURRENCE('50','=>[0:1:1:51]','',#5,#2100,$
  );
#2110 = PRODUCT_RELATED_PRODUCT_CATEGORY('part',$,(#2102));
#2111 = ADVANCED_BREP_SHAPE_REPRESENTATION('',(#11,#2112),#2124);
#2112 = MANIFOLD_SOLID_BREP('',#2113);
#2113 = CLOSED_SHELL('',(#2114));
#2114 = ADVANCED_FACE('',(#2115),#2119,.T.);
#2115 = FACE_BOUND('',#2116,.T.);
#2116 = VERTEX_LOOP('',#2117);
#2117 = VERTEX_POINT('',#2118);
#2118 = CARTESIAN_POINT('',(1.071565949254E-17,-2.624579619658E-33,
    -0.175));
#2119 = SPHERICAL_SURFACE('',#2120,0.175);
#2120 = AXIS2_PLACEMENT_3D('',#2121,#2122,#2123);
#2121 = CARTESIAN_POINT('',(0.,0.,0.));
#2122 = DIRECTION('',(0.,0.,1.));
#2123 = DIRECTION('',(1.,0.,-0.));
#2124 = ( GEOMETRIC_REPRESENTATION_CONTEXT(3) 
GLOBAL_UNCERTAINTY_ASSIGNED_CONTEXT((#2128)) 
GLOBAL_UNIT_ASSIGNED_CONTEXT((#2125,#2126,#2127)) REPRESENTATION_CONTEXT
('Context #1','3D Context with UNIT and UNCERTAINTY') );
#2125 = ( LENGTH_UNIT() NAMED_UNIT(*) SI_UNIT(.MILLI.,.METRE.) );
#2126 = ( NAMED_UNIT(*) PLANE_ANGLE_UNIT() SI_UNIT($,.RADIAN.) );
#2127 = ( NAMED_UNIT(*) SI_UNIT($,.STERADIAN.) SOLID_ANGLE_UNIT() );
#2128 = UNCERTAINTY_MEASURE_WITH_UNIT(LENGTH_MEASURE(1.E-07),#2125,
  'distance_accuracy_value','confusion accuracy');
#2129 = SHAPE_DEFINITION_REPRESENTATION(#2130,#2111);
#2130 = PRODUCT_DEFINITION_SHAPE('','',#2131);
#2131 = PRODUCT_DEFINITION('design','',#2132,#2135);
#2132 = PRODUCT_DEFINITION_FORMATION('','',#2133);
#2133 = PRODUCT('G2','G2','',(#2134));
#2134 = PRODUCT_CONTEXT('',#2,'mechanical');
#2135 = PRODUCT_DEFINITION_CONTEXT('part definition',#2,'design');
#2136 = CONTEXT_DEPENDENT_SHAPE_REPRESENTATION(#2137,#2139);
#2137 = ( REPRESENTATION_RELATIONSHIP('','',#2111,#10) 
REPRESENTATION_RELATIONSHIP_WITH_TRANSFORMATION(#2138) 
SHAPE_REPRESENTATION_RELATIONSHIP() );
#2138 = ITEM_DEFINED_TRANSFORMATION('','',#11,#215);
#2139 = PRODUCT_DEFINITION_SHAPE('Placement','Placement of an item',
  #2140);
#2140 = NEXT_ASSEMBLY_USAGE_OCCURRENCE('51','=>[0:1:1:52]','',#5,#2131,$
  );
#2141 = PRODUCT_RELATED_PRODUCT_CATEGORY('part',$,(#2133));
#2142 = ADVANCED_BREP_SHAPE_REPRESENTATION('',(#11,#2143),#2155);
#2143 = MANIFOLD_SOLID_BREP('',#2144);
#2144 = CLOSED_SHELL('',(#2145));
#2145 = ADVANCED_FACE('',(#2146),#2150,.T.);
#2146 = FACE_BOUND('',#2147,.T.);
#2147 = VERTEX_LOOP('',#2148);
#2148 = VERTEX_POINT('',#2149);
#2149 = CARTESIAN_POINT('',(1.071565949254E-17,-2.624579619658E-33,
    -0.175));
#2150 = SPHERICAL_SURFACE('',#2151,0.175);
#2151 = AXIS2_PLACEMENT_3D('',#2152,#2153,#2154);
#2152 = CARTESIAN_POINT('',(0.,0.,0.));
#2153 = DIRECTION('',(0.,0.,1.));
#2154 = DIRECTION('',(1.,0.,-0.));
#2155 = ( GEOMETRIC_REPRESENTATION_CONTEXT(3) 
GLOBAL_UNCERTAINTY_ASSIGNED_CONTEXT((#2159)) 
GLOBAL_UNIT_ASSIGNED_CONTEXT((#2156,#2157,#2158)) REPRESENTATION_CONTEXT
('Context #1','3D Context with UNIT and UNCERTAINTY') );
#2156 = ( LENGTH_UNIT() NAMED_UNIT(*) SI_UNIT(.MILLI.,.METRE.) );
#2157 = ( NAMED_UNIT(*) PLANE_ANGLE_UNIT() SI_UNIT($,.RADIAN.) );
#2158 = ( NAMED_UNIT(*) SI_UNIT($,.STERADIAN.) SOLID_ANGLE_UNIT() );
#2159 = UNCERTAINTY_MEASURE_WITH_UNIT(LENGTH_MEASURE(1.E-07),#2156,
  'distance_accuracy_value','confusion accuracy');
#2160 = SHAPE_DEFINITION_REPRESENTATION(#2161,#2142);
#2161 = PRODUCT_DEFINITION_SHAPE('','',#2162);
#2162 = PRODUCT_DEFINITION('design','',#2163,#2166);
#2163 = PRODUCT_DEFINITION_FORMATION('','',#2164);
#2164 = PRODUCT('G3','G3','',(#2165));
#2165 = PRODUCT_CONTEXT('',#2,'mechanical');
#2166 = PRODUCT_DEFINITION_CONTEXT('part definition',#2,'design');
#2167 = CONTEXT_DEPENDENT_SHAPE_REPRESENTATION(#2168,#2170);
#2168 = ( REPRESENTATION_RELATIONSHIP('','',#2142,#10) 
REPRESENTATION_RELATIONSHIP_WITH_TRANSFORMATION(#2169) 
SHAPE_REPRESENTATION_RELATIONSHIP() );
#2169 = ITEM_DEFINED_TRANSFORMATION('','',#11,#219);
#2170 = PRODUCT_DEFINITION_SHAPE('Placement','Placement of an item',
  #2171);
#2171 = NEXT_ASSEMBLY_USAGE_OCCURRENCE('52','=>[0:1:1:53]','',#5,#2162,$
  );
#2172 = PRODUCT_RELATED_PRODUCT_CATEGORY('part',$,(#2164));
#2173 = ADVANCED_BREP_SHAPE_REPRESENTATION('',(#11,#2174),#2186);
#2174 = MANIFOLD_SOLID_BREP('',#2175);
#2175 = CLOSED_SHELL('',(#2176));
#2176 = ADVANCED_FACE('',(#2177),#2181,.T.);
#2177 = FACE_BOUND('',#2178,.T.);
#2178 = VERTEX_LOOP('',#2179);
#2179 = VERTEX_POINT('',#2180);
#2180 = CARTESIAN_POINT('',(1.071565949254E-17,-2.624579619658E-33,
    -0.175));
#2181 = SPHERICAL_SURFACE('',#2182,0.175);
#2182 = AXIS2_PLACEMENT_3D('',#2183,#2184,#2185);
#2183 = CARTESIAN_POINT('',(0.,0.,0.));
#2184 = DIRECTION('',(0.,0.,1.));
#2185 = DIRECTION('',(1.,0.,-0.));
#2186 = ( GEOMETRIC_REPRESENTATION_CONTEXT(3) 
GLOBAL_UNCERTAINTY_ASSIGNED_CONTEXT((#2190)) 
GLOBAL_UNIT_ASSIGNED_CONTEXT((#2187,#2188,#2189)) REPRESENTATION_CONTEXT
('Context #1','3D Context with UNIT and UNCERTAINTY') );
#2187 = ( LENGTH_UNIT() NAMED_UNIT(*) SI_UNIT(.MILLI.,.METRE.) );
#2188 = ( NAMED_UNIT(*) PLANE_ANGLE_UNIT() SI_UNIT($,.RADIAN.) );
#2189 = ( NAMED_UNIT(*) SI_UNIT($,.STERADIAN.) SOLID_ANGLE_UNIT() );
#2190 = UNCERTAINTY_MEASURE_WITH_UNIT(LENGTH_MEASURE(1.E-07),#2187,
  'distance_accuracy_value','confusion accuracy');
#2191 = SHAPE_DEFINITION_REPRESENTATION(#2192,#2173);
#2192 = PRODUCT_DEFINITION_SHAPE('','',#2193);
#2193 = PRODUCT_DEFINITION('design','',#2194,#2197);
#2194 = PRODUCT_DEFINITION_FORMATION('','',#2195);
#2195 = PRODUCT('G5','G5','',(#2196));
#2196 = PRODUCT_CONTEXT('',#2,'mechanical');
#2197 = PRODUCT_DEFINITION_CONTEXT('part definition',#2,'design');
#2198 = CONTEXT_DEPENDENT_SHAPE_REPRESENTATION(#2199,#2201);
#2199 = ( REPRESENTATION_RELATIONSHIP('','',#2173,#10) 
REPRESENTATION_RELATIONSHIP_WITH_TRANSFORMATION(#2200) 
SHAPE_REPRESENTATION_RELATIONSHIP() );
#2200 = ITEM_DEFINED_TRANSFORMATION('','',#11,#223);
#2201 = PRODUCT_DEFINITION_SHAPE('Placement','Placement of an item',
  #2202);
#2202 = NEXT_ASSEMBLY_USAGE_OCCURRENCE('53','=>[0:1:1:54]','',#5,#2193,$
  );
#2203 = PRODUCT_RELATED_PRODUCT_CATEGORY('part',$,(#2195));
#2204 = ADVANCED_BREP_SHAPE_REPRESENTATION('',(#11,#2205),#2217);
#2205 = MANIFOLD_SOLID_BREP('',#2206);
#2206 = CLOSED_SHELL('',(#2207));
#2207 = ADVANCED_FACE('',(#2208),#2212,.T.);
#2208 = FACE_BOUND('',#2209,.T.);
#2209 = VERTEX_LOOP('',#2210);
#2210 = VERTEX_POINT('',#2211);
#2211 = CARTESIAN_POINT('',(1.071565949254E-17,-2.624579619658E-33,
    -0.175));
#2212 = SPHERICAL_SURFACE('',#2213,0.175);
#2213 = AXIS2_PLACEMENT_3D('',#2214,#2215,#2216);
#2214 = CARTESIAN_POINT('',(0.,0.,0.));
#2215 = DIRECTION('',(0.,0.,1.));
#2216 = DIRECTION('',(1.,0.,-0.));
#2217 = ( GEOMETRIC_REPRESENTATION_CONTEXT(3) 
GLOBAL_UNCERTAINTY_ASSIGNED_CONTEXT((#2221)) 
GLOBAL_UNIT_ASSIGNED_CONTEXT((#2218,#2219,#2220)) REPRESENTATION_CONTEXT
('Context #1','3D Context with UNIT and UNCERTAINTY') );
#2218 = ( LENGTH_UNIT() NAMED_UNIT(*) SI_UNIT(.MILLI.,.METRE.) );
#2219 = ( NAMED_UNIT(*) PLANE_ANGLE_UNIT() SI_UNIT($,.RADIAN.) );
#2220 = ( NAMED_UNIT(*) SI_UNIT($,.STERADIAN.) SOLID_ANGLE_UNIT() );
#2221 = UNCERTAINTY_MEASURE_WITH_UNIT(LENGTH_MEASURE(1.E-07),#2218,
  'distance_accuracy_value','confusion accuracy');
#2222 = SHAPE_DEFINITION_REPRESENTATION(#2223,#2204);
#2223 = PRODUCT_DEFINITION_SHAPE('','',#2224);
#2224 = PRODUCT_DEFINITION('design','',#2225,#2228);
#2225 = PRODUCT_DEFINITION_FORMATION('','',#2226);
#2226 = PRODUCT('G6','G6','',(#2227));
#2227 = PRODUCT_CONTEXT('',#2,'mechanical');
#2228 = PRODUCT_DEFINITION_CONTEXT('part definition',#2,'design');
#2229 = CONTEXT_DEPENDENT_SHAPE_REPRESENTATION(#2230,#2232);
#2230 = ( REPRESENTATION_RELATIONSHIP('','',#2204,#10) 
REPRESENTATION_RELATIONSHIP_WITH_TRANSFORMATION(#2231) 
SHAPE_REPRESENTATION_RELATIONSHIP() );
#2231 = ITEM_DEFINED_TRANSFORMATION('','',#11,#227);
#2232 = PRODUCT_DEFINITION_SHAPE('Placement','Placement of an item',
  #2233);
#2233 = NEXT_ASSEMBLY_USAGE_OCCURRENCE('54','=>[0:1:1:55]','',#5,#2224,$
  );
#2234 = PRODUCT_RELATED_PRODUCT_CATEGORY('part',$,(#2226));
#2235 = ADVANCED_BREP_SHAPE_REPRESENTATION('',(#11,#2236),#2248);
#2236 = MANIFOLD_SOLID_BREP('',#2237);
#2237 = CLOSED_SHELL('',(#2238));
#2238 = ADVANCED_FACE('',(#2239),#2243,.T.);
#2239 = FACE_BOUND('',#2240,.T.);
#2240 = VERTEX_LOOP('',#2241);
#2241 = VERTEX_POINT('',#2242);
#2242 = CARTESIAN_POINT('',(1.071565949254E-17,-2.624579619658E-33,
    -0.175));
#2243 = SPHERICAL_SURFACE('',#2244,0.175);
#2244 = AXIS2_PLACEMENT_3D('',#2245,#2246,#2247);
#2245 = CARTESIAN_POINT('',(0.,0.,0.));
#2246 = DIRECTION('',(0.,0.,1.));
#2247 = DIRECTION('',(1.,0.,-0.));
#2248 = ( GEOMETRIC_REPRESENTATION_CONTEXT(3) 
GLOBAL_UNCERTAINTY_ASSIGNED_CONTEXT((#2252)) 
GLOBAL_UNIT_ASSIGNED_CONTEXT((#2249,#2250,#2251)) REPRESENTATION_CONTEXT
('Context #1','3D Context with UNIT and UNCERTAINTY') );
#2249 = ( LENGTH_UNIT() NAMED_UNIT(*) SI_UNIT(.MILLI.,.METRE.) );
#2250 = ( NAMED_UNIT(*) PLANE_ANGLE_UNIT() SI_UNIT($,.RADIAN.) );
#2251 = ( NAMED_UNIT(*) SI_UNIT($,.STERADIAN.) SOLID_ANGLE_UNIT() );
#2252 = UNCERTAINTY_MEASURE_WITH_UNIT(LENGTH_MEASURE(1.E-07),#2249,
  'distance_accuracy_value','confusion accuracy');
#2253 = SHAPE_DEFINITION_REPRESENTATION(#2254,#2235);
#2254 = PRODUCT_DEFINITION_SHAPE('','',#2255);
#2255 = PRODUCT_DEFINITION('design','',#2256,#2259);
#2256 = PRODUCT_DEFINITION_FORMATION('','',#2257);
#2257 = PRODUCT('G7','G7','',(#2258));
#2258 = PRODUCT_CONTEXT('',#2,'mechanical');
#2259 = PRODUCT_DEFINITION_CONTEXT('part definition',#2,'design');
#2260 = CONTEXT_DEPENDENT_SHAPE_REPRESENTATION(#2261,#2263);
#2261 = ( REPRESENTATION_RELATIONSHIP('','',#2235,#10) 
REPRESENTATION_RELATIONSHIP_WITH_TRANSFORMATION(#2262) 
SHAPE_REPRESENTATION_RELATIONSHIP() );
#2262 = ITEM_DEFINED_TRANSFORMATION('','',#11,#231);
#2263 = PRODUCT_DEFINITION_SHAPE('Placement','Placement of an item',
  #2264);
#2264 = NEXT_ASSEMBLY_USAGE_OCCURRENCE('55','=>[0:1:1:56]','',#5,#2255,$
  );
#2265 = PRODUCT_RELATED_PRODUCT_CATEGORY('part',$,(#2257));
#2266 = ADVANCED_BREP_SHAPE_REPRESENTATION('',(#11,#2267),#2279);
#2267 = MANIFOLD_SOLID_BREP('',#2268);
#2268 = CLOSED_SHELL('',(#2269));
#2269 = ADVANCED_FACE('',(#2270),#2274,.T.);
#2270 = FACE_BOUND('',#2271,.T.);
#2271 = VERTEX_LOOP('',#2272);
#2272 = VERTEX_POINT('',#2273);
#2273 = CARTESIAN_POINT('',(1.071565949254E-17,-2.624579619658E-33,
    -0.175));
#2274 = SPHERICAL_SURFACE('',#2275,0.175);
#2275 = AXIS2_PLACEMENT_3D('',#2276,#2277,#2278);
#2276 = CARTESIAN_POINT('',(0.,0.,0.));
#2277 = DIRECTION('',(0.,0.,1.));
#2278 = DIRECTION('',(1.,0.,-0.));
#2279 = ( GEOMETRIC_REPRESENTATION_CONTEXT(3) 
GLOBAL_UNCERTAINTY_ASSIGNED_CONTEXT((#2283)) 
GLOBAL_UNIT_ASSIGNED_CONTEXT((#2280,#2281,#2282)) REPRESENTATION_CONTEXT
('Context #1','3D Context with UNIT and UNCERTAINTY') );
#2280 = ( LENGTH_UNIT() NAMED_UNIT(*) SI_UNIT(.MILLI.,.METRE.) );
#2281 = ( NAMED_UNIT(*) PLANE_ANGLE_UNIT() SI_UNIT($,.RADIAN.) );
#2282 = ( NAMED_UNIT(*) SI_UNIT($,.STERADIAN.) SOLID_ANGLE_UNIT() );
#2283 = UNCERTAINTY_MEASURE_WITH_UNIT(LENGTH_MEASURE(1.E-07),#2280,
  'distance_accuracy_value','confusion accuracy');
#2284 = SHAPE_DEFINITION_REPRESENTATION(#2285,#2266);
#2285 = PRODUCT_DEFINITION_SHAPE('','',#2286);
#2286 = PRODUCT_DEFINITION('design','',#2287,#2290);
#2287 = PRODUCT_DEFINITION_FORMATION('','',#2288);
#2288 = PRODUCT('G8','G8','',(#2289));
#2289 = PRODUCT_CONTEXT('',#2,'mechanical');
#2290 = PRODUCT_DEFINITION_CONTEXT('part definition',#2,'design');
#2291 = CONTEXT_DEPENDENT_SHAPE_REPRESENTATION(#2292,#2294);
#2292 = ( REPRESENTATION_RELATIONSHIP('','',#2266,#10) 
REPRESENTATION_RELATIONSHIP_WITH_TRANSFORMATION(#2293) 
SHAPE_REPRESENTATION_RELATIONSHIP() );
#2293 = ITEM_DEFINED_TRANSFORMATION('','',#11,#235);
#2294 = PRODUCT_DEFINITION_SHAPE('Placement','Placement of an item',
  #2295);
#2295 = NEXT_ASSEMBLY_USAGE_OCCURRENCE('56','=>[0:1:1:57]','',#5,#2286,$
  );
#2296 = PRODUCT_RELATED_PRODUCT_CATEGORY('part',$,(#2288));
#2297 = ADVANCED_BREP_SHAPE_REPRESENTATION('',(#11,#2298),#2310);
#2298 = MANIFOLD_SOLID_BREP('',#2299);
#2299 = CLOSED_SHELL('',(#2300));
#2300 = ADVANCED_FACE('',(#2301),#2305,.T.);
#2301 = FACE_BOUND('',#2302,.T.);
#2302 = VERTEX_LOOP('',#2303);
#2303 = VERTEX_POINT('',#2304);
#2304 = CARTESIAN_POINT('',(1.071565949254E-17,-2.624579619658E-33,
    -0.175));
#2305 = SPHERICAL_SURFACE('',#2306,0.175);
#2306 = AXIS2_PLACEMENT_3D('',#2307,#2308,#2309);
#2307 = CARTESIAN_POINT('',(0.,0.,0.));
#2308 = DIRECTION('',(0.,0.,1.));
#2309 = DIRECTION('',(1.,0.,-0.));
#2310 = ( GEOMETRIC_REPRESENTATION_CONTEXT(3) 
GLOBAL_UNCERTAINTY_ASSIGNED_CONTEXT((#2314)) 
GLOBAL_UNIT_ASSIGNED_CONTEXT((#2311,#2312,#2313)) REPRESENTATION_CONTEXT
('Context #1','3D Context with UNIT and UNCERTAINTY') );
#2311 = ( LENGTH_UNIT() NAMED_UNIT(*) SI_UNIT(.MILLI.,.METRE.) );
#2312 = ( NAMED_UNIT(*) PLANE_ANGLE_UNIT() SI_UNIT($,.RADIAN.) );
#2313 = ( NAMED_UNIT(*) SI_UNIT($,.STERADIAN.) SOLID_ANGLE_UNIT() );
#2314 = UNCERTAINTY_MEASURE_WITH_UNIT(LENGTH_MEASURE(1.E-07),#2311,
  'distance_accuracy_value','confusion accuracy');
#2315 = SHAPE_DEFINITION_REPRESENTATION(#2316,#2297);
#2316 = PRODUCT_DEFINITION_SHAPE('','',#2317);
#2317 = PRODUCT_DEFINITION('design','',#2318,#2321);
#2318 = PRODUCT_DEFINITION_FORMATION('','',#2319);
#2319 = PRODUCT('G9','G9','',(#2320));
#2320 = PRODUCT_CONTEXT('',#2,'mechanical');
#2321 = PRODUCT_DEFINITION_CONTEXT('part definition',#2,'design');
#2322 = CONTEXT_DEPENDENT_SHAPE_REPRESENTATION(#2323,#2325);
#2323 = ( REPRESENTATION_RELATIONSHIP('','',#2297,#10) 
REPRESENTATION_RELATIONSHIP_WITH_TRANSFORMATION(#2324) 
SHAPE_REPRESENTATION_RELATIONSHIP() );
#2324 = ITEM_DEFINED_TRANSFORMATION('','',#11,#239);
#2325 = PRODUCT_DEFINITION_SHAPE('Placement','Placement of an item',
  #2326);
#2326 = NEXT_ASSEMBLY_USAGE_OCCURRENCE('57','=>[0:1:1:58]','',#5,#2317,$
  );
#2327 = PRODUCT_RELATED_PRODUCT_CATEGORY('part',$,(#2319));
#2328 = ADVANCED_BREP_SHAPE_REPRESENTATION('',(#11,#2329),#2341);
#2329 = MANIFOLD_SOLID_BREP('',#2330);
#2330 = CLOSED_SHELL('',(#2331));
#2331 = ADVANCED_FACE('',(#2332),#2336,.T.);
#2332 = FACE_BOUND('',#2333,.T.);
#2333 = VERTEX_LOOP('',#2334);
#2334 = VERTEX_POINT('',#2335);
#2335 = CARTESIAN_POINT('',(1.071565949254E-17,-2.624579619658E-33,
    -0.175));
#2336 = SPHERICAL_SURFACE('',#2337,0.175);
#2337 = AXIS2_PLACEMENT_3D('',#2338,#2339,#2340);
#2338 = CARTESIAN_POINT('',(0.,0.,0.));
#2339 = DIRECTION('',(0.,0.,1.));
#2340 = DIRECTION('',(1.,0.,-0.));
#2341 = ( GEOMETRIC_REPRESENTATION_CONTEXT(3) 
GLOBAL_UNCERTAINTY_ASSIGNED_CONTEXT((#2345)) 
GLOBAL_UNIT_ASSIGNED_CONTEXT((#2342,#2343,#2344)) REPRESENTATION_CONTEXT
('Context #1','3D Context with UNIT and UNCERTAINTY') );
#2342 = ( LENGTH_UNIT() NAMED_UNIT(*) SI_UNIT(.MILLI.,.METRE.) );
#2343 = ( NAMED_UNIT(*) PLANE_ANGLE_UNIT() SI_UNIT($,.RADIAN.) );
#2344 = ( NAMED_UNIT(*) SI_UNIT($,.STERADIAN.) SOLID_ANGLE_UNIT() );
#2345 = UNCERTAINTY_MEASURE_WITH_UNIT(LENGTH_MEASURE(1.E-07),#2342,
  'distance_accuracy_value','confusion accuracy');
#2346 = SHAPE_DEFINITION_REPRESENTATION(#2347,#2328);
#2347 = PRODUCT_DEFINITION_SHAPE('','',#2348);
#2348 = PRODUCT_DEFINITION('design','',#2349,#2352);
#2349 = PRODUCT_DEFINITION_FORMATION('','',#2350);
#2350 = PRODUCT('G10','G10','',(#2351));
#2351 = PRODUCT_CONTEXT('',#2,'mechanical');
#2352 = PRODUCT_DEFINITION_CONTEXT('part definition',#2,'design');
#2353 = CONTEXT_DEPENDENT_SHAPE_REPRESENTATION(#2354,#2356);
#2354 = ( REPRESENTATION_RELATIONSHIP('','',#2328,#10) 
REPRESENTATION_RELATIONSHIP_WITH_TRANSFORMATION(#2355) 
SHAPE_REPRESENTATION_RELATIONSHIP() );
#2355 = ITEM_DEFINED_TRANSFORMATION('','',#11,#243);
#2356 = PRODUCT_DEFINITION_SHAPE('Placement','Placement of an item',
  #2357);
#2357 = NEXT_ASSEMBLY_USAGE_OCCURRENCE('58','=>[0:1:1:59]','',#5,#2348,$
  );
#2358 = PRODUCT_RELATED_PRODUCT_CATEGORY('part',$,(#2350));
#2359 = ADVANCED_BREP_SHAPE_REPRESENTATION('',(#11,#2360),#2372);
#2360 = MANIFOLD_SOLID_BREP('',#2361);
#2361 = CLOSED_SHELL('',(#2362));
#2362 = ADVANCED_FACE('',(#2363),#2367,.T.);
#2363 = FACE_BOUND('',#2364,.T.);
#2364 = VERTEX_LOOP('',#2365);
#2365 = VERTEX_POINT('',#2366);
#2366 = CARTESIAN_POINT('',(1.071565949254E-17,-2.624579619658E-33,
    -0.175));
#2367 = SPHERICAL_SURFACE('',#2368,0.175);
#2368 = AXIS2_PLACEMENT_3D('',#2369,#2370,#2371);
#2369 = CARTESIAN_POINT('',(0.,0.,0.));
#2370 = DIRECTION('',(0.,0.,1.));
#2371 = DIRECTION('',(1.,0.,-0.));
#2372 = ( GEOMETRIC_REPRESENTATION_CONTEXT(3) 
GLOBAL_UNCERTAINTY_ASSIGNED_CONTEXT((#2376)) 
GLOBAL_UNIT_ASSIGNED_CONTEXT((#2373,#2374,#2375)) REPRESENTATION_CONTEXT
('Context #1','3D Context with UNIT and UNCERTAINTY') );
#2373 = ( LENGTH_UNIT() NAMED_UNIT(*) SI_UNIT(.MILLI.,.METRE.) );
#2374 = ( NAMED_UNIT(*) PLANE_ANGLE_UNIT() SI_UNIT($,.RADIAN.) );
#2375 = ( NAMED_UNIT(*) SI_UNIT($,.STERADIAN.) SOLID_ANGLE_UNIT() );
#2376 = UNCERTAINTY_MEASURE_WITH_UNIT(LENGTH_MEASURE(1.E-07),#2373,
  'distance_accuracy_value','confusion accuracy');
#2377 = SHAPE_DEFINITION_REPRESENTATION(#2378,#2359);
#2378 = PRODUCT_DEFINITION_SHAPE('','',#2379);
#2379 = PRODUCT_DEFINITION('design','',#2380,#2383);
#2380 = PRODUCT_DEFINITION_FORMATION('','',#2381);
#2381 = PRODUCT('H1','H1','',(#2382));
#2382 = PRODUCT_CONTEXT('',#2,'mechanical');
#2383 = PRODUCT_DEFINITION_CONTEXT('part definition',#2,'design');
#2384 = CONTEXT_DEPENDENT_SHAPE_REPRESENTATION(#2385,#2387);
#2385 = ( REPRESENTATION_RELATIONSHIP('','',#2359,#10) 
REPRESENTATION_RELATIONSHIP_WITH_TRANSFORMATION(#2386) 
SHAPE_REPRESENTATION_RELATIONSHIP() );
#2386 = ITEM_DEFINED_TRANSFORMATION('','',#11,#247);
#2387 = PRODUCT_DEFINITION_SHAPE('Placement','Placement of an item',
  #2388);
#2388 = NEXT_ASSEMBLY_USAGE_OCCURRENCE('59','=>[0:1:1:60]','',#5,#2379,$
  );
#2389 = PRODUCT_RELATED_PRODUCT_CATEGORY('part',$,(#2381));
#2390 = ADVANCED_BREP_SHAPE_REPRESENTATION('',(#11,#2391),#2403);
#2391 = MANIFOLD_SOLID_BREP('',#2392);
#2392 = CLOSED_SHELL('',(#2393));
#2393 = ADVANCED_FACE('',(#2394),#2398,.T.);
#2394 = FACE_BOUND('',#2395,.T.);
#2395 = VERTEX_LOOP('',#2396);
#2396 = VERTEX_POINT('',#2397);
#2397 = CARTESIAN_POINT('',(1.071565949254E-17,-2.624579619658E-33,
    -0.175));
#2398 = SPHERICAL_SURFACE('',#2399,0.175);
#2399 = AXIS2_PLACEMENT_3D('',#2400,#2401,#2402);
#2400 = CARTESIAN_POINT('',(0.,0.,0.));
#2401 = DIRECTION('',(0.,0.,1.));
#2402 = DIRECTION('',(1.,0.,-0.));
#2403 = ( GEOMETRIC_REPRESENTATION_CONTEXT(3) 
GLOBAL_UNCERTAINTY_ASSIGNED_CONTEXT((#2407)) 
GLOBAL_UNIT_ASSIGNED_CONTEXT((#2404,#2405,#2406)) REPRESENTATION_CONTEXT
('Context #1','3D Context with UNIT and UNCERTAINTY') );
#2404 = ( LENGTH_UNIT() NAMED_UNIT(*) SI_UNIT(.MILLI.,.METRE.) );
#2405 = ( NAMED_UNIT(*) PLANE_ANGLE_UNIT() SI_UNIT($,.RADIAN.) );
#2406 = ( NAMED_UNIT(*) SI_UNIT($,.STERADIAN.) SOLID_ANGLE_UNIT() );
#2407 = UNCERTAINTY_MEASURE_WITH_UNIT(LENGTH_MEASURE(1.E-07),#2404,
  'distance_accuracy_value','confusion accuracy');
#2408 = SHAPE_DEFINITION_REPRESENTATION(#2409,#2390);
#2409 = PRODUCT_DEFINITION_SHAPE('','',#2410);
#2410 = PRODUCT_DEFINITION('design','',#2411,#2414);
#2411 = PRODUCT_DEFINITION_FORMATION('','',#2412);
#2412 = PRODUCT('H2','H2','',(#2413));
#2413 = PRODUCT_CONTEXT('',#2,'mechanical');
#2414 = PRODUCT_DEFINITION_CONTEXT('part definition',#2,'design');
#2415 = CONTEXT_DEPENDENT_SHAPE_REPRESENTATION(#2416,#2418);
#2416 = ( REPRESENTATION_RELATIONSHIP('','',#2390,#10) 
REPRESENTATION_RELATIONSHIP_WITH_TRANSFORMATION(#2417) 
SHAPE_REPRESENTATION_RELATIONSHIP() );
#2417 = ITEM_DEFINED_TRANSFORMATION('','',#11,#251);
#2418 = PRODUCT_DEFINITION_SHAPE('Placement','Placement of an item',
  #2419);
#2419 = NEXT_ASSEMBLY_USAGE_OCCURRENCE('60','=>[0:1:1:61]','',#5,#2410,$
  );
#2420 = PRODUCT_RELATED_PRODUCT_CATEGORY('part',$,(#2412));
#2421 = ADVANCED_BREP_SHAPE_REPRESENTATION('',(#11,#2422),#2434);
#2422 = MANIFOLD_SOLID_BREP('',#2423);
#2423 = CLOSED_SHELL('',(#2424));
#2424 = ADVANCED_FACE('',(#2425),#2429,.T.);
#2425 = FACE_BOUND('',#2426,.T.);
#2426 = VERTEX_LOOP('',#2427);
#2427 = VERTEX_POINT('',#2428);
#2428 = CARTESIAN_POINT('',(1.071565949254E-17,-2.624579619658E-33,
    -0.175));
#2429 = SPHERICAL_SURFACE('',#2430,0.175);
#2430 = AXIS2_PLACEMENT_3D('',#2431,#2432,#2433);
#2431 = CARTESIAN_POINT('',(0.,0.,0.));
#2432 = DIRECTION('',(0.,0.,1.));
#2433 = DIRECTION('',(1.,0.,-0.));
#2434 = ( GEOMETRIC_REPRESENTATION_CONTEXT(3) 
GLOBAL_UNCERTAINTY_ASSIGNED_CONTEXT((#2438)) 
GLOBAL_UNIT_ASSIGNED_CONTEXT((#2435,#2436,#2437)) REPRESENTATION_CONTEXT
('Context #1','3D Context with UNIT and UNCERTAINTY') );
#2435 = ( LENGTH_UNIT() NAMED_UNIT(*) SI_UNIT(.MILLI.,.METRE.) );
#2436 = ( NAMED_UNIT(*) PLANE_ANGLE_UNIT() SI_UNIT($,.RADIAN.) );
#2437 = ( NAMED_UNIT(*) SI_UNIT($,.STERADIAN.) SOLID_ANGLE_UNIT() );
#2438 = UNCERTAINTY_MEASURE_WITH_UNIT(LENGTH_MEASURE(1.E-07),#2435,
  'distance_accuracy_value','confusion accuracy');
#2439 = SHAPE_DEFINITION_REPRESENTATION(#2440,#2421);
#2440 = PRODUCT_DEFINITION_SHAPE('','',#2441);
#2441 = PRODUCT_DEFINITION('design','',#2442,#2445);
#2442 = PRODUCT_DEFINITION_FORMATION('','',#2443);
#2443 = PRODUCT('H3','H3','',(#2444));
#2444 = PRODUCT_CONTEXT('',#2,'mechanical');
#2445 = PRODUCT_DEFINITION_CONTEXT('part definition',#2,'design');
#2446 = CONTEXT_DEPENDENT_SHAPE_REPRESENTATION(#2447,#2449);
#2447 = ( REPRESENTATION_RELATIONSHIP('','',#2421,#10) 
REPRESENTATION_RELATIONSHIP_WITH_TRANSFORMATION(#2448) 
SHAPE_REPRESENTATION_RELATIONSHIP() );
#2448 = ITEM_DEFINED_TRANSFORMATION('','',#11,#255);
#2449 = PRODUCT_DEFINITION_SHAPE('Placement','Placement of an item',
  #2450);
#2450 = NEXT_ASSEMBLY_USAGE_OCCURRENCE('61','=>[0:1:1:62]','',#5,#2441,$
  );
#2451 = PRODUCT_RELATED_PRODUCT_CATEGORY('part',$,(#2443));
#2452 = ADVANCED_BREP_SHAPE_REPRESENTATION('',(#11,#2453),#2465);
#2453 = MANIFOLD_SOLID_BREP('',#2454);
#2454 = CLOSED_SHELL('',(#2455));
#2455 = ADVANCED_FACE('',(#2456),#2460,.T.);
#2456 = FACE_BOUND('',#2457,.T.);
#2457 = VERTEX_LOOP('',#2458);
#2458 = VERTEX_POINT('',#2459);
#2459 = CARTESIAN_POINT('',(1.071565949254E-17,-2.624579619658E-33,
    -0.175));
#2460 = SPHERICAL_SURFACE('',#2461,0.175);
#2461 = AXIS2_PLACEMENT_3D('',#2462,#2463,#2464);
#2462 = CARTESIAN_POINT('',(0.,0.,0.));
#2463 = DIRECTION('',(0.,0.,1.));
#2464 = DIRECTION('',(1.,0.,-0.));
#2465 = ( GEOMETRIC_REPRESENTATION_CONTEXT(3) 
GLOBAL_UNCERTAINTY_ASSIGNED_CONTEXT((#2469)) 
GLOBAL_UNIT_ASSIGNED_CONTEXT((#2466,#2467,#2468)) REPRESENTATION_CONTEXT
('Context #1','3D Context with UNIT and UNCERTAINTY') );
#2466 = ( LENGTH_UNIT() NAMED_UNIT(*) SI_UNIT(.MILLI.,.METRE.) );
#2467 = ( NAMED_UNIT(*) PLANE_ANGLE_UNIT() SI_UNIT($,.RADIAN.) );
#2468 = ( NAMED_UNIT(*) SI_UNIT($,.STERADIAN.) SOLID_ANGLE_UNIT() );
#2469 = UNCERTAINTY_MEASURE_WITH_UNIT(LENGTH_MEASURE(1.E-07),#2466,
  'distance_accuracy_value','confusion accuracy');
#2470 = SHAPE_DEFINITION_REPRESENTATION(#2471,#2452);
#2471 = PRODUCT_DEFINITION_SHAPE('','',#2472);
#2472 = PRODUCT_DEFINITION('design','',#2473,#2476);
#2473 = PRODUCT_DEFINITION_FORMATION('','',#2474);
#2474 = PRODUCT('H5','H5','',(#2475));
#2475 = PRODUCT_CONTEXT('',#2,'mechanical');
#2476 = PRODUCT_DEFINITION_CONTEXT('part definition',#2,'design');
#2477 = CONTEXT_DEPENDENT_SHAPE_REPRESENTATION(#2478,#2480);
#2478 = ( REPRESENTATION_RELATIONSHIP('','',#2452,#10) 
REPRESENTATION_RELATIONSHIP_WITH_TRANSFORMATION(#2479) 
SHAPE_REPRESENTATION_RELATIONSHIP() );
#2479 = ITEM_DEFINED_TRANSFORMATION('','',#11,#259);
#2480 = PRODUCT_DEFINITION_SHAPE('Placement','Placement of an item',
  #2481);
#2481 = NEXT_ASSEMBLY_USAGE_OCCURRENCE('62','=>[0:1:1:63]','',#5,#2472,$
  );
#2482 = PRODUCT_RELATED_PRODUCT_CATEGORY('part',$,(#2474));
#2483 = ADVANCED_BREP_SHAPE_REPRESENTATION('',(#11,#2484),#2496);
#2484 = MANIFOLD_SOLID_BREP('',#2485);
#2485 = CLOSED_SHELL('',(#2486));
#2486 = ADVANCED_FACE('',(#2487),#2491,.T.);
#2487 = FACE_BOUND('',#2488,.T.);
#2488 = VERTEX_LOOP('',#2489);
#2489 = VERTEX_POINT('',#2490);
#2490 = CARTESIAN_POINT('',(1.071565949254E-17,-2.624579619658E-33,
    -0.175));
#2491 = SPHERICAL_SURFACE('',#2492,0.175);
#2492 = AXIS2_PLACEMENT_3D('',#2493,#2494,#2495);
#2493 = CARTESIAN_POINT('',(0.,0.,0.));
#2494 = DIRECTION('',(0.,0.,1.));
#2495 = DIRECTION('',(1.,0.,-0.));
#2496 = ( GEOMETRIC_REPRESENTATION_CONTEXT(3) 
GLOBAL_UNCERTAINTY_ASSIGNED_CONTEXT((#2500)) 
GLOBAL_UNIT_ASSIGNED_CONTEXT((#2497,#2498,#2499)) REPRESENTATION_CONTEXT
('Context #1','3D Context with UNIT and UNCERTAINTY') );
#2497 = ( LENGTH_UNIT() NAMED_UNIT(*) SI_UNIT(.MILLI.,.METRE.) );
#2498 = ( NAMED_UNIT(*) PLANE_ANGLE_UNIT() SI_UNIT($,.RADIAN.) );
#2499 = ( NAMED_UNIT(*) SI_UNIT($,.STERADIAN.) SOLID_ANGLE_UNIT() );
#2500 = UNCERTAINTY_MEASURE_WITH_UNIT(LENGTH_MEASURE(1.E-07),#2497,
  'distance_accuracy_value','confusion accuracy');
#2501 = SHAPE_DEFINITION_REPRESENTATION(#2502,#2483);
#2502 = PRODUCT_DEFINITION_SHAPE('','',#2503);
#2503 = PRODUCT_DEFINITION('design','',#2504,#2507);
#2504 = PRODUCT_DEFINITION_FORMATION('','',#2505);
#2505 = PRODUCT('H6','H6','',(#2506));
#2506 = PRODUCT_CONTEXT('',#2,'mechanical');
#2507 = PRODUCT_DEFINITION_CONTEXT('part definition',#2,'design');
#2508 = CONTEXT_DEPENDENT_SHAPE_REPRESENTATION(#2509,#2511);
#2509 = ( REPRESENTATION_RELATIONSHIP('','',#2483,#10) 
REPRESENTATION_RELATIONSHIP_WITH_TRANSFORMATION(#2510) 
SHAPE_REPRESENTATION_RELATIONSHIP() );
#2510 = ITEM_DEFINED_TRANSFORMATION('','',#11,#263);
#2511 = PRODUCT_DEFINITION_SHAPE('Placement','Placement of an item',
  #2512);
#2512 = NEXT_ASSEMBLY_USAGE_OCCURRENCE('63','=>[0:1:1:64]','',#5,#2503,$
  );
#2513 = PRODUCT_RELATED_PRODUCT_CATEGORY('part',$,(#2505));
#2514 = ADVANCED_BREP_SHAPE_REPRESENTATION('',(#11,#2515),#2527);
#2515 = MANIFOLD_SOLID_BREP('',#2516);
#2516 = CLOSED_SHELL('',(#2517));
#2517 = ADVANCED_FACE('',(#2518),#2522,.T.);
#2518 = FACE_BOUND('',#2519,.T.);
#2519 = VERTEX_LOOP('',#2520);
#2520 = VERTEX_POINT('',#2521);
#2521 = CARTESIAN_POINT('',(1.071565949254E-17,-2.624579619658E-33,
    -0.175));
#2522 = SPHERICAL_SURFACE('',#2523,0.175);
#2523 = AXIS2_PLACEMENT_3D('',#2524,#2525,#2526);
#2524 = CARTESIAN_POINT('',(0.,0.,0.));
#2525 = DIRECTION('',(0.,0.,1.));
#2526 = DIRECTION('',(1.,0.,-0.));
#2527 = ( GEOMETRIC_REPRESENTATION_CONTEXT(3) 
GLOBAL_UNCERTAINTY_ASSIGNED_CONTEXT((#2531)) 
GLOBAL_UNIT_ASSIGNED_CONTEXT((#2528,#2529,#2530)) REPRESENTATION_CONTEXT
('Context #1','3D Context with UNIT and UNCERTAINTY') );
#2528 = ( LENGTH_UNIT() NAMED_UNIT(*) SI_UNIT(.MILLI.,.METRE.) );
#2529 = ( NAMED_UNIT(*) PLANE_ANGLE_UNIT() SI_UNIT($,.RADIAN.) );
#2530 = ( NAMED_UNIT(*) SI_UNIT($,.STERADIAN.) SOLID_ANGLE_UNIT() );
#2531 = UNCERTAINTY_MEASURE_WITH_UNIT(LENGTH_MEASURE(1.E-07),#2528,
  'distance_accuracy_value','confusion accuracy');
#2532 = SHAPE_DEFINITION_REPRESENTATION(#2533,#2514);
#2533 = PRODUCT_DEFINITION_SHAPE('','',#2534);
#2534 = PRODUCT_DEFINITION('design','',#2535,#2538);
#2535 = PRODUCT_DEFINITION_FORMATION('','',#2536);
#2536 = PRODUCT('J1','J1','',(#2537));
#2537 = PRODUCT_CONTEXT('',#2,'mechanical');
#2538 = PRODUCT_DEFINITION_CONTEXT('part definition',#2,'design');
#2539 = CONTEXT_DEPENDENT_SHAPE_REPRESENTATION(#2540,#2542);
#2540 = ( REPRESENTATION_RELATIONSHIP('','',#2514,#10) 
REPRESENTATION_RELATIONSHIP_WITH_TRANSFORMATION(#2541) 
SHAPE_REPRESENTATION_RELATIONSHIP() );
#2541 = ITEM_DEFINED_TRANSFORMATION('','',#11,#267);
#2542 = PRODUCT_DEFINITION_SHAPE('Placement','Placement of an item',
  #2543);
#2543 = NEXT_ASSEMBLY_USAGE_OCCURRENCE('64','=>[0:1:1:65]','',#5,#2534,$
  );
#2544 = PRODUCT_RELATED_PRODUCT_CATEGORY('part',$,(#2536));
#2545 = ADVANCED_BREP_SHAPE_REPRESENTATION('',(#11,#2546),#2558);
#2546 = MANIFOLD_SOLID_BREP('',#2547);
#2547 = CLOSED_SHELL('',(#2548));
#2548 = ADVANCED_FACE('',(#2549),#2553,.T.);
#2549 = FACE_BOUND('',#2550,.T.);
#2550 = VERTEX_LOOP('',#2551);
#2551 = VERTEX_POINT('',#2552);
#2552 = CARTESIAN_POINT('',(1.071565949254E-17,-2.624579619658E-33,
    -0.175));
#2553 = SPHERICAL_SURFACE('',#2554,0.175);
#2554 = AXIS2_PLACEMENT_3D('',#2555,#2556,#2557);
#2555 = CARTESIAN_POINT('',(0.,0.,0.));
#2556 = DIRECTION('',(0.,0.,1.));
#2557 = DIRECTION('',(1.,0.,-0.));
#2558 = ( GEOMETRIC_REPRESENTATION_CONTEXT(3) 
GLOBAL_UNCERTAINTY_ASSIGNED_CONTEXT((#2562)) 
GLOBAL_UNIT_ASSIGNED_CONTEXT((#2559,#2560,#2561)) REPRESENTATION_CONTEXT
('Context #1','3D Context with UNIT and UNCERTAINTY') );
#2559 = ( LENGTH_UNIT() NAMED_UNIT(*) SI_UNIT(.MILLI.,.METRE.) );
#2560 = ( NAMED_UNIT(*) PLANE_ANGLE_UNIT() SI_UNIT($,.RADIAN.) );
#2561 = ( NAMED_UNIT(*) SI_UNIT($,.STERADIAN.) SOLID_ANGLE_UNIT() );
#2562 = UNCERTAINTY_MEASURE_WITH_UNIT(LENGTH_MEASURE(1.E-07),#2559,
  'distance_accuracy_value','confusion accuracy');
#2563 = SHAPE_DEFINITION_REPRESENTATION(#2564,#2545);
#2564 = PRODUCT_DEFINITION_SHAPE('','',#2565);
#2565 = PRODUCT_DEFINITION('design','',#2566,#2569);
#2566 = PRODUCT_DEFINITION_FORMATION('','',#2567);
#2567 = PRODUCT('J2','J2','',(#2568));
#2568 = PRODUCT_CONTEXT('',#2,'mechanical');
#2569 = PRODUCT_DEFINITION_CONTEXT('part definition',#2,'design');
#2570 = CONTEXT_DEPENDENT_SHAPE_REPRESENTATION(#2571,#2573);
#2571 = ( REPRESENTATION_RELATIONSHIP('','',#2545,#10) 
REPRESENTATION_RELATIONSHIP_WITH_TRANSFORMATION(#2572) 
SHAPE_REPRESENTATION_RELATIONSHIP() );
#2572 = ITEM_DEFINED_TRANSFORMATION('','',#11,#271);
#2573 = PRODUCT_DEFINITION_SHAPE('Placement','Placement of an item',
  #2574);
#2574 = NEXT_ASSEMBLY_USAGE_OCCURRENCE('65','=>[0:1:1:66]','',#5,#2565,$
  );
#2575 = PRODUCT_RELATED_PRODUCT_CATEGORY('part',$,(#2567));
#2576 = ADVANCED_BREP_SHAPE_REPRESENTATION('',(#11,#2577),#2589);
#2577 = MANIFOLD_SOLID_BREP('',#2578);
#2578 = CLOSED_SHELL('',(#2579));
#2579 = ADVANCED_FACE('',(#2580),#2584,.T.);
#2580 = FACE_BOUND('',#2581,.T.);
#2581 = VERTEX_LOOP('',#2582);
#2582 = VERTEX_POINT('',#2583);
#2583 = CARTESIAN_POINT('',(1.071565949254E-17,-2.624579619658E-33,
    -0.175));
#2584 = SPHERICAL_SURFACE('',#2585,0.175);
#2585 = AXIS2_PLACEMENT_3D('',#2586,#2587,#2588);
#2586 = CARTESIAN_POINT('',(0.,0.,0.));
#2587 = DIRECTION('',(0.,0.,1.));
#2588 = DIRECTION('',(1.,0.,-0.));
#2589 = ( GEOMETRIC_REPRESENTATION_CONTEXT(3) 
GLOBAL_UNCERTAINTY_ASSIGNED_CONTEXT((#2593)) 
GLOBAL_UNIT_ASSIGNED_CONTEXT((#2590,#2591,#2592)) REPRESENTATION_CONTEXT
('Context #1','3D Context with UNIT and UNCERTAINTY') );
#2590 = ( LENGTH_UNIT() NAMED_UNIT(*) SI_UNIT(.MILLI.,.METRE.) );
#2591 = ( NAMED_UNIT(*) PLANE_ANGLE_UNIT() SI_UNIT($,.RADIAN.) );
#2592 = ( NAMED_UNIT(*) SI_UNIT($,.STERADIAN.) SOLID_ANGLE_UNIT() );
#2593 = UNCERTAINTY_MEASURE_WITH_UNIT(LENGTH_MEASURE(1.E-07),#2590,
  'distance_accuracy_value','confusion accuracy');
#2594 = SHAPE_DEFINITION_REPRESENTATION(#2595,#2576);
#2595 = PRODUCT_DEFINITION_SHAPE('','',#2596);
#2596 = PRODUCT_DEFINITION('design','',#2597,#2600);
#2597 = PRODUCT_DEFINITION_FORMATION('','',#2598);
#2598 = PRODUCT('J3','J3','',(#2599));
#2599 = PRODUCT_CONTEXT('',#2,'mechanical');
#2600 = PRODUCT_DEFINITION_CONTEXT('part definition',#2,'design');
#2601 = CONTEXT_DEPENDENT_SHAPE_REPRESENTATION(#2602,#2604);
#2602 = ( REPRESENTATION_RELATIONSHIP('','',#2576,#10) 
REPRESENTATION_RELATIONSHIP_WITH_TRANSFORMATION(#2603) 
SHAPE_REPRESENTATION_RELATIONSHIP() );
#2603 = ITEM_DEFINED_TRANSFORMATION('','',#11,#275);
#2604 = PRODUCT_DEFINITION_SHAPE('Placement','Placement of an item',
  #2605);
#2605 = NEXT_ASSEMBLY_USAGE_OCCURRENCE('66','=>[0:1:1:67]','',#5,#2596,$
  );
#2606 = PRODUCT_RELATED_PRODUCT_CATEGORY('part',$,(#2598));
#2607 = ADVANCED_BREP_SHAPE_REPRESENTATION('',(#11,#2608),#2620);
#2608 = MANIFOLD_SOLID_BREP('',#2609);
#2609 = CLOSED_SHELL('',(#2610));
#2610 = ADVANCED_FACE('',(#2611),#2615,.T.);
#2611 = FACE_BOUND('',#2612,.T.);
#2612 = VERTEX_LOOP('',#2613);
#2613 = VERTEX_POINT('',#2614);
#2614 = CARTESIAN_POINT('',(1.071565949254E-17,-2.624579619658E-33,
    -0.175));
#2615 = SPHERICAL_SURFACE('',#2616,0.175);
#2616 = AXIS2_PLACEMENT_3D('',#2617,#2618,#2619);
#2617 = CARTESIAN_POINT('',(0.,0.,0.));
#2618 = DIRECTION('',(0.,0.,1.));
#2619 = DIRECTION('',(1.,0.,-0.));
#2620 = ( GEOMETRIC_REPRESENTATION_CONTEXT(3) 
GLOBAL_UNCERTAINTY_ASSIGNED_CONTEXT((#2624)) 
GLOBAL_UNIT_ASSIGNED_CONTEXT((#2621,#2622,#2623)) REPRESENTATION_CONTEXT
('Context #1','3D Context with UNIT and UNCERTAINTY') );
#2621 = ( LENGTH_UNIT() NAMED_UNIT(*) SI_UNIT(.MILLI.,.METRE.) );
#2622 = ( NAMED_UNIT(*) PLANE_ANGLE_UNIT() SI_UNIT($,.RADIAN.) );
#2623 = ( NAMED_UNIT(*) SI_UNIT($,.STERADIAN.) SOLID_ANGLE_UNIT() );
#2624 = UNCERTAINTY_MEASURE_WITH_UNIT(LENGTH_MEASURE(1.E-07),#2621,
  'distance_accuracy_value','confusion accuracy');
#2625 = SHAPE_DEFINITION_REPRESENTATION(#2626,#2607);
#2626 = PRODUCT_DEFINITION_SHAPE('','',#2627);
#2627 = PRODUCT_DEFINITION('design','',#2628,#2631);
#2628 = PRODUCT_DEFINITION_FORMATION('','',#2629);
#2629 = PRODUCT('J5','J5','',(#2630));
#2630 = PRODUCT_CONTEXT('',#2,'mechanical');
#2631 = PRODUCT_DEFINITION_CONTEXT('part definition',#2,'design');
#2632 = CONTEXT_DEPENDENT_SHAPE_REPRESENTATION(#2633,#2635);
#2633 = ( REPRESENTATION_RELATIONSHIP('','',#2607,#10) 
REPRESENTATION_RELATIONSHIP_WITH_TRANSFORMATION(#2634) 
SHAPE_REPRESENTATION_RELATIONSHIP() );
#2634 = ITEM_DEFINED_TRANSFORMATION('','',#11,#279);
#2635 = PRODUCT_DEFINITION_SHAPE('Placement','Placement of an item',
  #2636);
#2636 = NEXT_ASSEMBLY_USAGE_OCCURRENCE('67','=>[0:1:1:68]','',#5,#2627,$
  );
#2637 = PRODUCT_RELATED_PRODUCT_CATEGORY('part',$,(#2629));
#2638 = ADVANCED_BREP_SHAPE_REPRESENTATION('',(#11,#2639),#2651);
#2639 = MANIFOLD_SOLID_BREP('',#2640);
#2640 = CLOSED_SHELL('',(#2641));
#2641 = ADVANCED_FACE('',(#2642),#2646,.T.);
#2642 = FACE_BOUND('',#2643,.T.);
#2643 = VERTEX_LOOP('',#2644);
#2644 = VERTEX_POINT('',#2645);
#2645 = CARTESIAN_POINT('',(1.071565949254E-17,-2.624579619658E-33,
    -0.175));
#2646 = SPHERICAL_SURFACE('',#2647,0.175);
#2647 = AXIS2_PLACEMENT_3D('',#2648,#2649,#2650);
#2648 = CARTESIAN_POINT('',(0.,0.,0.));
#2649 = DIRECTION('',(0.,0.,1.));
#2650 = DIRECTION('',(1.,0.,-0.));
#2651 = ( GEOMETRIC_REPRESENTATION_CONTEXT(3) 
GLOBAL_UNCERTAINTY_ASSIGNED_CONTEXT((#2655)) 
GLOBAL_UNIT_ASSIGNED_CONTEXT((#2652,#2653,#2654)) REPRESENTATION_CONTEXT
('Context #1','3D Context with UNIT and UNCERTAINTY') );
#2652 = ( LENGTH_UNIT() NAMED_UNIT(*) SI_UNIT(.MILLI.,.METRE.) );
#2653 = ( NAMED_UNIT(*) PLANE_ANGLE_UNIT() SI_UNIT($,.RADIAN.) );
#2654 = ( NAMED_UNIT(*) SI_UNIT($,.STERADIAN.) SOLID_ANGLE_UNIT() );
#2655 = UNCERTAINTY_MEASURE_WITH_UNIT(LENGTH_MEASURE(1.E-07),#2652,
  'distance_accuracy_value','confusion accuracy');
#2656 = SHAPE_DEFINITION_REPRESENTATION(#2657,#2638);
#2657 = PRODUCT_DEFINITION_SHAPE('','',#2658);
#2658 = PRODUCT_DEFINITION('design','',#2659,#2662);
#2659 = PRODUCT_DEFINITION_FORMATION('','',#2660);
#2660 = PRODUCT('J6','J6','',(#2661));
#2661 = PRODUCT_CONTEXT('',#2,'mechanical');
#2662 = PRODUCT_DEFINITION_CONTEXT('part definition',#2,'design');
#2663 = CONTEXT_DEPENDENT_SHAPE_REPRESENTATION(#2664,#2666);
#2664 = ( REPRESENTATION_RELATIONSHIP('','',#2638,#10) 
REPRESENTATION_RELATIONSHIP_WITH_TRANSFORMATION(#2665) 
SHAPE_REPRESENTATION_RELATIONSHIP() );
#2665 = ITEM_DEFINED_TRANSFORMATION('','',#11,#283);
#2666 = PRODUCT_DEFINITION_SHAPE('Placement','Placement of an item',
  #2667);
#2667 = NEXT_ASSEMBLY_USAGE_OCCURRENCE('68','=>[0:1:1:69]','',#5,#2658,$
  );
#2668 = PRODUCT_RELATED_PRODUCT_CATEGORY('part',$,(#2660));
#2669 = ADVANCED_BREP_SHAPE_REPRESENTATION('',(#11,#2670),#2682);
#2670 = MANIFOLD_SOLID_BREP('',#2671);
#2671 = CLOSED_SHELL('',(#2672));
#2672 = ADVANCED_FACE('',(#2673),#2677,.T.);
#2673 = FACE_BOUND('',#2674,.T.);
#2674 = VERTEX_LOOP('',#2675);
#2675 = VERTEX_POINT('',#2676);
#2676 = CARTESIAN_POINT('',(1.071565949254E-17,-2.624579619658E-33,
    -0.175));
#2677 = SPHERICAL_SURFACE('',#2678,0.175);
#2678 = AXIS2_PLACEMENT_3D('',#2679,#2680,#2681);
#2679 = CARTESIAN_POINT('',(0.,0.,0.));
#2680 = DIRECTION('',(0.,0.,1.));
#2681 = DIRECTION('',(1.,0.,-0.));
#2682 = ( GEOMETRIC_REPRESENTATION_CONTEXT(3) 
GLOBAL_UNCERTAINTY_ASSIGNED_CONTEXT((#2686)) 
GLOBAL_UNIT_ASSIGNED_CONTEXT((#2683,#2684,#2685)) REPRESENTATION_CONTEXT
('Context #1','3D Context with UNIT and UNCERTAINTY') );
#2683 = ( LENGTH_UNIT() NAMED_UNIT(*) SI_UNIT(.MILLI.,.METRE.) );
#2684 = ( NAMED_UNIT(*) PLANE_ANGLE_UNIT() SI_UNIT($,.RADIAN.) );
#2685 = ( NAMED_UNIT(*) SI_UNIT($,.STERADIAN.) SOLID_ANGLE_UNIT() );
#2686 = UNCERTAINTY_MEASURE_WITH_UNIT(LENGTH_MEASURE(1.E-07),#2683,
  'distance_accuracy_value','confusion accuracy');
#2687 = SHAPE_DEFINITION_REPRESENTATION(#2688,#2669);
#2688 = PRODUCT_DEFINITION_SHAPE('','',#2689);
#2689 = PRODUCT_DEFINITION('design','',#2690,#2693);
#2690 = PRODUCT_DEFINITION_FORMATION('','',#2691);
#2691 = PRODUCT('J7','J7','',(#2692));
#2692 = PRODUCT_CONTEXT('',#2,'mechanical');
#2693 = PRODUCT_DEFINITION_CONTEXT('part definition',#2,'design');
#2694 = CONTEXT_DEPENDENT_SHAPE_REPRESENTATION(#2695,#2697);
#2695 = ( REPRESENTATION_RELATIONSHIP('','',#2669,#10) 
REPRESENTATION_RELATIONSHIP_WITH_TRANSFORMATION(#2696) 
SHAPE_REPRESENTATION_RELATIONSHIP() );
#2696 = ITEM_DEFINED_TRANSFORMATION('','',#11,#287);
#2697 = PRODUCT_DEFINITION_SHAPE('Placement','Placement of an item',
  #2698);
#2698 = NEXT_ASSEMBLY_USAGE_OCCURRENCE('69','=>[0:1:1:70]','',#5,#2689,$
  );
#2699 = PRODUCT_RELATED_PRODUCT_CATEGORY('part',$,(#2691));
#2700 = ADVANCED_BREP_SHAPE_REPRESENTATION('',(#11,#2701),#2713);
#2701 = MANIFOLD_SOLID_BREP('',#2702);
#2702 = CLOSED_SHELL('',(#2703));
#2703 = ADVANCED_FACE('',(#2704),#2708,.T.);
#2704 = FACE_BOUND('',#2705,.T.);
#2705 = VERTEX_LOOP('',#2706);
#2706 = VERTEX_POINT('',#2707);
#2707 = CARTESIAN_POINT('',(1.071565949254E-17,-2.624579619658E-33,
    -0.175));
#2708 = SPHERICAL_SURFACE('',#2709,0.175);
#2709 = AXIS2_PLACEMENT_3D('',#2710,#2711,#2712);
#2710 = CARTESIAN_POINT('',(0.,0.,0.));
#2711 = DIRECTION('',(0.,0.,1.));
#2712 = DIRECTION('',(1.,0.,-0.));
#2713 = ( GEOMETRIC_REPRESENTATION_CONTEXT(3) 
GLOBAL_UNCERTAINTY_ASSIGNED_CONTEXT((#2717)) 
GLOBAL_UNIT_ASSIGNED_CONTEXT((#2714,#2715,#2716)) REPRESENTATION_CONTEXT
('Context #1','3D Context with UNIT and UNCERTAINTY') );
#2714 = ( LENGTH_UNIT() NAMED_UNIT(*) SI_UNIT(.MILLI.,.METRE.) );
#2715 = ( NAMED_UNIT(*) PLANE_ANGLE_UNIT() SI_UNIT($,.RADIAN.) );
#2716 = ( NAMED_UNIT(*) SI_UNIT($,.STERADIAN.) SOLID_ANGLE_UNIT() );
#2717 = UNCERTAINTY_MEASURE_WITH_UNIT(LENGTH_MEASURE(1.E-07),#2714,
  'distance_accuracy_value','confusion accuracy');
#2718 = SHAPE_DEFINITION_REPRESENTATION(#2719,#2700);
#2719 = PRODUCT_DEFINITION_SHAPE('','',#2720);
#2720 = PRODUCT_DEFINITION('design','',#2721,#2724);
#2721 = PRODUCT_DEFINITION_FORMATION('','',#2722);
#2722 = PRODUCT('J8','J8','',(#2723));
#2723 = PRODUCT_CONTEXT('',#2,'mechanical');
#2724 = PRODUCT_DEFINITION_CONTEXT('part definition',#2,'design');
#2725 = CONTEXT_DEPENDENT_SHAPE_REPRESENTATION(#2726,#2728);
#2726 = ( REPRESENTATION_RELATIONSHIP('','',#2700,#10) 
REPRESENTATION_RELATIONSHIP_WITH_TRANSFORMATION(#2727) 
SHAPE_REPRESENTATION_RELATIONSHIP() );
#2727 = ITEM_DEFINED_TRANSFORMATION('','',#11,#291);
#2728 = PRODUCT_DEFINITION_SHAPE('Placement','Placement of an item',
  #2729);
#2729 = NEXT_ASSEMBLY_USAGE_OCCURRENCE('70','=>[0:1:1:71]','',#5,#2720,$
  );
#2730 = PRODUCT_RELATED_PRODUCT_CATEGORY('part',$,(#2722));
#2731 = ADVANCED_BREP_SHAPE_REPRESENTATION('',(#11,#2732),#2744);
#2732 = MANIFOLD_SOLID_BREP('',#2733);
#2733 = CLOSED_SHELL('',(#2734));
#2734 = ADVANCED_FACE('',(#2735),#2739,.T.);
#2735 = FACE_BOUND('',#2736,.T.);
#2736 = VERTEX_LOOP('',#2737);
#2737 = VERTEX_POINT('',#2738);
#2738 = CARTESIAN_POINT('',(1.071565949254E-17,-2.624579619658E-33,
    -0.175));
#2739 = SPHERICAL_SURFACE('',#2740,0.175);
#2740 = AXIS2_PLACEMENT_3D('',#2741,#2742,#2743);
#2741 = CARTESIAN_POINT('',(0.,0.,0.));
#2742 = DIRECTION('',(0.,0.,1.));
#2743 = DIRECTION('',(1.,0.,-0.));
#2744 = ( GEOMETRIC_REPRESENTATION_CONTEXT(3) 
GLOBAL_UNCERTAINTY_ASSIGNED_CONTEXT((#2748)) 
GLOBAL_UNIT_ASSIGNED_CONTEXT((#2745,#2746,#2747)) REPRESENTATION_CONTEXT
('Context #1','3D Context with UNIT and UNCERTAINTY') );
#2745 = ( LENGTH_UNIT() NAMED_UNIT(*) SI_UNIT(.MILLI.,.METRE.) );
#2746 = ( NAMED_UNIT(*) PLANE_ANGLE_UNIT() SI_UNIT($,.RADIAN.) );
#2747 = ( NAMED_UNIT(*) SI_UNIT($,.STERADIAN.) SOLID_ANGLE_UNIT() );
#2748 = UNCERTAINTY_MEASURE_WITH_UNIT(LENGTH_MEASURE(1.E-07),#2745,
  'distance_accuracy_value','confusion accuracy');
#2749 = SHAPE_DEFINITION_REPRESENTATION(#2750,#2731);
#2750 = PRODUCT_DEFINITION_SHAPE('','',#2751);
#2751 = PRODUCT_DEFINITION('design','',#2752,#2755);
#2752 = PRODUCT_DEFINITION_FORMATION('','',#2753);
#2753 = PRODUCT('J9','J9','',(#2754));
#2754 = PRODUCT_CONTEXT('',#2,'mechanical');
#2755 = PRODUCT_DEFINITION_CONTEXT('part definition',#2,'design');
#2756 = CONTEXT_DEPENDENT_SHAPE_REPRESENTATION(#2757,#2759);
#2757 = ( REPRESENTATION_RELATIONSHIP('','',#2731,#10) 
REPRESENTATION_RELATIONSHIP_WITH_TRANSFORMATION(#2758) 
SHAPE_REPRESENTATION_RELATIONSHIP() );
#2758 = ITEM_DEFINED_TRANSFORMATION('','',#11,#295);
#2759 = PRODUCT_DEFINITION_SHAPE('Placement','Placement of an item',
  #2760);
#2760 = NEXT_ASSEMBLY_USAGE_OCCURRENCE('71','=>[0:1:1:72]','',#5,#2751,$
  );
#2761 = PRODUCT_RELATED_PRODUCT_CATEGORY('part',$,(#2753));
#2762 = ADVANCED_BREP_SHAPE_REPRESENTATION('',(#11,#2763),#2775);
#2763 = MANIFOLD_SOLID_BREP('',#2764);
#2764 = CLOSED_SHELL('',(#2765));
#2765 = ADVANCED_FACE('',(#2766),#2770,.T.);
#2766 = FACE_BOUND('',#2767,.T.);
#2767 = VERTEX_LOOP('',#2768);
#2768 = VERTEX_POINT('',#2769);
#2769 = CARTESIAN_POINT('',(1.071565949254E-17,-2.624579619658E-33,
    -0.175));
#2770 = SPHERICAL_SURFACE('',#2771,0.175);
#2771 = AXIS2_PLACEMENT_3D('',#2772,#2773,#2774);
#2772 = CARTESIAN_POINT('',(0.,0.,0.));
#2773 = DIRECTION('',(0.,0.,1.));
#2774 = DIRECTION('',(1.,0.,-0.));
#2775 = ( GEOMETRIC_REPRESENTATION_CONTEXT(3) 
GLOBAL_UNCERTAINTY_ASSIGNED_CONTEXT((#2779)) 
GLOBAL_UNIT_ASSIGNED_CONTEXT((#2776,#2777,#2778)) REPRESENTATION_CONTEXT
('Context #1','3D Context with UNIT and UNCERTAINTY') );
#2776 = ( LENGTH_UNIT() NAMED_UNIT(*) SI_UNIT(.MILLI.,.METRE.) );
#2777 = ( NAMED_UNIT(*) PLANE_ANGLE_UNIT() SI_UNIT($,.RADIAN.) );
#2778 = ( NAMED_UNIT(*) SI_UNIT($,.STERADIAN.) SOLID_ANGLE_UNIT() );
#2779 = UNCERTAINTY_MEASURE_WITH_UNIT(LENGTH_MEASURE(1.E-07),#2776,
  'distance_accuracy_value','confusion accuracy');
#2780 = SHAPE_DEFINITION_REPRESENTATION(#2781,#2762);
#2781 = PRODUCT_DEFINITION_SHAPE('','',#2782);
#2782 = PRODUCT_DEFINITION('design','',#2783,#2786);
#2783 = PRODUCT_DEFINITION_FORMATION('','',#2784);
#2784 = PRODUCT('K1','K1','',(#2785));
#2785 = PRODUCT_CONTEXT('',#2,'mechanical');
#2786 = PRODUCT_DEFINITION_CONTEXT('part definition',#2,'design');
#2787 = CONTEXT_DEPENDENT_SHAPE_REPRESENTATION(#2788,#2790);
#2788 = ( REPRESENTATION_RELATIONSHIP('','',#2762,#10) 
REPRESENTATION_RELATIONSHIP_WITH_TRANSFORMATION(#2789) 
SHAPE_REPRESENTATION_RELATIONSHIP() );
#2789 = ITEM_DEFINED_TRANSFORMATION('','',#11,#299);
#2790 = PRODUCT_DEFINITION_SHAPE('Placement','Placement of an item',
  #2791);
#2791 = NEXT_ASSEMBLY_USAGE_OCCURRENCE('72','=>[0:1:1:73]','',#5,#2782,$
  );
#2792 = PRODUCT_RELATED_PRODUCT_CATEGORY('part',$,(#2784));
#2793 = ADVANCED_BREP_SHAPE_REPRESENTATION('',(#11,#2794),#2806);
#2794 = MANIFOLD_SOLID_BREP('',#2795);
#2795 = CLOSED_SHELL('',(#2796));
#2796 = ADVANCED_FACE('',(#2797),#2801,.T.);
#2797 = FACE_BOUND('',#2798,.T.);
#2798 = VERTEX_LOOP('',#2799);
#2799 = VERTEX_POINT('',#2800);
#2800 = CARTESIAN_POINT('',(1.071565949254E-17,-2.624579619658E-33,
    -0.175));
#2801 = SPHERICAL_SURFACE('',#2802,0.175);
#2802 = AXIS2_PLACEMENT_3D('',#2803,#2804,#2805);
#2803 = CARTESIAN_POINT('',(0.,0.,0.));
#2804 = DIRECTION('',(0.,0.,1.));
#2805 = DIRECTION('',(1.,0.,-0.));
#2806 = ( GEOMETRIC_REPRESENTATION_CONTEXT(3) 
GLOBAL_UNCERTAINTY_ASSIGNED_CONTEXT((#2810)) 
GLOBAL_UNIT_ASSIGNED_CONTEXT((#2807,#2808,#2809)) REPRESENTATION_CONTEXT
('Context #1','3D Context with UNIT and UNCERTAINTY') );
#2807 = ( LENGTH_UNIT() NAMED_UNIT(*) SI_UNIT(.MILLI.,.METRE.) );
#2808 = ( NAMED_UNIT(*) PLANE_ANGLE_UNIT() SI_UNIT($,.RADIAN.) );
#2809 = ( NAMED_UNIT(*) SI_UNIT($,.STERADIAN.) SOLID_ANGLE_UNIT() );
#2810 = UNCERTAINTY_MEASURE_WITH_UNIT(LENGTH_MEASURE(1.E-07),#2807,
  'distance_accuracy_value','confusion accuracy');
#2811 = SHAPE_DEFINITION_REPRESENTATION(#2812,#2793);
#2812 = PRODUCT_DEFINITION_SHAPE('','',#2813);
#2813 = PRODUCT_DEFINITION('design','',#2814,#2817);
#2814 = PRODUCT_DEFINITION_FORMATION('','',#2815);
#2815 = PRODUCT('K2','K2','',(#2816));
#2816 = PRODUCT_CONTEXT('',#2,'mechanical');
#2817 = PRODUCT_DEFINITION_CONTEXT('part definition',#2,'design');
#2818 = CONTEXT_DEPENDENT_SHAPE_REPRESENTATION(#2819,#2821);
#2819 = ( REPRESENTATION_RELATIONSHIP('','',#2793,#10) 
REPRESENTATION_RELATIONSHIP_WITH_TRANSFORMATION(#2820) 
SHAPE_REPRESENTATION_RELATIONSHIP() );
#2820 = ITEM_DEFINED_TRANSFORMATION('','',#11,#303);
#2821 = PRODUCT_DEFINITION_SHAPE('Placement','Placement of an item',
  #2822);
#2822 = NEXT_ASSEMBLY_USAGE_OCCURRENCE('73','=>[0:1:1:74]','',#5,#2813,$
  );
#2823 = PRODUCT_RELATED_PRODUCT_CATEGORY('part',$,(#2815));
#2824 = ADVANCED_BREP_SHAPE_REPRESENTATION('',(#11,#2825),#2837);
#2825 = MANIFOLD_SOLID_BREP('',#2826);
#2826 = CLOSED_SHELL('',(#2827));
#2827 = ADVANCED_FACE('',(#2828),#2832,.T.);
#2828 = FACE_BOUND('',#2829,.T.);
#2829 = VERTEX_LOOP('',#2830);
#2830 = VERTEX_POINT('',#2831);
#2831 = CARTESIAN_POINT('',(1.071565949254E-17,-2.624579619658E-33,
    -0.175));
#2832 = SPHERICAL_SURFACE('',#2833,0.175);
#2833 = AXIS2_PLACEMENT_3D('',#2834,#2835,#2836);
#2834 = CARTESIAN_POINT('',(0.,0.,0.));
#2835 = DIRECTION('',(0.,0.,1.));
#2836 = DIRECTION('',(1.,0.,-0.));
#2837 = ( GEOMETRIC_REPRESENTATION_CONTEXT(3) 
GLOBAL_UNCERTAINTY_ASSIGNED_CONTEXT((#2841)) 
GLOBAL_UNIT_ASSIGNED_CONTEXT((#2838,#2839,#2840)) REPRESENTATION_CONTEXT
('Context #1','3D Context with UNIT and UNCERTAINTY') );
#2838 = ( LENGTH_UNIT() NAMED_UNIT(*) SI_UNIT(.MILLI.,.METRE.) );
#2839 = ( NAMED_UNIT(*) PLANE_ANGLE_UNIT() SI_UNIT($,.RADIAN.) );
#2840 = ( NAMED_UNIT(*) SI_UNIT($,.STERADIAN.) SOLID_ANGLE_UNIT() );
#2841 = UNCERTAINTY_MEASURE_WITH_UNIT(LENGTH_MEASURE(1.E-07),#2838,
  'distance_accuracy_value','confusion accuracy');
#2842 = SHAPE_DEFINITION_REPRESENTATION(#2843,#2824);
#2843 = PRODUCT_DEFINITION_SHAPE('','',#2844);
#2844 = PRODUCT_DEFINITION('design','',#2845,#2848);
#2845 = PRODUCT_DEFINITION_FORMATION('','',#2846);
#2846 = PRODUCT('K3','K3','',(#2847));
#2847 = PRODUCT_CONTEXT('',#2,'mechanical');
#2848 = PRODUCT_DEFINITION_CONTEXT('part definition',#2,'design');
#2849 = CONTEXT_DEPENDENT_SHAPE_REPRESENTATION(#2850,#2852);
#2850 = ( REPRESENTATION_RELATIONSHIP('','',#2824,#10) 
REPRESENTATION_RELATIONSHIP_WITH_TRANSFORMATION(#2851) 
SHAPE_REPRESENTATION_RELATIONSHIP() );
#2851 = ITEM_DEFINED_TRANSFORMATION('','',#11,#307);
#2852 = PRODUCT_DEFINITION_SHAPE('Placement','Placement of an item',
  #2853);
#2853 = NEXT_ASSEMBLY_USAGE_OCCURRENCE('74','=>[0:1:1:75]','',#5,#2844,$
  );
#2854 = PRODUCT_RELATED_PRODUCT_CATEGORY('part',$,(#2846));
#2855 = ADVANCED_BREP_SHAPE_REPRESENTATION('',(#11,#2856),#2868);
#2856 = MANIFOLD_SOLID_BREP('',#2857);
#2857 = CLOSED_SHELL('',(#2858));
#2858 = ADVANCED_FACE('',(#2859),#2863,.T.);
#2859 = FACE_BOUND('',#2860,.T.);
#2860 = VERTEX_LOOP('',#2861);
#2861 = VERTEX_POINT('',#2862);
#2862 = CARTESIAN_POINT('',(1.071565949254E-17,-2.624579619658E-33,
    -0.175));
#2863 = SPHERICAL_SURFACE('',#2864,0.175);
#2864 = AXIS2_PLACEMENT_3D('',#2865,#2866,#2867);
#2865 = CARTESIAN_POINT('',(0.,0.,0.));
#2866 = DIRECTION('',(0.,0.,1.));
#2867 = DIRECTION('',(1.,0.,-0.));
#2868 = ( GEOMETRIC_REPRESENTATION_CONTEXT(3) 
GLOBAL_UNCERTAINTY_ASSIGNED_CONTEXT((#2872)) 
GLOBAL_UNIT_ASSIGNED_CONTEXT((#2869,#2870,#2871)) REPRESENTATION_CONTEXT
('Context #1','3D Context with UNIT and UNCERTAINTY') );
#2869 = ( LENGTH_UNIT() NAMED_UNIT(*) SI_UNIT(.MILLI.,.METRE.) );
#2870 = ( NAMED_UNIT(*) PLANE_ANGLE_UNIT() SI_UNIT($,.RADIAN.) );
#2871 = ( NAMED_UNIT(*) SI_UNIT($,.STERADIAN.) SOLID_ANGLE_UNIT() );
#2872 = UNCERTAINTY_MEASURE_WITH_UNIT(LENGTH_MEASURE(1.E-07),#2869,
  'distance_accuracy_value','confusion accuracy');
#2873 = SHAPE_DEFINITION_REPRESENTATION(#2874,#2855);
#2874 = PRODUCT_DEFINITION_SHAPE('','',#2875);
#2875 = PRODUCT_DEFINITION('design','',#2876,#2879);
#2876 = PRODUCT_DEFINITION_FORMATION('','',#2877);
#2877 = PRODUCT('K5','K5','',(#2878));
#2878 = PRODUCT_CONTEXT('',#2,'mechanical');
#2879 = PRODUCT_DEFINITION_CONTEXT('part definition',#2,'design');
#2880 = CONTEXT_DEPENDENT_SHAPE_REPRESENTATION(#2881,#2883);
#2881 = ( REPRESENTATION_RELATIONSHIP('','',#2855,#10) 
REPRESENTATION_RELATIONSHIP_WITH_TRANSFORMATION(#2882) 
SHAPE_REPRESENTATION_RELATIONSHIP() );
#2882 = ITEM_DEFINED_TRANSFORMATION('','',#11,#311);
#2883 = PRODUCT_DEFINITION_SHAPE('Placement','Placement of an item',
  #2884);
#2884 = NEXT_ASSEMBLY_USAGE_OCCURRENCE('75','=>[0:1:1:76]','',#5,#2875,$
  );
#2885 = PRODUCT_RELATED_PRODUCT_CATEGORY('part',$,(#2877));
#2886 = ADVANCED_BREP_SHAPE_REPRESENTATION('',(#11,#2887),#2899);
#2887 = MANIFOLD_SOLID_BREP('',#2888);
#2888 = CLOSED_SHELL('',(#2889));
#2889 = ADVANCED_FACE('',(#2890),#2894,.T.);
#2890 = FACE_BOUND('',#2891,.T.);
#2891 = VERTEX_LOOP('',#2892);
#2892 = VERTEX_POINT('',#2893);
#2893 = CARTESIAN_POINT('',(1.071565949254E-17,-2.624579619658E-33,
    -0.175));
#2894 = SPHERICAL_SURFACE('',#2895,0.175);
#2895 = AXIS2_PLACEMENT_3D('',#2896,#2897,#2898);
#2896 = CARTESIAN_POINT('',(0.,0.,0.));
#2897 = DIRECTION('',(0.,0.,1.));
#2898 = DIRECTION('',(1.,0.,-0.));
#2899 = ( GEOMETRIC_REPRESENTATION_CONTEXT(3) 
GLOBAL_UNCERTAINTY_ASSIGNED_CONTEXT((#2903)) 
GLOBAL_UNIT_ASSIGNED_CONTEXT((#2900,#2901,#2902)) REPRESENTATION_CONTEXT
('Context #1','3D Context with UNIT and UNCERTAINTY') );
#2900 = ( LENGTH_UNIT() NAMED_UNIT(*) SI_UNIT(.MILLI.,.METRE.) );
#2901 = ( NAMED_UNIT(*) PLANE_ANGLE_UNIT() SI_UNIT($,.RADIAN.) );
#2902 = ( NAMED_UNIT(*) SI_UNIT($,.STERADIAN.) SOLID_ANGLE_UNIT() );
#2903 = UNCERTAINTY_MEASURE_WITH_UNIT(LENGTH_MEASURE(1.E-07),#2900,
  'distance_accuracy_value','confusion accuracy');
#2904 = SHAPE_DEFINITION_REPRESENTATION(#2905,#2886);
#2905 = PRODUCT_DEFINITION_SHAPE('','',#2906);
#2906 = PRODUCT_DEFINITION('design','',#2907,#2910);
#2907 = PRODUCT_DEFINITION_FORMATION('','',#2908);
#2908 = PRODUCT('K6','K6','',(#2909));
#2909 = PRODUCT_CONTEXT('',#2,'mechanical');
#2910 = PRODUCT_DEFINITION_CONTEXT('part definition',#2,'design');
#2911 = CONTEXT_DEPENDENT_SHAPE_REPRESENTATION(#2912,#2914);
#2912 = ( REPRESENTATION_RELATIONSHIP('','',#2886,#10) 
REPRESENTATION_RELATIONSHIP_WITH_TRANSFORMATION(#2913) 
SHAPE_REPRESENTATION_RELATIONSHIP() );
#2913 = ITEM_DEFINED_TRANSFORMATION('','',#11,#315);
#2914 = PRODUCT_DEFINITION_SHAPE('Placement','Placement of an item',
  #2915);
#2915 = NEXT_ASSEMBLY_USAGE_OCCURRENCE('76','=>[0:1:1:77]','',#5,#2906,$
  );
#2916 = PRODUCT_RELATED_PRODUCT_CATEGORY('part',$,(#2908));
#2917 = ADVANCED_BREP_SHAPE_REPRESENTATION('',(#11,#2918),#2930);
#2918 = MANIFOLD_SOLID_BREP('',#2919);
#2919 = CLOSED_SHELL('',(#2920));
#2920 = ADVANCED_FACE('',(#2921),#2925,.T.);
#2921 = FACE_BOUND('',#2922,.T.);
#2922 = VERTEX_LOOP('',#2923);
#2923 = VERTEX_POINT('',#2924);
#2924 = CARTESIAN_POINT('',(1.071565949254E-17,-2.624579619658E-33,
    -0.175));
#2925 = SPHERICAL_SURFACE('',#2926,0.175);
#2926 = AXIS2_PLACEMENT_3D('',#2927,#2928,#2929);
#2927 = CARTESIAN_POINT('',(0.,0.,0.));
#2928 = DIRECTION('',(0.,0.,1.));
#2929 = DIRECTION('',(1.,0.,-0.));
#2930 = ( GEOMETRIC_REPRESENTATION_CONTEXT(3) 
GLOBAL_UNCERTAINTY_ASSIGNED_CONTEXT((#2934)) 
GLOBAL_UNIT_ASSIGNED_CONTEXT((#2931,#2932,#2933)) REPRESENTATION_CONTEXT
('Context #1','3D Context with UNIT and UNCERTAINTY') );
#2931 = ( LENGTH_UNIT() NAMED_UNIT(*) SI_UNIT(.MILLI.,.METRE.) );
#2932 = ( NAMED_UNIT(*) PLANE_ANGLE_UNIT() SI_UNIT($,.RADIAN.) );
#2933 = ( NAMED_UNIT(*) SI_UNIT($,.STERADIAN.) SOLID_ANGLE_UNIT() );
#2934 = UNCERTAINTY_MEASURE_WITH_UNIT(LENGTH_MEASURE(1.E-07),#2931,
  'distance_accuracy_value','confusion accuracy');
#2935 = SHAPE_DEFINITION_REPRESENTATION(#2936,#2917);
#2936 = PRODUCT_DEFINITION_SHAPE('','',#2937);
#2937 = PRODUCT_DEFINITION('design','',#2938,#2941);
#2938 = PRODUCT_DEFINITION_FORMATION('','',#2939);
#2939 = PRODUCT('L1','L1','',(#2940));
#2940 = PRODUCT_CONTEXT('',#2,'mechanical');
#2941 = PRODUCT_DEFINITION_CONTEXT('part definition',#2,'design');
#2942 = CONTEXT_DEPENDENT_SHAPE_REPRESENTATION(#2943,#2945);
#2943 = ( REPRESENTATION_RELATIONSHIP('','',#2917,#10) 
REPRESENTATION_RELATIONSHIP_WITH_TRANSFORMATION(#2944) 
SHAPE_REPRESENTATION_RELATIONSHIP() );
#2944 = ITEM_DEFINED_TRANSFORMATION('','',#11,#319);
#2945 = PRODUCT_DEFINITION_SHAPE('Placement','Placement of an item',
  #2946);
#2946 = NEXT_ASSEMBLY_USAGE_OCCURRENCE('77','=>[0:1:1:78]','',#5,#2937,$
  );
#2947 = PRODUCT_RELATED_PRODUCT_CATEGORY('part',$,(#2939));
#2948 = ADVANCED_BREP_SHAPE_REPRESENTATION('',(#11,#2949),#2961);
#2949 = MANIFOLD_SOLID_BREP('',#2950);
#2950 = CLOSED_SHELL('',(#2951));
#2951 = ADVANCED_FACE('',(#2952),#2956,.T.);
#2952 = FACE_BOUND('',#2953,.T.);
#2953 = VERTEX_LOOP('',#2954);
#2954 = VERTEX_POINT('',#2955);
#2955 = CARTESIAN_POINT('',(1.071565949254E-17,-2.624579619658E-33,
    -0.175));
#2956 = SPHERICAL_SURFACE('',#2957,0.175);
#2957 = AXIS2_PLACEMENT_3D('',#2958,#2959,#2960);
#2958 = CARTESIAN_POINT('',(0.,0.,0.));
#2959 = DIRECTION('',(0.,0.,1.));
#2960 = DIRECTION('',(1.,0.,-0.));
#2961 = ( GEOMETRIC_REPRESENTATION_CONTEXT(3) 
GLOBAL_UNCERTAINTY_ASSIGNED_CONTEXT((#2965)) 
GLOBAL_UNIT_ASSIGNED_CONTEXT((#2962,#2963,#2964)) REPRESENTATION_CONTEXT
('Context #1','3D Context with UNIT and UNCERTAINTY') );
#2962 = ( LENGTH_UNIT() NAMED_UNIT(*) SI_UNIT(.MILLI.,.METRE.) );
#2963 = ( NAMED_UNIT(*) PLANE_ANGLE_UNIT() SI_UNIT($,.RADIAN.) );
#2964 = ( NAMED_UNIT(*) SI_UNIT($,.STERADIAN.) SOLID_ANGLE_UNIT() );
#2965 = UNCERTAINTY_MEASURE_WITH_UNIT(LENGTH_MEASURE(1.E-07),#2962,
  'distance_accuracy_value','confusion accuracy');
#2966 = SHAPE_DEFINITION_REPRESENTATION(#2967,#2948);
#2967 = PRODUCT_DEFINITION_SHAPE('','',#2968);
#2968 = PRODUCT_DEFINITION('design','',#2969,#2972);
#2969 = PRODUCT_DEFINITION_FORMATION('','',#2970);
#2970 = PRODUCT('L2','L2','',(#2971));
#2971 = PRODUCT_CONTEXT('',#2,'mechanical');
#2972 = PRODUCT_DEFINITION_CONTEXT('part definition',#2,'design');
#2973 = CONTEXT_DEPENDENT_SHAPE_REPRESENTATION(#2974,#2976);
#2974 = ( REPRESENTATION_RELATIONSHIP('','',#2948,#10) 
REPRESENTATION_RELATIONSHIP_WITH_TRANSFORMATION(#2975) 
SHAPE_REPRESENTATION_RELATIONSHIP() );
#2975 = ITEM_DEFINED_TRANSFORMATION('','',#11,#323);
#2976 = PRODUCT_DEFINITION_SHAPE('Placement','Placement of an item',
  #2977);
#2977 = NEXT_ASSEMBLY_USAGE_OCCURRENCE('78','=>[0:1:1:79]','',#5,#2968,$
  );
#2978 = PRODUCT_RELATED_PRODUCT_CATEGORY('part',$,(#2970));
#2979 = ADVANCED_BREP_SHAPE_REPRESENTATION('',(#11,#2980),#2992);
#2980 = MANIFOLD_SOLID_BREP('',#2981);
#2981 = CLOSED_SHELL('',(#2982));
#2982 = ADVANCED_FACE('',(#2983),#2987,.T.);
#2983 = FACE_BOUND('',#2984,.T.);
#2984 = VERTEX_LOOP('',#2985);
#2985 = VERTEX_POINT('',#2986);
#2986 = CARTESIAN_POINT('',(1.071565949254E-17,-2.624579619658E-33,
    -0.175));
#2987 = SPHERICAL_SURFACE('',#2988,0.175);
#2988 = AXIS2_PLACEMENT_3D('',#2989,#2990,#2991);
#2989 = CARTESIAN_POINT('',(0.,0.,0.));
#2990 = DIRECTION('',(0.,0.,1.));
#2991 = DIRECTION('',(1.,0.,-0.));
#2992 = ( GEOMETRIC_REPRESENTATION_CONTEXT(3) 
GLOBAL_UNCERTAINTY_ASSIGNED_CONTEXT((#2996)) 
GLOBAL_UNIT_ASSIGNED_CONTEXT((#2993,#2994,#2995)) REPRESENTATION_CONTEXT
('Context #1','3D Context with UNIT and UNCERTAINTY') );
#2993 = ( LENGTH_UNIT() NAMED_UNIT(*) SI_UNIT(.MILLI.,.METRE.) );
#2994 = ( NAMED_UNIT(*) PLANE_ANGLE_UNIT() SI_UNIT($,.RADIAN.) );
#2995 = ( NAMED_UNIT(*) SI_UNIT($,.STERADIAN.) SOLID_ANGLE_UNIT() );
#2996 = UNCERTAINTY_MEASURE_WITH_UNIT(LENGTH_MEASURE(1.E-07),#2993,
  'distance_accuracy_value','confusion accuracy');
#2997 = SHAPE_DEFINITION_REPRESENTATION(#2998,#2979);
#2998 = PRODUCT_DEFINITION_SHAPE('','',#2999);
#2999 = PRODUCT_DEFINITION('design','',#3000,#3003);
#3000 = PRODUCT_DEFINITION_FORMATION('','',#3001);
#3001 = PRODUCT('L3','L3','',(#3002));
#3002 = PRODUCT_CONTEXT('',#2,'mechanical');
#3003 = PRODUCT_DEFINITION_CONTEXT('part definition',#2,'design');
#3004 = CONTEXT_DEPENDENT_SHAPE_REPRESENTATION(#3005,#3007);
#3005 = ( REPRESENTATION_RELATIONSHIP('','',#2979,#10) 
REPRESENTATION_RELATIONSHIP_WITH_TRANSFORMATION(#3006) 
SHAPE_REPRESENTATION_RELATIONSHIP() );
#3006 = ITEM_DEFINED_TRANSFORMATION('','',#11,#327);
#3007 = PRODUCT_DEFINITION_SHAPE('Placement','Placement of an item',
  #3008);
#3008 = NEXT_ASSEMBLY_USAGE_OCCURRENCE('79','=>[0:1:1:80]','',#5,#2999,$
  );
#3009 = PRODUCT_RELATED_PRODUCT_CATEGORY('part',$,(#3001));
#3010 = ADVANCED_BREP_SHAPE_REPRESENTATION('',(#11,#3011),#3023);
#3011 = MANIFOLD_SOLID_BREP('',#3012);
#3012 = CLOSED_SHELL('',(#3013));
#3013 = ADVANCED_FACE('',(#3014),#3018,.T.);
#3014 = FACE_BOUND('',#3015,.T.);
#3015 = VERTEX_LOOP('',#3016);
#3016 = VERTEX_POINT('',#3017);
#3017 = CARTESIAN_POINT('',(1.071565949254E-17,-2.624579619658E-33,
    -0.175));
#3018 = SPHERICAL_SURFACE('',#3019,0.175);
#3019 = AXIS2_PLACEMENT_3D('',#3020,#3021,#3022);
#3020 = CARTESIAN_POINT('',(0.,0.,0.));
#3021 = DIRECTION('',(0.,0.,1.));
#3022 = DIRECTION('',(1.,0.,-0.));
#3023 = ( GEOMETRIC_REPRESENTATION_CONTEXT(3) 
GLOBAL_UNCERTAINTY_ASSIGNED_CONTEXT((#3027)) 
GLOBAL_UNIT_ASSIGNED_CONTEXT((#3024,#3025,#3026)) REPRESENTATION_CONTEXT
('Context #1','3D Context with UNIT and UNCERTAINTY') );
#3024 = ( LENGTH_UNIT() NAMED_UNIT(*) SI_UNIT(.MILLI.,.METRE.) );
#3025 = ( NAMED_UNIT(*) PLANE_ANGLE_UNIT() SI_UNIT($,.RADIAN.) );
#3026 = ( NAMED_UNIT(*) SI_UNIT($,.STERADIAN.) SOLID_ANGLE_UNIT() );
#3027 = UNCERTAINTY_MEASURE_WITH_UNIT(LENGTH_MEASURE(1.E-07),#3024,
  'distance_accuracy_value','confusion accuracy');
#3028 = SHAPE_DEFINITION_REPRESENTATION(#3029,#3010);
#3029 = PRODUCT_DEFINITION_SHAPE('','',#3030);
#3030 = PRODUCT_DEFINITION('design','',#3031,#3034);
#3031 = PRODUCT_DEFINITION_FORMATION('','',#3032);
#3032 = PRODUCT('L5','L5','',(#3033));
#3033 = PRODUCT_CONTEXT('',#2,'mechanical');
#3034 = PRODUCT_DEFINITION_CONTEXT('part definition',#2,'design');
#3035 = CONTEXT_DEPENDENT_SHAPE_REPRESENTATION(#3036,#3038);
#3036 = ( REPRESENTATION_RELATIONSHIP('','',#3010,#10) 
REPRESENTATION_RELATIONSHIP_WITH_TRANSFORMATION(#3037) 
SHAPE_REPRESENTATION_RELATIONSHIP() );
#3037 = ITEM_DEFINED_TRANSFORMATION('','',#11,#331);
#3038 = PRODUCT_DEFINITION_SHAPE('Placement','Placement of an item',
  #3039);
#3039 = NEXT_ASSEMBLY_USAGE_OCCURRENCE('80','=>[0:1:1:81]','',#5,#3030,$
  );
#3040 = PRODUCT_RELATED_PRODUCT_CATEGORY('part',$,(#3032));
#3041 = ADVANCED_BREP_SHAPE_REPRESENTATION('',(#11,#3042),#3054);
#3042 = MANIFOLD_SOLID_BREP('',#3043);
#3043 = CLOSED_SHELL('',(#3044));
#3044 = ADVANCED_FACE('',(#3045),#3049,.T.);
#3045 = FACE_BOUND('',#3046,.T.);
#3046 = VERTEX_LOOP('',#3047);
#3047 = VERTEX_POINT('',#3048);
#3048 = CARTESIAN_POINT('',(1.071565949254E-17,-2.624579619658E-33,
    -0.175));
#3049 = SPHERICAL_SURFACE('',#3050,0.175);
#3050 = AXIS2_PLACEMENT_3D('',#3051,#3052,#3053);
#3051 = CARTESIAN_POINT('',(0.,0.,0.));
#3052 = DIRECTION('',(0.,0.,1.));
#3053 = DIRECTION('',(1.,0.,-0.));
#3054 = ( GEOMETRIC_REPRESENTATION_CONTEXT(3) 
GLOBAL_UNCERTAINTY_ASSIGNED_CONTEXT((#3058)) 
GLOBAL_UNIT_ASSIGNED_CONTEXT((#3055,#3056,#3057)) REPRESENTATION_CONTEXT
('Context #1','3D Context with UNIT and UNCERTAINTY') );
#3055 = ( LENGTH_UNIT() NAMED_UNIT(*) SI_UNIT(.MILLI.,.METRE.) );
#3056 = ( NAMED_UNIT(*) PLANE_ANGLE_UNIT() SI_UNIT($,.RADIAN.) );
#3057 = ( NAMED_UNIT(*) SI_UNIT($,.STERADIAN.) SOLID_ANGLE_UNIT() );
#3058 = UNCERTAINTY_MEASURE_WITH_UNIT(LENGTH_MEASURE(1.E-07),#3055,
  'distance_accuracy_value','confusion accuracy');
#3059 = SHAPE_DEFINITION_REPRESENTATION(#3060,#3041);
#3060 = PRODUCT_DEFINITION_SHAPE('','',#3061);
#3061 = PRODUCT_DEFINITION('design','',#3062,#3065);
#3062 = PRODUCT_DEFINITION_FORMATION('','',#3063);
#3063 = PRODUCT('L6','L6','',(#3064));
#3064 = PRODUCT_CONTEXT('',#2,'mechanical');
#3065 = PRODUCT_DEFINITION_CONTEXT('part definition',#2,'design');
#3066 = CONTEXT_DEPENDENT_SHAPE_REPRESENTATION(#3067,#3069);
#3067 = ( REPRESENTATION_RELATIONSHIP('','',#3041,#10) 
REPRESENTATION_RELATIONSHIP_WITH_TRANSFORMATION(#3068) 
SHAPE_REPRESENTATION_RELATIONSHIP() );
#3068 = ITEM_DEFINED_TRANSFORMATION('','',#11,#335);
#3069 = PRODUCT_DEFINITION_SHAPE('Placement','Placement of an item',
  #3070);
#3070 = NEXT_ASSEMBLY_USAGE_OCCURRENCE('81','=>[0:1:1:82]','',#5,#3061,$
  );
#3071 = PRODUCT_RELATED_PRODUCT_CATEGORY('part',$,(#3063));
#3072 = ADVANCED_BREP_SHAPE_REPRESENTATION('',(#11,#3073),#3085);
#3073 = MANIFOLD_SOLID_BREP('',#3074);
#3074 = CLOSED_SHELL('',(#3075));
#3075 = ADVANCED_FACE('',(#3076),#3080,.T.);
#3076 = FACE_BOUND('',#3077,.T.);
#3077 = VERTEX_LOOP('',#3078);
#3078 = VERTEX_POINT('',#3079);
#3079 = CARTESIAN_POINT('',(1.071565949254E-17,-2.624579619658E-33,
    -0.175));
#3080 = SPHERICAL_SURFACE('',#3081,0.175);
#3081 = AXIS2_PLACEMENT_3D('',#3082,#3083,#3084);
#3082 = CARTESIAN_POINT('',(0.,0.,0.));
#3083 = DIRECTION('',(0.,0.,1.));
#3084 = DIRECTION('',(1.,0.,-0.));
#3085 = ( GEOMETRIC_REPRESENTATION_CONTEXT(3) 
GLOBAL_UNCERTAINTY_ASSIGNED_CONTEXT((#3089)) 
GLOBAL_UNIT_ASSIGNED_CONTEXT((#3086,#3087,#3088)) REPRESENTATION_CONTEXT
('Context #1','3D Context with UNIT and UNCERTAINTY') );
#3086 = ( LENGTH_UNIT() NAMED_UNIT(*) SI_UNIT(.MILLI.,.METRE.) );
#3087 = ( NAMED_UNIT(*) PLANE_ANGLE_UNIT() SI_UNIT($,.RADIAN.) );
#3088 = ( NAMED_UNIT(*) SI_UNIT($,.STERADIAN.) SOLID_ANGLE_UNIT() );
#3089 = UNCERTAINTY_MEASURE_WITH_UNIT(LENGTH_MEASURE(1.E-07),#3086,
  'distance_accuracy_value','confusion accuracy');
#3090 = SHAPE_DEFINITION_REPRESENTATION(#3091,#3072);
#3091 = PRODUCT_DEFINITION_SHAPE('','',#3092);
#3092 = PRODUCT_DEFINITION('design','',#3093,#3096);
#3093 = PRODUCT_DEFINITION_FORMATION('','',#3094);
#3094 = PRODUCT('L7','L7','',(#3095));
#3095 = PRODUCT_CONTEXT('',#2,'mechanical');
#3096 = PRODUCT_DEFINITION_CONTEXT('part definition',#2,'design');
#3097 = CONTEXT_DEPENDENT_SHAPE_REPRESENTATION(#3098,#3100);
#3098 = ( REPRESENTATION_RELATIONSHIP('','',#3072,#10) 
REPRESENTATION_RELATIONSHIP_WITH_TRANSFORMATION(#3099) 
SHAPE_REPRESENTATION_RELATIONSHIP() );
#3099 = ITEM_DEFINED_TRANSFORMATION('','',#11,#339);
#3100 = PRODUCT_DEFINITION_SHAPE('Placement','Placement of an item',
  #3101);
#3101 = NEXT_ASSEMBLY_USAGE_OCCURRENCE('82','=>[0:1:1:83]','',#5,#3092,$
  );
#3102 = PRODUCT_RELATED_PRODUCT_CATEGORY('part',$,(#3094));
#3103 = ADVANCED_BREP_SHAPE_REPRESENTATION('',(#11,#3104),#3116);
#3104 = MANIFOLD_SOLID_BREP('',#3105);
#3105 = CLOSED_SHELL('',(#3106));
#3106 = ADVANCED_FACE('',(#3107),#3111,.T.);
#3107 = FACE_BOUND('',#3108,.T.);
#3108 = VERTEX_LOOP('',#3109);
#3109 = VERTEX_POINT('',#3110);
#3110 = CARTESIAN_POINT('',(1.071565949254E-17,-2.624579619658E-33,
    -0.175));
#3111 = SPHERICAL_SURFACE('',#3112,0.175);
#3112 = AXIS2_PLACEMENT_3D('',#3113,#3114,#3115);
#3113 = CARTESIAN_POINT('',(0.,0.,0.));
#3114 = DIRECTION('',(0.,0.,1.));
#3115 = DIRECTION('',(1.,0.,-0.));
#3116 = ( GEOMETRIC_REPRESENTATION_CONTEXT(3) 
GLOBAL_UNCERTAINTY_ASSIGNED_CONTEXT((#3120)) 
GLOBAL_UNIT_ASSIGNED_CONTEXT((#3117,#3118,#3119)) REPRESENTATION_CONTEXT
('Context #1','3D Context with UNIT and UNCERTAINTY') );
#3117 = ( LENGTH_UNIT() NAMED_UNIT(*) SI_UNIT(.MILLI.,.METRE.) );
#3118 = ( NAMED_UNIT(*) PLANE_ANGLE_UNIT() SI_UNIT($,.RADIAN.) );
#3119 = ( NAMED_UNIT(*) SI_UNIT($,.STERADIAN.) SOLID_ANGLE_UNIT() );
#3120 = UNCERTAINTY_MEASURE_WITH_UNIT(LENGTH_MEASURE(1.E-07),#3117,
  'distance_accuracy_value','confusion accuracy');
#3121 = SHAPE_DEFINITION_REPRESENTATION(#3122,#3103);
#3122 = PRODUCT_DEFINITION_SHAPE('','',#3123);
#3123 = PRODUCT_DEFINITION('design','',#3124,#3127);
#3124 = PRODUCT_DEFINITION_FORMATION('','',#3125);
#3125 = PRODUCT('L8','L8','',(#3126));
#3126 = PRODUCT_CONTEXT('',#2,'mechanical');
#3127 = PRODUCT_DEFINITION_CONTEXT('part definition',#2,'design');
#3128 = CONTEXT_DEPENDENT_SHAPE_REPRESENTATION(#3129,#3131);
#3129 = ( REPRESENTATION_RELATIONSHIP('','',#3103,#10) 
REPRESENTATION_RELATIONSHIP_WITH_TRANSFORMATION(#3130) 
SHAPE_REPRESENTATION_RELATIONSHIP() );
#3130 = ITEM_DEFINED_TRANSFORMATION('','',#11,#343);
#3131 = PRODUCT_DEFINITION_SHAPE('Placement','Placement of an item',
  #3132);
#3132 = NEXT_ASSEMBLY_USAGE_OCCURRENCE('83','=>[0:1:1:84]','',#5,#3123,$
  );
#3133 = PRODUCT_RELATED_PRODUCT_CATEGORY('part',$,(#3125));
#3134 = ADVANCED_BREP_SHAPE_REPRESENTATION('',(#11,#3135),#3147);
#3135 = MANIFOLD_SOLID_BREP('',#3136);
#3136 = CLOSED_SHELL('',(#3137));
#3137 = ADVANCED_FACE('',(#3138),#3142,.T.);
#3138 = FACE_BOUND('',#3139,.T.);
#3139 = VERTEX_LOOP('',#3140);
#3140 = VERTEX_POINT('',#3141);
#3141 = CARTESIAN_POINT('',(1.071565949254E-17,-2.624579619658E-33,
    -0.175));
#3142 = SPHERICAL_SURFACE('',#3143,0.175);
#3143 = AXIS2_PLACEMENT_3D('',#3144,#3145,#3146);
#3144 = CARTESIAN_POINT('',(0.,0.,0.));
#3145 = DIRECTION('',(0.,0.,1.));
#3146 = DIRECTION('',(1.,0.,-0.));
#3147 = ( GEOMETRIC_REPRESENTATION_CONTEXT(3) 
GLOBAL_UNCERTAINTY_ASSIGNED_CONTEXT((#3151)) 
GLOBAL_UNIT_ASSIGNED_CONTEXT((#3148,#3149,#3150)) REPRESENTATION_CONTEXT
('Context #1','3D Context with UNIT and UNCERTAINTY') );
#3148 = ( LENGTH_UNIT() NAMED_UNIT(*) SI_UNIT(.MILLI.,.METRE.) );
#3149 = ( NAMED_UNIT(*) PLANE_ANGLE_UNIT() SI_UNIT($,.RADIAN.) );
#3150 = ( NAMED_UNIT(*) SI_UNIT($,.STERADIAN.) SOLID_ANGLE_UNIT() );
#3151 = UNCERTAINTY_MEASURE_WITH_UNIT(LENGTH_MEASURE(1.E-07),#3148,
  'distance_accuracy_value','confusion accuracy');
#3152 = SHAPE_DEFINITION_REPRESENTATION(#3153,#3134);
#3153 = PRODUCT_DEFINITION_SHAPE('','',#3154);
#3154 = PRODUCT_DEFINITION('design','',#3155,#3158);
#3155 = PRODUCT_DEFINITION_FORMATION('','',#3156);
#3156 = PRODUCT('L9','L9','',(#3157));
#3157 = PRODUCT_CONTEXT('',#2,'mechanical');
#3158 = PRODUCT_DEFINITION_CONTEXT('part definition',#2,'design');
#3159 = CONTEXT_DEPENDENT_SHAPE_REPRESENTATION(#3160,#3162);
#3160 = ( REPRESENTATION_RELATIONSHIP('','',#3134,#10) 
REPRESENTATION_RELATIONSHIP_WITH_TRANSFORMATION(#3161) 
SHAPE_REPRESENTATION_RELATIONSHIP() );
#3161 = ITEM_DEFINED_TRANSFORMATION('','',#11,#347);
#3162 = PRODUCT_DEFINITION_SHAPE('Placement','Placement of an item',
  #3163);
#3163 = NEXT_ASSEMBLY_USAGE_OCCURRENCE('84','=>[0:1:1:85]','',#5,#3154,$
  );
#3164 = PRODUCT_RELATED_PRODUCT_CATEGORY('part',$,(#3156));
#3165 = ADVANCED_BREP_SHAPE_REPRESENTATION('',(#11,#3166),#3178);
#3166 = MANIFOLD_SOLID_BREP('',#3167);
#3167 = CLOSED_SHELL('',(#3168));
#3168 = ADVANCED_FACE('',(#3169),#3173,.T.);
#3169 = FACE_BOUND('',#3170,.T.);
#3170 = VERTEX_LOOP('',#3171);
#3171 = VERTEX_POINT('',#3172);
#3172 = CARTESIAN_POINT('',(1.071565949254E-17,-2.624579619658E-33,
    -0.175));
#3173 = SPHERICAL_SURFACE('',#3174,0.175);
#3174 = AXIS2_PLACEMENT_3D('',#3175,#3176,#3177);
#3175 = CARTESIAN_POINT('',(0.,0.,0.));
#3176 = DIRECTION('',(0.,0.,1.));
#3177 = DIRECTION('',(1.,0.,-0.));
#3178 = ( GEOMETRIC_REPRESENTATION_CONTEXT(3) 
GLOBAL_UNCERTAINTY_ASSIGNED_CONTEXT((#3182)) 
GLOBAL_UNIT_ASSIGNED_CONTEXT((#3179,#3180,#3181)) REPRESENTATION_CONTEXT
('Context #1','3D Context with UNIT and UNCERTAINTY') );
#3179 = ( LENGTH_UNIT() NAMED_UNIT(*) SI_UNIT(.MILLI.,.METRE.) );
#3180 = ( NAMED_UNIT(*) PLANE_ANGLE_UNIT() SI_UNIT($,.RADIAN.) );
#3181 = ( NAMED_UNIT(*) SI_UNIT($,.STERADIAN.) SOLID_ANGLE_UNIT() );
#3182 = UNCERTAINTY_MEASURE_WITH_UNIT(LENGTH_MEASURE(1.E-07),#3179,
  'distance_accuracy_value','confusion accuracy');
#3183 = SHAPE_DEFINITION_REPRESENTATION(#3184,#3165);
#3184 = PRODUCT_DEFINITION_SHAPE('','',#3185);
#3185 = PRODUCT_DEFINITION('design','',#3186,#3189);
#3186 = PRODUCT_DEFINITION_FORMATION('','',#3187);
#3187 = PRODUCT('L10','L10','',(#3188));
#3188 = PRODUCT_CONTEXT('',#2,'mechanical');
#3189 = PRODUCT_DEFINITION_CONTEXT('part definition',#2,'design');
#3190 = CONTEXT_DEPENDENT_SHAPE_REPRESENTATION(#3191,#3193);
#3191 = ( REPRESENTATION_RELATIONSHIP('','',#3165,#10) 
REPRESENTATION_RELATIONSHIP_WITH_TRANSFORMATION(#3192) 
SHAPE_REPRESENTATION_RELATIONSHIP() );
#3192 = ITEM_DEFINED_TRANSFORMATION('','',#11,#351);
#3193 = PRODUCT_DEFINITION_SHAPE('Placement','Placement of an item',
  #3194);
#3194 = NEXT_ASSEMBLY_USAGE_OCCURRENCE('85','=>[0:1:1:86]','',#5,#3185,$
  );
#3195 = PRODUCT_RELATED_PRODUCT_CATEGORY('part',$,(#3187));
#3196 = ADVANCED_BREP_SHAPE_REPRESENTATION('',(#11,#3197),#3209);
#3197 = MANIFOLD_SOLID_BREP('',#3198);
#3198 = CLOSED_SHELL('',(#3199));
#3199 = ADVANCED_FACE('',(#3200),#3204,.T.);
#3200 = FACE_BOUND('',#3201,.T.);
#3201 = VERTEX_LOOP('',#3202);
#3202 = VERTEX_POINT('',#3203);
#3203 = CARTESIAN_POINT('',(1.071565949254E-17,-2.624579619658E-33,
    -0.175));
#3204 = SPHERICAL_SURFACE('',#3205,0.175);
#3205 = AXIS2_PLACEMENT_3D('',#3206,#3207,#3208);
#3206 = CARTESIAN_POINT('',(0.,0.,0.));
#3207 = DIRECTION('',(0.,0.,1.));
#3208 = DIRECTION('',(1.,0.,-0.));
#3209 = ( GEOMETRIC_REPRESENTATION_CONTEXT(3) 
GLOBAL_UNCERTAINTY_ASSIGNED_CONTEXT((#3213)) 
GLOBAL_UNIT_ASSIGNED_CONTEXT((#3210,#3211,#3212)) REPRESENTATION_CONTEXT
('Context #1','3D Context with UNIT and UNCERTAINTY') );
#3210 = ( LENGTH_UNIT() NAMED_UNIT(*) SI_UNIT(.MILLI.,.METRE.) );
#3211 = ( NAMED_UNIT(*) PLANE_ANGLE_UNIT() SI_UNIT($,.RADIAN.) );
#3212 = ( NAMED_UNIT(*) SI_UNIT($,.STERADIAN.) SOLID_ANGLE_UNIT() );
#3213 = UNCERTAINTY_MEASURE_WITH_UNIT(LENGTH_MEASURE(1.E-07),#3210,
  'distance_accuracy_value','confusion accuracy');
#3214 = SHAPE_DEFINITION_REPRESENTATION(#3215,#3196);
#3215 = PRODUCT_DEFINITION_SHAPE('','',#3216);
#3216 = PRODUCT_DEFINITION('design','',#3217,#3220);
#3217 = PRODUCT_DEFINITION_FORMATION('','',#3218);
#3218 = PRODUCT('M1','M1','',(#3219));
#3219 = PRODUCT_CONTEXT('',#2,'mechanical');
#3220 = PRODUCT_DEFINITION_CONTEXT('part definition',#2,'design');
#3221 = CONTEXT_DEPENDENT_SHAPE_REPRESENTATION(#3222,#3224);
#3222 = ( REPRESENTATION_RELATIONSHIP('','',#3196,#10) 
REPRESENTATION_RELATIONSHIP_WITH_TRANSFORMATION(#3223) 
SHAPE_REPRESENTATION_RELATIONSHIP() );
#3223 = ITEM_DEFINED_TRANSFORMATION('','',#11,#355);
#3224 = PRODUCT_DEFINITION_SHAPE('Placement','Placement of an item',
  #3225);
#3225 = NEXT_ASSEMBLY_USAGE_OCCURRENCE('86','=>[0:1:1:87]','',#5,#3216,$
  );
#3226 = PRODUCT_RELATED_PRODUCT_CATEGORY('part',$,(#3218));
#3227 = ADVANCED_BREP_SHAPE_REPRESENTATION('',(#11,#3228),#3240);
#3228 = MANIFOLD_SOLID_BREP('',#3229);
#3229 = CLOSED_SHELL('',(#3230));
#3230 = ADVANCED_FACE('',(#3231),#3235,.T.);
#3231 = FACE_BOUND('',#3232,.T.);
#3232 = VERTEX_LOOP('',#3233);
#3233 = VERTEX_POINT('',#3234);
#3234 = CARTESIAN_POINT('',(1.071565949254E-17,-2.624579619658E-33,
    -0.175));
#3235 = SPHERICAL_SURFACE('',#3236,0.175);
#3236 = AXIS2_PLACEMENT_3D('',#3237,#3238,#3239);
#3237 = CARTESIAN_POINT('',(0.,0.,0.));
#3238 = DIRECTION('',(0.,0.,1.));
#3239 = DIRECTION('',(1.,0.,-0.));
#3240 = ( GEOMETRIC_REPRESENTATION_CONTEXT(3) 
GLOBAL_UNCERTAINTY_ASSIGNED_CONTEXT((#3244)) 
GLOBAL_UNIT_ASSIGNED_CONTEXT((#3241,#3242,#3243)) REPRESENTATION_CONTEXT
('Context #1','3D Context with UNIT and UNCERTAINTY') );
#3241 = ( LENGTH_UNIT() NAMED_UNIT(*) SI_UNIT(.MILLI.,.METRE.) );
#3242 = ( NAMED_UNIT(*) PLANE_ANGLE_UNIT() SI_UNIT($,.RADIAN.) );
#3243 = ( NAMED_UNIT(*) SI_UNIT($,.STERADIAN.) SOLID_ANGLE_UNIT() );
#3244 = UNCERTAINTY_MEASURE_WITH_UNIT(LENGTH_MEASURE(1.E-07),#3241,
  'distance_accuracy_value','confusion accuracy');
#3245 = SHAPE_DEFINITION_REPRESENTATION(#3246,#3227);
#3246 = PRODUCT_DEFINITION_SHAPE('','',#3247);
#3247 = PRODUCT_DEFINITION('design','',#3248,#3251);
#3248 = PRODUCT_DEFINITION_FORMATION('','',#3249);
#3249 = PRODUCT('M2','M2','',(#3250));
#3250 = PRODUCT_CONTEXT('',#2,'mechanical');
#3251 = PRODUCT_DEFINITION_CONTEXT('part definition',#2,'design');
#3252 = CONTEXT_DEPENDENT_SHAPE_REPRESENTATION(#3253,#3255);
#3253 = ( REPRESENTATION_RELATIONSHIP('','',#3227,#10) 
REPRESENTATION_RELATIONSHIP_WITH_TRANSFORMATION(#3254) 
SHAPE_REPRESENTATION_RELATIONSHIP() );
#3254 = ITEM_DEFINED_TRANSFORMATION('','',#11,#359);
#3255 = PRODUCT_DEFINITION_SHAPE('Placement','Placement of an item',
  #3256);
#3256 = NEXT_ASSEMBLY_USAGE_OCCURRENCE('87','=>[0:1:1:88]','',#5,#3247,$
  );
#3257 = PRODUCT_RELATED_PRODUCT_CATEGORY('part',$,(#3249));
#3258 = ADVANCED_BREP_SHAPE_REPRESENTATION('',(#11,#3259),#3271);
#3259 = MANIFOLD_SOLID_BREP('',#3260);
#3260 = CLOSED_SHELL('',(#3261));
#3261 = ADVANCED_FACE('',(#3262),#3266,.T.);
#3262 = FACE_BOUND('',#3263,.T.);
#3263 = VERTEX_LOOP('',#3264);
#3264 = VERTEX_POINT('',#3265);
#3265 = CARTESIAN_POINT('',(1.071565949254E-17,-2.624579619658E-33,
    -0.175));
#3266 = SPHERICAL_SURFACE('',#3267,0.175);
#3267 = AXIS2_PLACEMENT_3D('',#3268,#3269,#3270);
#3268 = CARTESIAN_POINT('',(0.,0.,0.));
#3269 = DIRECTION('',(0.,0.,1.));
#3270 = DIRECTION('',(1.,0.,-0.));
#3271 = ( GEOMETRIC_REPRESENTATION_CONTEXT(3) 
GLOBAL_UNCERTAINTY_ASSIGNED_CONTEXT((#3275)) 
GLOBAL_UNIT_ASSIGNED_CONTEXT((#3272,#3273,#3274)) REPRESENTATION_CONTEXT
('Context #1','3D Context with UNIT and UNCERTAINTY') );
#3272 = ( LENGTH_UNIT() NAMED_UNIT(*) SI_UNIT(.MILLI.,.METRE.) );
#3273 = ( NAMED_UNIT(*) PLANE_ANGLE_UNIT() SI_UNIT($,.RADIAN.) );
#3274 = ( NAMED_UNIT(*) SI_UNIT($,.STERADIAN.) SOLID_ANGLE_UNIT() );
#3275 = UNCERTAINTY_MEASURE_WITH_UNIT(LENGTH_MEASURE(1.E-07),#3272,
  'distance_accuracy_value','confusion accuracy');
#3276 = SHAPE_DEFINITION_REPRESENTATION(#3277,#3258);
#3277 = PRODUCT_DEFINITION_SHAPE('','',#3278);
#3278 = PRODUCT_DEFINITION('design','',#3279,#3282);
#3279 = PRODUCT_DEFINITION_FORMATION('','',#3280);
#3280 = PRODUCT('M3','M3','',(#3281));
#3281 = PRODUCT_CONTEXT('',#2,'mechanical');
#3282 = PRODUCT_DEFINITION_CONTEXT('part definition',#2,'design');
#3283 = CONTEXT_DEPENDENT_SHAPE_REPRESENTATION(#3284,#3286);
#3284 = ( REPRESENTATION_RELATIONSHIP('','',#3258,#10) 
REPRESENTATION_RELATIONSHIP_WITH_TRANSFORMATION(#3285) 
SHAPE_REPRESENTATION_RELATIONSHIP() );
#3285 = ITEM_DEFINED_TRANSFORMATION('','',#11,#363);
#3286 = PRODUCT_DEFINITION_SHAPE('Placement','Placement of an item',
  #3287);
#3287 = NEXT_ASSEMBLY_USAGE_OCCURRENCE('88','=>[0:1:1:89]','',#5,#3278,$
  );
#3288 = PRODUCT_RELATED_PRODUCT_CATEGORY('part',$,(#3280));
#3289 = ADVANCED_BREP_SHAPE_REPRESENTATION('',(#11,#3290),#3302);
#3290 = MANIFOLD_SOLID_BREP('',#3291);
#3291 = CLOSED_SHELL('',(#3292));
#3292 = ADVANCED_FACE('',(#3293),#3297,.T.);
#3293 = FACE_BOUND('',#3294,.T.);
#3294 = VERTEX_LOOP('',#3295);
#3295 = VERTEX_POINT('',#3296);
#3296 = CARTESIAN_POINT('',(1.071565949254E-17,-2.624579619658E-33,
    -0.175));
#3297 = SPHERICAL_SURFACE('',#3298,0.175);
#3298 = AXIS2_PLACEMENT_3D('',#3299,#3300,#3301);
#3299 = CARTESIAN_POINT('',(0.,0.,0.));
#3300 = DIRECTION('',(0.,0.,1.));
#3301 = DIRECTION('',(1.,0.,-0.));
#3302 = ( GEOMETRIC_REPRESENTATION_CONTEXT(3) 
GLOBAL_UNCERTAINTY_ASSIGNED_CONTEXT((#3306)) 
GLOBAL_UNIT_ASSIGNED_CONTEXT((#3303,#3304,#3305)) REPRESENTATION_CONTEXT
('Context #1','3D Context with UNIT and UNCERTAINTY') );
#3303 = ( LENGTH_UNIT() NAMED_UNIT(*) SI_UNIT(.MILLI.,.METRE.) );
#3304 = ( NAMED_UNIT(*) PLANE_ANGLE_UNIT() SI_UNIT($,.RADIAN.) );
#3305 = ( NAMED_UNIT(*) SI_UNIT($,.STERADIAN.) SOLID_ANGLE_UNIT() );
#3306 = UNCERTAINTY_MEASURE_WITH_UNIT(LENGTH_MEASURE(1.E-07),#3303,
  'distance_accuracy_value','confusion accuracy');
#3307 = SHAPE_DEFINITION_REPRESENTATION(#3308,#3289);
#3308 = PRODUCT_DEFINITION_SHAPE('','',#3309);
#3309 = PRODUCT_DEFINITION('design','',#3310,#3313);
#3310 = PRODUCT_DEFINITION_FORMATION('','',#3311);
#3311 = PRODUCT('M5','M5','',(#3312));
#3312 = PRODUCT_CONTEXT('',#2,'mechanical');
#3313 = PRODUCT_DEFINITION_CONTEXT('part definition',#2,'design');
#3314 = CONTEXT_DEPENDENT_SHAPE_REPRESENTATION(#3315,#3317);
#3315 = ( REPRESENTATION_RELATIONSHIP('','',#3289,#10) 
REPRESENTATION_RELATIONSHIP_WITH_TRANSFORMATION(#3316) 
SHAPE_REPRESENTATION_RELATIONSHIP() );
#3316 = ITEM_DEFINED_TRANSFORMATION('','',#11,#367);
#3317 = PRODUCT_DEFINITION_SHAPE('Placement','Placement of an item',
  #3318);
#3318 = NEXT_ASSEMBLY_USAGE_OCCURRENCE('89','=>[0:1:1:90]','',#5,#3309,$
  );
#3319 = PRODUCT_RELATED_PRODUCT_CATEGORY('part',$,(#3311));
#3320 = ADVANCED_BREP_SHAPE_REPRESENTATION('',(#11,#3321),#3333);
#3321 = MANIFOLD_SOLID_BREP('',#3322);
#3322 = CLOSED_SHELL('',(#3323));
#3323 = ADVANCED_FACE('',(#3324),#3328,.T.);
#3324 = FACE_BOUND('',#3325,.T.);
#3325 = VERTEX_LOOP('',#3326);
#3326 = VERTEX_POINT('',#3327);
#3327 = CARTESIAN_POINT('',(1.071565949254E-17,-2.624579619658E-33,
    -0.175));
#3328 = SPHERICAL_SURFACE('',#3329,0.175);
#3329 = AXIS2_PLACEMENT_3D('',#3330,#3331,#3332);
#3330 = CARTESIAN_POINT('',(0.,0.,0.));
#3331 = DIRECTION('',(0.,0.,1.));
#3332 = DIRECTION('',(1.,0.,-0.));
#3333 = ( GEOMETRIC_REPRESENTATION_CONTEXT(3) 
GLOBAL_UNCERTAINTY_ASSIGNED_CONTEXT((#3337)) 
GLOBAL_UNIT_ASSIGNED_CONTEXT((#3334,#3335,#3336)) REPRESENTATION_CONTEXT
('Context #1','3D Context with UNIT and UNCERTAINTY') );
#3334 = ( LENGTH_UNIT() NAMED_UNIT(*) SI_UNIT(.MILLI.,.METRE.) );
#3335 = ( NAMED_UNIT(*) PLANE_ANGLE_UNIT() SI_UNIT($,.RADIAN.) );
#3336 = ( NAMED_UNIT(*) SI_UNIT($,.STERADIAN.) SOLID_ANGLE_UNIT() );
#3337 = UNCERTAINTY_MEASURE_WITH_UNIT(LENGTH_MEASURE(1.E-07),#3334,
  'distance_accuracy_value','confusion accuracy');
#3338 = SHAPE_DEFINITION_REPRESENTATION(#3339,#3320);
#3339 = PRODUCT_DEFINITION_SHAPE('','',#3340);
#3340 = PRODUCT_DEFINITION('design','',#3341,#3344);
#3341 = PRODUCT_DEFINITION_FORMATION('','',#3342);
#3342 = PRODUCT('M6','M6','',(#3343));
#3343 = PRODUCT_CONTEXT('',#2,'mechanical');
#3344 = PRODUCT_DEFINITION_CONTEXT('part definition',#2,'design');
#3345 = CONTEXT_DEPENDENT_SHAPE_REPRESENTATION(#3346,#3348);
#3346 = ( REPRESENTATION_RELATIONSHIP('','',#3320,#10) 
REPRESENTATION_RELATIONSHIP_WITH_TRANSFORMATION(#3347) 
SHAPE_REPRESENTATION_RELATIONSHIP() );
#3347 = ITEM_DEFINED_TRANSFORMATION('','',#11,#371);
#3348 = PRODUCT_DEFINITION_SHAPE('Placement','Placement of an item',
  #3349);
#3349 = NEXT_ASSEMBLY_USAGE_OCCURRENCE('90','=>[0:1:1:91]','',#5,#3340,$
  );
#3350 = PRODUCT_RELATED_PRODUCT_CATEGORY('part',$,(#3342));
#3351 = ADVANCED_BREP_SHAPE_REPRESENTATION('',(#11,#3352),#3364);
#3352 = MANIFOLD_SOLID_BREP('',#3353);
#3353 = CLOSED_SHELL('',(#3354));
#3354 = ADVANCED_FACE('',(#3355),#3359,.T.);
#3355 = FACE_BOUND('',#3356,.T.);
#3356 = VERTEX_LOOP('',#3357);
#3357 = VERTEX_POINT('',#3358);
#3358 = CARTESIAN_POINT('',(1.071565949254E-17,-2.624579619658E-33,
    -0.175));
#3359 = SPHERICAL_SURFACE('',#3360,0.175);
#3360 = AXIS2_PLACEMENT_3D('',#3361,#3362,#3363);
#3361 = CARTESIAN_POINT('',(0.,0.,0.));
#3362 = DIRECTION('',(0.,0.,1.));
#3363 = DIRECTION('',(1.,0.,-0.));
#3364 = ( GEOMETRIC_REPRESENTATION_CONTEXT(3) 
GLOBAL_UNCERTAINTY_ASSIGNED_CONTEXT((#3368)) 
GLOBAL_UNIT_ASSIGNED_CONTEXT((#3365,#3366,#3367)) REPRESENTATION_CONTEXT
('Context #1','3D Context with UNIT and UNCERTAINTY') );
#3365 = ( LENGTH_UNIT() NAMED_UNIT(*) SI_UNIT(.MILLI.,.METRE.) );
#3366 = ( NAMED_UNIT(*) PLANE_ANGLE_UNIT() SI_UNIT($,.RADIAN.) );
#3367 = ( NAMED_UNIT(*) SI_UNIT($,.STERADIAN.) SOLID_ANGLE_UNIT() );
#3368 = UNCERTAINTY_MEASURE_WITH_UNIT(LENGTH_MEASURE(1.E-07),#3365,
  'distance_accuracy_value','confusion accuracy');
#3369 = SHAPE_DEFINITION_REPRESENTATION(#3370,#3351);
#3370 = PRODUCT_DEFINITION_SHAPE('','',#3371);
#3371 = PRODUCT_DEFINITION('design','',#3372,#3375);
#3372 = PRODUCT_DEFINITION_FORMATION('','',#3373);
#3373 = PRODUCT('M7','M7','',(#3374));
#3374 = PRODUCT_CONTEXT('',#2,'mechanical');
#3375 = PRODUCT_DEFINITION_CONTEXT('part definition',#2,'design');
#3376 = CONTEXT_DEPENDENT_SHAPE_REPRESENTATION(#3377,#3379);
#3377 = ( REPRESENTATION_RELATIONSHIP('','',#3351,#10) 
REPRESENTATION_RELATIONSHIP_WITH_TRANSFORMATION(#3378) 
SHAPE_REPRESENTATION_RELATIONSHIP() );
#3378 = ITEM_DEFINED_TRANSFORMATION('','',#11,#375);
#3379 = PRODUCT_DEFINITION_SHAPE('Placement','Placement of an item',
  #3380);
#3380 = NEXT_ASSEMBLY_USAGE_OCCURRENCE('91','=>[0:1:1:92]','',#5,#3371,$
  );
#3381 = PRODUCT_RELATED_PRODUCT_CATEGORY('part',$,(#3373));
#3382 = ADVANCED_BREP_SHAPE_REPRESENTATION('',(#11,#3383),#3395);
#3383 = MANIFOLD_SOLID_BREP('',#3384);
#3384 = CLOSED_SHELL('',(#3385));
#3385 = ADVANCED_FACE('',(#3386),#3390,.T.);
#3386 = FACE_BOUND('',#3387,.T.);
#3387 = VERTEX_LOOP('',#3388);
#3388 = VERTEX_POINT('',#3389);
#3389 = CARTESIAN_POINT('',(1.071565949254E-17,-2.624579619658E-33,
    -0.175));
#3390 = SPHERICAL_SURFACE('',#3391,0.175);
#3391 = AXIS2_PLACEMENT_3D('',#3392,#3393,#3394);
#3392 = CARTESIAN_POINT('',(0.,0.,0.));
#3393 = DIRECTION('',(0.,0.,1.));
#3394 = DIRECTION('',(1.,0.,-0.));
#3395 = ( GEOMETRIC_REPRESENTATION_CONTEXT(3) 
GLOBAL_UNCERTAINTY_ASSIGNED_CONTEXT((#3399)) 
GLOBAL_UNIT_ASSIGNED_CONTEXT((#3396,#3397,#3398)) REPRESENTATION_CONTEXT
('Context #1','3D Context with UNIT and UNCERTAINTY') );
#3396 = ( LENGTH_UNIT() NAMED_UNIT(*) SI_UNIT(.MILLI.,.METRE.) );
#3397 = ( NAMED_UNIT(*) PLANE_ANGLE_UNIT() SI_UNIT($,.RADIAN.) );
#3398 = ( NAMED_UNIT(*) SI_UNIT($,.STERADIAN.) SOLID_ANGLE_UNIT() );
#3399 = UNCERTAINTY_MEASURE_WITH_UNIT(LENGTH_MEASURE(1.E-07),#3396,
  'distance_accuracy_value','confusion accuracy');
#3400 = SHAPE_DEFINITION_REPRESENTATION(#3401,#3382);
#3401 = PRODUCT_DEFINITION_SHAPE('','',#3402);
#3402 = PRODUCT_DEFINITION('design','',#3403,#3406);
#3403 = PRODUCT_DEFINITION_FORMATION('','',#3404);
#3404 = PRODUCT('M8','M8','',(#3405));
#3405 = PRODUCT_CONTEXT('',#2,'mechanical');
#3406 = PRODUCT_DEFINITION_CONTEXT('part definition',#2,'design');
#3407 = CONTEXT_DEPENDENT_SHAPE_REPRESENTATION(#3408,#3410);
#3408 = ( REPRESENTATION_RELATIONSHIP('','',#3382,#10) 
REPRESENTATION_RELATIONSHIP_WITH_TRANSFORMATION(#3409) 
SHAPE_REPRESENTATION_RELATIONSHIP() );
#3409 = ITEM_DEFINED_TRANSFORMATION('','',#11,#379);
#3410 = PRODUCT_DEFINITION_SHAPE('Placement','Placement of an item',
  #3411);
#3411 = NEXT_ASSEMBLY_USAGE_OCCURRENCE('92','=>[0:1:1:93]','',#5,#3402,$
  );
#3412 = PRODUCT_RELATED_PRODUCT_CATEGORY('part',$,(#3404));
#3413 = ADVANCED_BREP_SHAPE_REPRESENTATION('',(#11,#3414),#3426);
#3414 = MANIFOLD_SOLID_BREP('',#3415);
#3415 = CLOSED_SHELL('',(#3416));
#3416 = ADVANCED_FACE('',(#3417),#3421,.T.);
#3417 = FACE_BOUND('',#3418,.T.);
#3418 = VERTEX_LOOP('',#3419);
#3419 = VERTEX_POINT('',#3420);
#3420 = CARTESIAN_POINT('',(1.071565949254E-17,-2.624579619658E-33,
    -0.175));
#3421 = SPHERICAL_SURFACE('',#3422,0.175);
#3422 = AXIS2_PLACEMENT_3D('',#3423,#3424,#3425);
#3423 = CARTESIAN_POINT('',(0.,0.,0.));
#3424 = DIRECTION('',(0.,0.,1.));
#3425 = DIRECTION('',(1.,0.,-0.));
#3426 = ( GEOMETRIC_REPRESENTATION_CONTEXT(3) 
GLOBAL_UNCERTAINTY_ASSIGNED_CONTEXT((#3430)) 
GLOBAL_UNIT_ASSIGNED_CONTEXT((#3427,#3428,#3429)) REPRESENTATION_CONTEXT
('Context #1','3D Context with UNIT and UNCERTAINTY') );
#3427 = ( LENGTH_UNIT() NAMED_UNIT(*) SI_UNIT(.MILLI.,.METRE.) );
#3428 = ( NAMED_UNIT(*) PLANE_ANGLE_UNIT() SI_UNIT($,.RADIAN.) );
#3429 = ( NAMED_UNIT(*) SI_UNIT($,.STERADIAN.) SOLID_ANGLE_UNIT() );
#3430 = UNCERTAINTY_MEASURE_WITH_UNIT(LENGTH_MEASURE(1.E-07),#3427,
  'distance_accuracy_value','confusion accuracy');
#3431 = SHAPE_DEFINITION_REPRESENTATION(#3432,#3413);
#3432 = PRODUCT_DEFINITION_SHAPE('','',#3433);
#3433 = PRODUCT_DEFINITION('design','',#3434,#3437);
#3434 = PRODUCT_DEFINITION_FORMATION('','',#3435);
#3435 = PRODUCT('M9','M9','',(#3436));
#3436 = PRODUCT_CONTEXT('',#2,'mechanical');
#3437 = PRODUCT_DEFINITION_CONTEXT('part definition',#2,'design');
#3438 = CONTEXT_DEPENDENT_SHAPE_REPRESENTATION(#3439,#3441);
#3439 = ( REPRESENTATION_RELATIONSHIP('','',#3413,#10) 
REPRESENTATION_RELATIONSHIP_WITH_TRANSFORMATION(#3440) 
SHAPE_REPRESENTATION_RELATIONSHIP() );
#3440 = ITEM_DEFINED_TRANSFORMATION('','',#11,#383);
#3441 = PRODUCT_DEFINITION_SHAPE('Placement','Placement of an item',
  #3442);
#3442 = NEXT_ASSEMBLY_USAGE_OCCURRENCE('93','=>[0:1:1:94]','',#5,#3433,$
  );
#3443 = PRODUCT_RELATED_PRODUCT_CATEGORY('part',$,(#3435));
#3444 = ADVANCED_BREP_SHAPE_REPRESENTATION('',(#11,#3445),#3457);
#3445 = MANIFOLD_SOLID_BREP('',#3446);
#3446 = CLOSED_SHELL('',(#3447));
#3447 = ADVANCED_FACE('',(#3448),#3452,.T.);
#3448 = FACE_BOUND('',#3449,.T.);
#3449 = VERTEX_LOOP('',#3450);
#3450 = VERTEX_POINT('',#3451);
#3451 = CARTESIAN_POINT('',(1.071565949254E-17,-2.624579619658E-33,
    -0.175));
#3452 = SPHERICAL_SURFACE('',#3453,0.175);
#3453 = AXIS2_PLACEMENT_3D('',#3454,#3455,#3456);
#3454 = CARTESIAN_POINT('',(0.,0.,0.));
#3455 = DIRECTION('',(0.,0.,1.));
#3456 = DIRECTION('',(1.,0.,-0.));
#3457 = ( GEOMETRIC_REPRESENTATION_CONTEXT(3) 
GLOBAL_UNCERTAINTY_ASSIGNED_CONTEXT((#3461)) 
GLOBAL_UNIT_ASSIGNED_CONTEXT((#3458,#3459,#3460)) REPRESENTATION_CONTEXT
('Context #1','3D Context with UNIT and UNCERTAINTY') );
#3458 = ( LENGTH_UNIT() NAMED_UNIT(*) SI_UNIT(.MILLI.,.METRE.) );
#3459 = ( NAMED_UNIT(*) PLANE_ANGLE_UNIT() SI_UNIT($,.RADIAN.) );
#3460 = ( NAMED_UNIT(*) SI_UNIT($,.STERADIAN.) SOLID_ANGLE_UNIT() );
#3461 = UNCERTAINTY_MEASURE_WITH_UNIT(LENGTH_MEASURE(1.E-07),#3458,
  'distance_accuracy_value','confusion accuracy');
#3462 = SHAPE_DEFINITION_REPRESENTATION(#3463,#3444);
#3463 = PRODUCT_DEFINITION_SHAPE('','',#3464);
#3464 = PRODUCT_DEFINITION('design','',#3465,#3468);
#3465 = PRODUCT_DEFINITION_FORMATION('','',#3466);
#3466 = PRODUCT('M10','M10','',(#3467));
#3467 = PRODUCT_CONTEXT('',#2,'mechanical');
#3468 = PRODUCT_DEFINITION_CONTEXT('part definition',#2,'design');
#3469 = CONTEXT_DEPENDENT_SHAPE_REPRESENTATION(#3470,#3472);
#3470 = ( REPRESENTATION_RELATIONSHIP('','',#3444,#10) 
REPRESENTATION_RELATIONSHIP_WITH_TRANSFORMATION(#3471) 
SHAPE_REPRESENTATION_RELATIONSHIP() );
#3471 = ITEM_DEFINED_TRANSFORMATION('','',#11,#387);
#3472 = PRODUCT_DEFINITION_SHAPE('Placement','Placement of an item',
  #3473);
#3473 = NEXT_ASSEMBLY_USAGE_OCCURRENCE('94','=>[0:1:1:95]','',#5,#3464,$
  );
#3474 = PRODUCT_RELATED_PRODUCT_CATEGORY('part',$,(#3466));
#3475 = ADVANCED_BREP_SHAPE_REPRESENTATION('',(#11,#3476),#3488);
#3476 = MANIFOLD_SOLID_BREP('',#3477);
#3477 = CLOSED_SHELL('',(#3478));
#3478 = ADVANCED_FACE('',(#3479),#3483,.T.);
#3479 = FACE_BOUND('',#3480,.T.);
#3480 = VERTEX_LOOP('',#3481);
#3481 = VERTEX_POINT('',#3482);
#3482 = CARTESIAN_POINT('',(1.071565949254E-17,-2.624579619658E-33,
    -0.175));
#3483 = SPHERICAL_SURFACE('',#3484,0.175);
#3484 = AXIS2_PLACEMENT_3D('',#3485,#3486,#3487);
#3485 = CARTESIAN_POINT('',(0.,0.,0.));
#3486 = DIRECTION('',(0.,0.,1.));
#3487 = DIRECTION('',(1.,0.,-0.));
#3488 = ( GEOMETRIC_REPRESENTATION_CONTEXT(3) 
GLOBAL_UNCERTAINTY_ASSIGNED_CONTEXT((#3492)) 
GLOBAL_UNIT_ASSIGNED_CONTEXT((#3489,#3490,#3491)) REPRESENTATION_CONTEXT
('Context #1','3D Context with UNIT and UNCERTAINTY') );
#3489 = ( LENGTH_UNIT() NAMED_UNIT(*) SI_UNIT(.MILLI.,.METRE.) );
#3490 = ( NAMED_UNIT(*) PLANE_ANGLE_UNIT() SI_UNIT($,.RADIAN.) );
#3491 = ( NAMED_UNIT(*) SI_UNIT($,.STERADIAN.) SOLID_ANGLE_UNIT() );
#3492 = UNCERTAINTY_MEASURE_WITH_UNIT(LENGTH_MEASURE(1.E-07),#3489,
  'distance_accuracy_value','confusion accuracy');
#3493 = SHAPE_DEFINITION_REPRESENTATION(#3494,#3475);
#3494 = PRODUCT_DEFINITION_SHAPE('','',#3495);
#3495 = PRODUCT_DEFINITION('design','',#3496,#3499);
#3496 = PRODUCT_DEFINITION_FORMATION('','',#3497);
#3497 = PRODUCT('N1','N1','',(#3498));
#3498 = PRODUCT_CONTEXT('',#2,'mechanical');
#3499 = PRODUCT_DEFINITION_CONTEXT('part definition',#2,'design');
#3500 = CONTEXT_DEPENDENT_SHAPE_REPRESENTATION(#3501,#3503);
#3501 = ( REPRESENTATION_RELATIONSHIP('','',#3475,#10) 
REPRESENTATION_RELATIONSHIP_WITH_TRANSFORMATION(#3502) 
SHAPE_REPRESENTATION_RELATIONSHIP() );
#3502 = ITEM_DEFINED_TRANSFORMATION('','',#11,#391);
#3503 = PRODUCT_DEFINITION_SHAPE('Placement','Placement of an item',
  #3504);
#3504 = NEXT_ASSEMBLY_USAGE_OCCURRENCE('95','=>[0:1:1:96]','',#5,#3495,$
  );
#3505 = PRODUCT_RELATED_PRODUCT_CATEGORY('part',$,(#3497));
#3506 = ADVANCED_BREP_SHAPE_REPRESENTATION('',(#11,#3507),#3519);
#3507 = MANIFOLD_SOLID_BREP('',#3508);
#3508 = CLOSED_SHELL('',(#3509));
#3509 = ADVANCED_FACE('',(#3510),#3514,.T.);
#3510 = FACE_BOUND('',#3511,.T.);
#3511 = VERTEX_LOOP('',#3512);
#3512 = VERTEX_POINT('',#3513);
#3513 = CARTESIAN_POINT('',(1.071565949254E-17,-2.624579619658E-33,
    -0.175));
#3514 = SPHERICAL_SURFACE('',#3515,0.175);
#3515 = AXIS2_PLACEMENT_3D('',#3516,#3517,#3518);
#3516 = CARTESIAN_POINT('',(0.,0.,0.));
#3517 = DIRECTION('',(0.,0.,1.));
#3518 = DIRECTION('',(1.,0.,-0.));
#3519 = ( GEOMETRIC_REPRESENTATION_CONTEXT(3) 
GLOBAL_UNCERTAINTY_ASSIGNED_CONTEXT((#3523)) 
GLOBAL_UNIT_ASSIGNED_CONTEXT((#3520,#3521,#3522)) REPRESENTATION_CONTEXT
('Context #1','3D Context with UNIT and UNCERTAINTY') );
#3520 = ( LENGTH_UNIT() NAMED_UNIT(*) SI_UNIT(.MILLI.,.METRE.) );
#3521 = ( NAMED_UNIT(*) PLANE_ANGLE_UNIT() SI_UNIT($,.RADIAN.) );
#3522 = ( NAMED_UNIT(*) SI_UNIT($,.STERADIAN.) SOLID_ANGLE_UNIT() );
#3523 = UNCERTAINTY_MEASURE_WITH_UNIT(LENGTH_MEASURE(1.E-07),#3520,
  'distance_accuracy_value','confusion accuracy');
#3524 = SHAPE_DEFINITION_REPRESENTATION(#3525,#3506);
#3525 = PRODUCT_DEFINITION_SHAPE('','',#3526);
#3526 = PRODUCT_DEFINITION('design','',#3527,#3530);
#3527 = PRODUCT_DEFINITION_FORMATION('','',#3528);
#3528 = PRODUCT('N2','N2','',(#3529));
#3529 = PRODUCT_CONTEXT('',#2,'mechanical');
#3530 = PRODUCT_DEFINITION_CONTEXT('part definition',#2,'design');
#3531 = CONTEXT_DEPENDENT_SHAPE_REPRESENTATION(#3532,#3534);
#3532 = ( REPRESENTATION_RELATIONSHIP('','',#3506,#10) 
REPRESENTATION_RELATIONSHIP_WITH_TRANSFORMATION(#3533) 
SHAPE_REPRESENTATION_RELATIONSHIP() );
#3533 = ITEM_DEFINED_TRANSFORMATION('','',#11,#395);
#3534 = PRODUCT_DEFINITION_SHAPE('Placement','Placement of an item',
  #3535);
#3535 = NEXT_ASSEMBLY_USAGE_OCCURRENCE('96','=>[0:1:1:97]','',#5,#3526,$
  );
#3536 = PRODUCT_RELATED_PRODUCT_CATEGORY('part',$,(#3528));
#3537 = ADVANCED_BREP_SHAPE_REPRESENTATION('',(#11,#3538),#3550);
#3538 = MANIFOLD_SOLID_BREP('',#3539);
#3539 = CLOSED_SHELL('',(#3540));
#3540 = ADVANCED_FACE('',(#3541),#3545,.T.);
#3541 = FACE_BOUND('',#3542,.T.);
#3542 = VERTEX_LOOP('',#3543);
#3543 = VERTEX_POINT('',#3544);
#3544 = CARTESIAN_POINT('',(1.071565949254E-17,-2.624579619658E-33,
    -0.175));
#3545 = SPHERICAL_SURFACE('',#3546,0.175);
#3546 = AXIS2_PLACEMENT_3D('',#3547,#3548,#3549);
#3547 = CARTESIAN_POINT('',(0.,0.,0.));
#3548 = DIRECTION('',(0.,0.,1.));
#3549 = DIRECTION('',(1.,0.,-0.));
#3550 = ( GEOMETRIC_REPRESENTATION_CONTEXT(3) 
GLOBAL_UNCERTAINTY_ASSIGNED_CONTEXT((#3554)) 
GLOBAL_UNIT_ASSIGNED_CONTEXT((#3551,#3552,#3553)) REPRESENTATION_CONTEXT
('Context #1','3D Context with UNIT and UNCERTAINTY') );
#3551 = ( LENGTH_UNIT() NAMED_UNIT(*) SI_UNIT(.MILLI.,.METRE.) );
#3552 = ( NAMED_UNIT(*) PLANE_ANGLE_UNIT() SI_UNIT($,.RADIAN.) );
#3553 = ( NAMED_UNIT(*) SI_UNIT($,.STERADIAN.) SOLID_ANGLE_UNIT() );
#3554 = UNCERTAINTY_MEASURE_WITH_UNIT(LENGTH_MEASURE(1.E-07),#3551,
  'distance_accuracy_value','confusion accuracy');
#3555 = SHAPE_DEFINITION_REPRESENTATION(#3556,#3537);
#3556 = PRODUCT_DEFINITION_SHAPE('','',#3557);
#3557 = PRODUCT_DEFINITION('design','',#3558,#3561);
#3558 = PRODUCT_DEFINITION_FORMATION('','',#3559);
#3559 = PRODUCT('N3','N3','',(#3560));
#3560 = PRODUCT_CONTEXT('',#2,'mechanical');
#3561 = PRODUCT_DEFINITION_CONTEXT('part definition',#2,'design');
#3562 = CONTEXT_DEPENDENT_SHAPE_REPRESENTATION(#3563,#3565);
#3563 = ( REPRESENTATION_RELATIONSHIP('','',#3537,#10) 
REPRESENTATION_RELATIONSHIP_WITH_TRANSFORMATION(#3564) 
SHAPE_REPRESENTATION_RELATIONSHIP() );
#3564 = ITEM_DEFINED_TRANSFORMATION('','',#11,#399);
#3565 = PRODUCT_DEFINITION_SHAPE('Placement','Placement of an item',
  #3566);
#3566 = NEXT_ASSEMBLY_USAGE_OCCURRENCE('97','=>[0:1:1:98]','',#5,#3557,$
  );
#3567 = PRODUCT_RELATED_PRODUCT_CATEGORY('part',$,(#3559));
#3568 = ADVANCED_BREP_SHAPE_REPRESENTATION('',(#11,#3569),#3581);
#3569 = MANIFOLD_SOLID_BREP('',#3570);
#3570 = CLOSED_SHELL('',(#3571));
#3571 = ADVANCED_FACE('',(#3572),#3576,.T.);
#3572 = FACE_BOUND('',#3573,.T.);
#3573 = VERTEX_LOOP('',#3574);
#3574 = VERTEX_POINT('',#3575);
#3575 = CARTESIAN_POINT('',(1.071565949254E-17,-2.624579619658E-33,
    -0.175));
#3576 = SPHERICAL_SURFACE('',#3577,0.175);
#3577 = AXIS2_PLACEMENT_3D('',#3578,#3579,#3580);
#3578 = CARTESIAN_POINT('',(0.,0.,0.));
#3579 = DIRECTION('',(0.,0.,1.));
#3580 = DIRECTION('',(1.,0.,-0.));
#3581 = ( GEOMETRIC_REPRESENTATION_CONTEXT(3) 
GLOBAL_UNCERTAINTY_ASSIGNED_CONTEXT((#3585)) 
GLOBAL_UNIT_ASSIGNED_CONTEXT((#3582,#3583,#3584)) REPRESENTATION_CONTEXT
('Context #1','3D Context with UNIT and UNCERTAINTY') );
#3582 = ( LENGTH_UNIT() NAMED_UNIT(*) SI_UNIT(.MILLI.,.METRE.) );
#3583 = ( NAMED_UNIT(*) PLANE_ANGLE_UNIT() SI_UNIT($,.RADIAN.) );
#3584 = ( NAMED_UNIT(*) SI_UNIT($,.STERADIAN.) SOLID_ANGLE_UNIT() );
#3585 = UNCERTAINTY_MEASURE_WITH_UNIT(LENGTH_MEASURE(1.E-07),#3582,
  'distance_accuracy_value','confusion accuracy');
#3586 = SHAPE_DEFINITION_REPRESENTATION(#3587,#3568);
#3587 = PRODUCT_DEFINITION_SHAPE('','',#3588);
#3588 = PRODUCT_DEFINITION('design','',#3589,#3592);
#3589 = PRODUCT_DEFINITION_FORMATION('','',#3590);
#3590 = PRODUCT('N5','N5','',(#3591));
#3591 = PRODUCT_CONTEXT('',#2,'mechanical');
#3592 = PRODUCT_DEFINITION_CONTEXT('part definition',#2,'design');
#3593 = CONTEXT_DEPENDENT_SHAPE_REPRESENTATION(#3594,#3596);
#3594 = ( REPRESENTATION_RELATIONSHIP('','',#3568,#10) 
REPRESENTATION_RELATIONSHIP_WITH_TRANSFORMATION(#3595) 
SHAPE_REPRESENTATION_RELATIONSHIP() );
#3595 = ITEM_DEFINED_TRANSFORMATION('','',#11,#403);
#3596 = PRODUCT_DEFINITION_SHAPE('Placement','Placement of an item',
  #3597);
#3597 = NEXT_ASSEMBLY_USAGE_OCCURRENCE('98','=>[0:1:1:99]','',#5,#3588,$
  );
#3598 = PRODUCT_RELATED_PRODUCT_CATEGORY('part',$,(#3590));
#3599 = ADVANCED_BREP_SHAPE_REPRESENTATION('',(#11,#3600),#3612);
#3600 = MANIFOLD_SOLID_BREP('',#3601);
#3601 = CLOSED_SHELL('',(#3602));
#3602 = ADVANCED_FACE('',(#3603),#3607,.T.);
#3603 = FACE_BOUND('',#3604,.T.);
#3604 = VERTEX_LOOP('',#3605);
#3605 = VERTEX_POINT('',#3606);
#3606 = CARTESIAN_POINT('',(1.071565949254E-17,-2.624579619658E-33,
    -0.175));
#3607 = SPHERICAL_SURFACE('',#3608,0.175);
#3608 = AXIS2_PLACEMENT_3D('',#3609,#3610,#3611);
#3609 = CARTESIAN_POINT('',(0.,0.,0.));
#3610 = DIRECTION('',(0.,0.,1.));
#3611 = DIRECTION('',(1.,0.,-0.));
#3612 = ( GEOMETRIC_REPRESENTATION_CONTEXT(3) 
GLOBAL_UNCERTAINTY_ASSIGNED_CONTEXT((#3616)) 
GLOBAL_UNIT_ASSIGNED_CONTEXT((#3613,#3614,#3615)) REPRESENTATION_CONTEXT
('Context #1','3D Context with UNIT and UNCERTAINTY') );
#3613 = ( LENGTH_UNIT() NAMED_UNIT(*) SI_UNIT(.MILLI.,.METRE.) );
#3614 = ( NAMED_UNIT(*) PLANE_ANGLE_UNIT() SI_UNIT($,.RADIAN.) );
#3615 = ( NAMED_UNIT(*) SI_UNIT($,.STERADIAN.) SOLID_ANGLE_UNIT() );
#3616 = UNCERTAINTY_MEASURE_WITH_UNIT(LENGTH_MEASURE(1.E-07),#3613,
  'distance_accuracy_value','confusion accuracy');
#3617 = SHAPE_DEFINITION_REPRESENTATION(#3618,#3599);
#3618 = PRODUCT_DEFINITION_SHAPE('','',#3619);
#3619 = PRODUCT_DEFINITION('design','',#3620,#3623);
#3620 = PRODUCT_DEFINITION_FORMATION('','',#3621);
#3621 = PRODUCT('N6','N6','',(#3622));
#3622 = PRODUCT_CONTEXT('',#2,'mechanical');
#3623 = PRODUCT_DEFINITION_CONTEXT('part definition',#2,'design');
#3624 = CONTEXT_DEPENDENT_SHAPE_REPRESENTATION(#3625,#3627);
#3625 = ( REPRESENTATION_RELATIONSHIP('','',#3599,#10) 
REPRESENTATION_RELATIONSHIP_WITH_TRANSFORMATION(#3626) 
SHAPE_REPRESENTATION_RELATIONSHIP() );
#3626 = ITEM_DEFINED_TRANSFORMATION('','',#11,#407);
#3627 = PRODUCT_DEFINITION_SHAPE('Placement','Placement of an item',
  #3628);
#3628 = NEXT_ASSEMBLY_USAGE_OCCURRENCE('99','=>[0:1:1:100]','',#5,#3619,
  $);
#3629 = PRODUCT_RELATED_PRODUCT_CATEGORY('part',$,(#3621));
#3630 = ADVANCED_BREP_SHAPE_REPRESENTATION('',(#11,#3631),#3643);
#3631 = MANIFOLD_SOLID_BREP('',#3632);
#3632 = CLOSED_SHELL('',(#3633));
#3633 = ADVANCED_FACE('',(#3634),#3638,.T.);
#3634 = FACE_BOUND('',#3635,.T.);
#3635 = VERTEX_LOOP('',#3636);
#3636 = VERTEX_POINT('',#3637);
#3637 = CARTESIAN_POINT('',(1.071565949254E-17,-2.624579619658E-33,
    -0.175));
#3638 = SPHERICAL_SURFACE('',#3639,0.175);
#3639 = AXIS2_PLACEMENT_3D('',#3640,#3641,#3642);
#3640 = CARTESIAN_POINT('',(0.,0.,0.));
#3641 = DIRECTION('',(0.,0.,1.));
#3642 = DIRECTION('',(1.,0.,-0.));
#3643 = ( GEOMETRIC_REPRESENTATION_CONTEXT(3) 
GLOBAL_UNCERTAINTY_ASSIGNED_CONTEXT((#3647)) 
GLOBAL_UNIT_ASSIGNED_CONTEXT((#3644,#3645,#3646)) REPRESENTATION_CONTEXT
('Context #1','3D Context with UNIT and UNCERTAINTY') );
#3644 = ( LENGTH_UNIT() NAMED_UNIT(*) SI_UNIT(.MILLI.,.METRE.) );
#3645 = ( NAMED_UNIT(*) PLANE_ANGLE_UNIT() SI_UNIT($,.RADIAN.) );
#3646 = ( NAMED_UNIT(*) SI_UNIT($,.STERADIAN.) SOLID_ANGLE_UNIT() );
#3647 = UNCERTAINTY_MEASURE_WITH_UNIT(LENGTH_MEASURE(1.E-07),#3644,
  'distance_accuracy_value','confusion accuracy');
#3648 = SHAPE_DEFINITION_REPRESENTATION(#3649,#3630);
#3649 = PRODUCT_DEFINITION_SHAPE('','',#3650);
#3650 = PRODUCT_DEFINITION('design','',#3651,#3654);
#3651 = PRODUCT_DEFINITION_FORMATION('','',#3652);
#3652 = PRODUCT('N7','N7','',(#3653));
#3653 = PRODUCT_CONTEXT('',#2,'mechanical');
#3654 = PRODUCT_DEFINITION_CONTEXT('part definition',#2,'design');
#3655 = CONTEXT_DEPENDENT_SHAPE_REPRESENTATION(#3656,#3658);
#3656 = ( REPRESENTATION_RELATIONSHIP('','',#3630,#10) 
REPRESENTATION_RELATIONSHIP_WITH_TRANSFORMATION(#3657) 
SHAPE_REPRESENTATION_RELATIONSHIP() );
#3657 = ITEM_DEFINED_TRANSFORMATION('','',#11,#411);
#3658 = PRODUCT_DEFINITION_SHAPE('Placement','Placement of an item',
  #3659);
#3659 = NEXT_ASSEMBLY_USAGE_OCCURRENCE('100','=>[0:1:1:101]','',#5,#3650
  ,$);
#3660 = PRODUCT_RELATED_PRODUCT_CATEGORY('part',$,(#3652));
#3661 = ADVANCED_BREP_SHAPE_REPRESENTATION('',(#11,#3662),#3674);
#3662 = MANIFOLD_SOLID_BREP('',#3663);
#3663 = CLOSED_SHELL('',(#3664));
#3664 = ADVANCED_FACE('',(#3665),#3669,.T.);
#3665 = FACE_BOUND('',#3666,.T.);
#3666 = VERTEX_LOOP('',#3667);
#3667 = VERTEX_POINT('',#3668);
#3668 = CARTESIAN_POINT('',(1.071565949254E-17,-2.624579619658E-33,
    -0.175));
#3669 = SPHERICAL_SURFACE('',#3670,0.175);
#3670 = AXIS2_PLACEMENT_3D('',#3671,#3672,#3673);
#3671 = CARTESIAN_POINT('',(0.,0.,0.));
#3672 = DIRECTION('',(0.,0.,1.));
#3673 = DIRECTION('',(1.,0.,-0.));
#3674 = ( GEOMETRIC_REPRESENTATION_CONTEXT(3) 
GLOBAL_UNCERTAINTY_ASSIGNED_CONTEXT((#3678)) 
GLOBAL_UNIT_ASSIGNED_CONTEXT((#3675,#3676,#3677)) REPRESENTATION_CONTEXT
('Context #1','3D Context with UNIT and UNCERTAINTY') );
#3675 = ( LENGTH_UNIT() NAMED_UNIT(*) SI_UNIT(.MILLI.,.METRE.) );
#3676 = ( NAMED_UNIT(*) PLANE_ANGLE_UNIT() SI_UNIT($,.RADIAN.) );
#3677 = ( NAMED_UNIT(*) SI_UNIT($,.STERADIAN.) SOLID_ANGLE_UNIT() );
#3678 = UNCERTAINTY_MEASURE_WITH_UNIT(LENGTH_MEASURE(1.E-07),#3675,
  'distance_accuracy_value','confusion accuracy');
#3679 = SHAPE_DEFINITION_REPRESENTATION(#3680,#3661);
#3680 = PRODUCT_DEFINITION_SHAPE('','',#3681);
#3681 = PRODUCT_DEFINITION('design','',#3682,#3685);
#3682 = PRODUCT_DEFINITION_FORMATION('','',#3683);
#3683 = PRODUCT('N8','N8','',(#3684));
#3684 = PRODUCT_CONTEXT('',#2,'mechanical');
#3685 = PRODUCT_DEFINITION_CONTEXT('part definition',#2,'design');
#3686 = CONTEXT_DEPENDENT_SHAPE_REPRESENTATION(#3687,#3689);
#3687 = ( REPRESENTATION_RELATIONSHIP('','',#3661,#10) 
REPRESENTATION_RELATIONSHIP_WITH_TRANSFORMATION(#3688) 
SHAPE_REPRESENTATION_RELATIONSHIP() );
#3688 = ITEM_DEFINED_TRANSFORMATION('','',#11,#415);
#3689 = PRODUCT_DEFINITION_SHAPE('Placement','Placement of an item',
  #3690);
#3690 = NEXT_ASSEMBLY_USAGE_OCCURRENCE('101','=>[0:1:1:102]','',#5,#3681
  ,$);
#3691 = PRODUCT_RELATED_PRODUCT_CATEGORY('part',$,(#3683));
#3692 = ADVANCED_BREP_SHAPE_REPRESENTATION('',(#11,#3693),#3705);
#3693 = MANIFOLD_SOLID_BREP('',#3694);
#3694 = CLOSED_SHELL('',(#3695));
#3695 = ADVANCED_FACE('',(#3696),#3700,.T.);
#3696 = FACE_BOUND('',#3697,.T.);
#3697 = VERTEX_LOOP('',#3698);
#3698 = VERTEX_POINT('',#3699);
#3699 = CARTESIAN_POINT('',(1.071565949254E-17,-2.624579619658E-33,
    -0.175));
#3700 = SPHERICAL_SURFACE('',#3701,0.175);
#3701 = AXIS2_PLACEMENT_3D('',#3702,#3703,#3704);
#3702 = CARTESIAN_POINT('',(0.,0.,0.));
#3703 = DIRECTION('',(0.,0.,1.));
#3704 = DIRECTION('',(1.,0.,-0.));
#3705 = ( GEOMETRIC_REPRESENTATION_CONTEXT(3) 
GLOBAL_UNCERTAINTY_ASSIGNED_CONTEXT((#3709)) 
GLOBAL_UNIT_ASSIGNED_CONTEXT((#3706,#3707,#3708)) REPRESENTATION_CONTEXT
('Context #1','3D Context with UNIT and UNCERTAINTY') );
#3706 = ( LENGTH_UNIT() NAMED_UNIT(*) SI_UNIT(.MILLI.,.METRE.) );
#3707 = ( NAMED_UNIT(*) PLANE_ANGLE_UNIT() SI_UNIT($,.RADIAN.) );
#3708 = ( NAMED_UNIT(*) SI_UNIT($,.STERADIAN.) SOLID_ANGLE_UNIT() );
#3709 = UNCERTAINTY_MEASURE_WITH_UNIT(LENGTH_MEASURE(1.E-07),#3706,
  'distance_accuracy_value','confusion accuracy');
#3710 = SHAPE_DEFINITION_REPRESENTATION(#3711,#3692);
#3711 = PRODUCT_DEFINITION_SHAPE('','',#3712);
#3712 = PRODUCT_DEFINITION('design','',#3713,#3716);
#3713 = PRODUCT_DEFINITION_FORMATION('','',#3714);
#3714 = PRODUCT('N9','N9','',(#3715));
#3715 = PRODUCT_CONTEXT('',#2,'mechanical');
#3716 = PRODUCT_DEFINITION_CONTEXT('part definition',#2,'design');
#3717 = CONTEXT_DEPENDENT_SHAPE_REPRESENTATION(#3718,#3720);
#3718 = ( REPRESENTATION_RELATIONSHIP('','',#3692,#10) 
REPRESENTATION_RELATIONSHIP_WITH_TRANSFORMATION(#3719) 
SHAPE_REPRESENTATION_RELATIONSHIP() );
#3719 = ITEM_DEFINED_TRANSFORMATION('','',#11,#419);
#3720 = PRODUCT_DEFINITION_SHAPE('Placement','Placement of an item',
  #3721);
#3721 = NEXT_ASSEMBLY_USAGE_OCCURRENCE('102','=>[0:1:1:103]','',#5,#3712
  ,$);
#3722 = PRODUCT_RELATED_PRODUCT_CATEGORY('part',$,(#3714));
#3723 = ADVANCED_BREP_SHAPE_REPRESENTATION('',(#11,#3724),#3736);
#3724 = MANIFOLD_SOLID_BREP('',#3725);
#3725 = CLOSED_SHELL('',(#3726));
#3726 = ADVANCED_FACE('',(#3727),#3731,.T.);
#3727 = FACE_BOUND('',#3728,.T.);
#3728 = VERTEX_LOOP('',#3729);
#3729 = VERTEX_POINT('',#3730);
#3730 = CARTESIAN_POINT('',(1.071565949254E-17,-2.624579619658E-33,
    -0.175));
#3731 = SPHERICAL_SURFACE('',#3732,0.175);
#3732 = AXIS2_PLACEMENT_3D('',#3733,#3734,#3735);
#3733 = CARTESIAN_POINT('',(0.,0.,0.));
#3734 = DIRECTION('',(0.,0.,1.));
#3735 = DIRECTION('',(1.,0.,-0.));
#3736 = ( GEOMETRIC_REPRESENTATION_CONTEXT(3) 
GLOBAL_UNCERTAINTY_ASSIGNED_CONTEXT((#3740)) 
GLOBAL_UNIT_ASSIGNED_CONTEXT((#3737,#3738,#3739)) REPRESENTATION_CONTEXT
('Context #1','3D Context with UNIT and UNCERTAINTY') );
#3737 = ( LENGTH_UNIT() NAMED_UNIT(*) SI_UNIT(.MILLI.,.METRE.) );
#3738 = ( NAMED_UNIT(*) PLANE_ANGLE_UNIT() SI_UNIT($,.RADIAN.) );
#3739 = ( NAMED_UNIT(*) SI_UNIT($,.STERADIAN.) SOLID_ANGLE_UNIT() );
#3740 = UNCERTAINTY_MEASURE_WITH_UNIT(LENGTH_MEASURE(1.E-07),#3737,
  'distance_accuracy_value','confusion accuracy');
#3741 = SHAPE_DEFINITION_REPRESENTATION(#3742,#3723);
#3742 = PRODUCT_DEFINITION_SHAPE('','',#3743);
#3743 = PRODUCT_DEFINITION('design','',#3744,#3747);
#3744 = PRODUCT_DEFINITION_FORMATION('','',#3745);
#3745 = PRODUCT('N10','N10','',(#3746));
#3746 = PRODUCT_CONTEXT('',#2,'mechanical');
#3747 = PRODUCT_DEFINITION_CONTEXT('part definition',#2,'design');
#3748 = CONTEXT_DEPENDENT_SHAPE_REPRESENTATION(#3749,#3751);
#3749 = ( REPRESENTATION_RELATIONSHIP('','',#3723,#10) 
REPRESENTATION_RELATIONSHIP_WITH_TRANSFORMATION(#3750) 
SHAPE_REPRESENTATION_RELATIONSHIP() );
#3750 = ITEM_DEFINED_TRANSFORMATION('','',#11,#423);
#3751 = PRODUCT_DEFINITION_SHAPE('Placement','Placement of an item',
  #3752);
#3752 = NEXT_ASSEMBLY_USAGE_OCCURRENCE('103','=>[0:1:1:104]','',#5,#3743
  ,$);
#3753 = PRODUCT_RELATED_PRODUCT_CATEGORY('part',$,(#3745));
#3754 = ADVANCED_BREP_SHAPE_REPRESENTATION('',(#11,#3755),#3767);
#3755 = MANIFOLD_SOLID_BREP('',#3756);
#3756 = CLOSED_SHELL('',(#3757));
#3757 = ADVANCED_FACE('',(#3758),#3762,.T.);
#3758 = FACE_BOUND('',#3759,.T.);
#3759 = VERTEX_LOOP('',#3760);
#3760 = VERTEX_POINT('',#3761);
#3761 = CARTESIAN_POINT('',(1.071565949254E-17,-2.624579619658E-33,
    -0.175));
#3762 = SPHERICAL_SURFACE('',#3763,0.175);
#3763 = AXIS2_PLACEMENT_3D('',#3764,#3765,#3766);
#3764 = CARTESIAN_POINT('',(0.,0.,0.));
#3765 = DIRECTION('',(0.,0.,1.));
#3766 = DIRECTION('',(1.,0.,-0.));
#3767 = ( GEOMETRIC_REPRESENTATION_CONTEXT(3) 
GLOBAL_UNCERTAINTY_ASSIGNED_CONTEXT((#3771)) 
GLOBAL_UNIT_ASSIGNED_CONTEXT((#3768,#3769,#3770)) REPRESENTATION_CONTEXT
('Context #1','3D Context with UNIT and UNCERTAINTY') );
#3768 = ( LENGTH_UNIT() NAMED_UNIT(*) SI_UNIT(.MILLI.,.METRE.) );
#3769 = ( NAMED_UNIT(*) PLANE_ANGLE_UNIT() SI_UNIT($,.RADIAN.) );
#3770 = ( NAMED_UNIT(*) SI_UNIT($,.STERADIAN.) SOLID_ANGLE_UNIT() );
#3771 = UNCERTAINTY_MEASURE_WITH_UNIT(LENGTH_MEASURE(1.E-07),#3768,
  'distance_accuracy_value','confusion accuracy');
#3772 = SHAPE_DEFINITION_REPRESENTATION(#3773,#3754);
#3773 = PRODUCT_DEFINITION_SHAPE('','',#3774);
#3774 = PRODUCT_DEFINITION('design','',#3775,#3778);
#3775 = PRODUCT_DEFINITION_FORMATION('','',#3776);
#3776 = PRODUCT('P1','P1','',(#3777));
#3777 = PRODUCT_CONTEXT('',#2,'mechanical');
#3778 = PRODUCT_DEFINITION_CONTEXT('part definition',#2,'design');
#3779 = CONTEXT_DEPENDENT_SHAPE_REPRESENTATION(#3780,#3782);
#3780 = ( REPRESENTATION_RELATIONSHIP('','',#3754,#10) 
REPRESENTATION_RELATIONSHIP_WITH_TRANSFORMATION(#3781) 
SHAPE_REPRESENTATION_RELATIONSHIP() );
#3781 = ITEM_DEFINED_TRANSFORMATION('','',#11,#427);
#3782 = PRODUCT_DEFINITION_SHAPE('Placement','Placement of an item',
  #3783);
#3783 = NEXT_ASSEMBLY_USAGE_OCCURRENCE('104','=>[0:1:1:105]','',#5,#3774
  ,$);
#3784 = PRODUCT_RELATED_PRODUCT_CATEGORY('part',$,(#3776));
#3785 = ADVANCED_BREP_SHAPE_REPRESENTATION('',(#11,#3786),#3798);
#3786 = MANIFOLD_SOLID_BREP('',#3787);
#3787 = CLOSED_SHELL('',(#3788));
#3788 = ADVANCED_FACE('',(#3789),#3793,.T.);
#3789 = FACE_BOUND('',#3790,.T.);
#3790 = VERTEX_LOOP('',#3791);
#3791 = VERTEX_POINT('',#3792);
#3792 = CARTESIAN_POINT('',(1.071565949254E-17,-2.624579619658E-33,
    -0.175));
#3793 = SPHERICAL_SURFACE('',#3794,0.175);
#3794 = AXIS2_PLACEMENT_3D('',#3795,#3796,#3797);
#3795 = CARTESIAN_POINT('',(0.,0.,0.));
#3796 = DIRECTION('',(0.,0.,1.));
#3797 = DIRECTION('',(1.,0.,-0.));
#3798 = ( GEOMETRIC_REPRESENTATION_CONTEXT(3) 
GLOBAL_UNCERTAINTY_ASSIGNED_CONTEXT((#3802)) 
GLOBAL_UNIT_ASSIGNED_CONTEXT((#3799,#3800,#3801)) REPRESENTATION_CONTEXT
('Context #1','3D Context with UNIT and UNCERTAINTY') );
#3799 = ( LENGTH_UNIT() NAMED_UNIT(*) SI_UNIT(.MILLI.,.METRE.) );
#3800 = ( NAMED_UNIT(*) PLANE_ANGLE_UNIT() SI_UNIT($,.RADIAN.) );
#3801 = ( NAMED_UNIT(*) SI_UNIT($,.STERADIAN.) SOLID_ANGLE_UNIT() );
#3802 = UNCERTAINTY_MEASURE_WITH_UNIT(LENGTH_MEASURE(1.E-07),#3799,
  'distance_accuracy_value','confusion accuracy');
#3803 = SHAPE_DEFINITION_REPRESENTATION(#3804,#3785);
#3804 = PRODUCT_DEFINITION_SHAPE('','',#3805);
#3805 = PRODUCT_DEFINITION('design','',#3806,#3809);
#3806 = PRODUCT_DEFINITION_FORMATION('','',#3807);
#3807 = PRODUCT('P2','P2','',(#3808));
#3808 = PRODUCT_CONTEXT('',#2,'mechanical');
#3809 = PRODUCT_DEFINITION_CONTEXT('part definition',#2,'design');
#3810 = CONTEXT_DEPENDENT_SHAPE_REPRESENTATION(#3811,#3813);
#3811 = ( REPRESENTATION_RELATIONSHIP('','',#3785,#10) 
REPRESENTATION_RELATIONSHIP_WITH_TRANSFORMATION(#3812) 
SHAPE_REPRESENTATION_RELATIONSHIP() );
#3812 = ITEM_DEFINED_TRANSFORMATION('','',#11,#431);
#3813 = PRODUCT_DEFINITION_SHAPE('Placement','Placement of an item',
  #3814);
#3814 = NEXT_ASSEMBLY_USAGE_OCCURRENCE('105','=>[0:1:1:106]','',#5,#3805
  ,$);
#3815 = PRODUCT_RELATED_PRODUCT_CATEGORY('part',$,(#3807));
#3816 = ADVANCED_BREP_SHAPE_REPRESENTATION('',(#11,#3817),#3829);
#3817 = MANIFOLD_SOLID_BREP('',#3818);
#3818 = CLOSED_SHELL('',(#3819));
#3819 = ADVANCED_FACE('',(#3820),#3824,.T.);
#3820 = FACE_BOUND('',#3821,.T.);
#3821 = VERTEX_LOOP('',#3822);
#3822 = VERTEX_POINT('',#3823);
#3823 = CARTESIAN_POINT('',(1.071565949254E-17,-2.624579619658E-33,
    -0.175));
#3824 = SPHERICAL_SURFACE('',#3825,0.175);
#3825 = AXIS2_PLACEMENT_3D('',#3826,#3827,#3828);
#3826 = CARTESIAN_POINT('',(0.,0.,0.));
#3827 = DIRECTION('',(0.,0.,1.));
#3828 = DIRECTION('',(1.,0.,-0.));
#3829 = ( GEOMETRIC_REPRESENTATION_CONTEXT(3) 
GLOBAL_UNCERTAINTY_ASSIGNED_CONTEXT((#3833)) 
GLOBAL_UNIT_ASSIGNED_CONTEXT((#3830,#3831,#3832)) REPRESENTATION_CONTEXT
('Context #1','3D Context with UNIT and UNCERTAINTY') );
#3830 = ( LENGTH_UNIT() NAMED_UNIT(*) SI_UNIT(.MILLI.,.METRE.) );
#3831 = ( NAMED_UNIT(*) PLANE_ANGLE_UNIT() SI_UNIT($,.RADIAN.) );
#3832 = ( NAMED_UNIT(*) SI_UNIT($,.STERADIAN.) SOLID_ANGLE_UNIT() );
#3833 = UNCERTAINTY_MEASURE_WITH_UNIT(LENGTH_MEASURE(1.E-07),#3830,
  'distance_accuracy_value','confusion accuracy');
#3834 = SHAPE_DEFINITION_REPRESENTATION(#3835,#3816);
#3835 = PRODUCT_DEFINITION_SHAPE('','',#3836);
#3836 = PRODUCT_DEFINITION('design','',#3837,#3840);
#3837 = PRODUCT_DEFINITION_FORMATION('','',#3838);
#3838 = PRODUCT('P3','P3','',(#3839));
#3839 = PRODUCT_CONTEXT('',#2,'mechanical');
#3840 = PRODUCT_DEFINITION_CONTEXT('part definition',#2,'design');
#3841 = CONTEXT_DEPENDENT_SHAPE_REPRESENTATION(#3842,#3844);
#3842 = ( REPRESENTATION_RELATIONSHIP('','',#3816,#10) 
REPRESENTATION_RELATIONSHIP_WITH_TRANSFORMATION(#3843) 
SHAPE_REPRESENTATION_RELATIONSHIP() );
#3843 = ITEM_DEFINED_TRANSFORMATION('','',#11,#435);
#3844 = PRODUCT_DEFINITION_SHAPE('Placement','Placement of an item',
  #3845);
#3845 = NEXT_ASSEMBLY_USAGE_OCCURRENCE('106','=>[0:1:1:107]','',#5,#3836
  ,$);
#3846 = PRODUCT_RELATED_PRODUCT_CATEGORY('part',$,(#3838));
#3847 = ADVANCED_BREP_SHAPE_REPRESENTATION('',(#11,#3848),#3860);
#3848 = MANIFOLD_SOLID_BREP('',#3849);
#3849 = CLOSED_SHELL('',(#3850));
#3850 = ADVANCED_FACE('',(#3851),#3855,.T.);
#3851 = FACE_BOUND('',#3852,.T.);
#3852 = VERTEX_LOOP('',#3853);
#3853 = VERTEX_POINT('',#3854);
#3854 = CARTESIAN_POINT('',(1.071565949254E-17,-2.624579619658E-33,
    -0.175));
#3855 = SPHERICAL_SURFACE('',#3856,0.175);
#3856 = AXIS2_PLACEMENT_3D('',#3857,#3858,#3859);
#3857 = CARTESIAN_POINT('',(0.,0.,0.));
#3858 = DIRECTION('',(0.,0.,1.));
#3859 = DIRECTION('',(1.,0.,-0.));
#3860 = ( GEOMETRIC_REPRESENTATION_CONTEXT(3) 
GLOBAL_UNCERTAINTY_ASSIGNED_CONTEXT((#3864)) 
GLOBAL_UNIT_ASSIGNED_CONTEXT((#3861,#3862,#3863)) REPRESENTATION_CONTEXT
('Context #1','3D Context with UNIT and UNCERTAINTY') );
#3861 = ( LENGTH_UNIT() NAMED_UNIT(*) SI_UNIT(.MILLI.,.METRE.) );
#3862 = ( NAMED_UNIT(*) PLANE_ANGLE_UNIT() SI_UNIT($,.RADIAN.) );
#3863 = ( NAMED_UNIT(*) SI_UNIT($,.STERADIAN.) SOLID_ANGLE_UNIT() );
#3864 = UNCERTAINTY_MEASURE_WITH_UNIT(LENGTH_MEASURE(1.E-07),#3861,
  'distance_accuracy_value','confusion accuracy');
#3865 = SHAPE_DEFINITION_REPRESENTATION(#3866,#3847);
#3866 = PRODUCT_DEFINITION_SHAPE('','',#3867);
#3867 = PRODUCT_DEFINITION('design','',#3868,#3871);
#3868 = PRODUCT_DEFINITION_FORMATION('','',#3869);
#3869 = PRODUCT('P5','P5','',(#3870));
#3870 = PRODUCT_CONTEXT('',#2,'mechanical');
#3871 = PRODUCT_DEFINITION_CONTEXT('part definition',#2,'design');
#3872 = CONTEXT_DEPENDENT_SHAPE_REPRESENTATION(#3873,#3875);
#3873 = ( REPRESENTATION_RELATIONSHIP('','',#3847,#10) 
REPRESENTATION_RELATIONSHIP_WITH_TRANSFORMATION(#3874) 
SHAPE_REPRESENTATION_RELATIONSHIP() );
#3874 = ITEM_DEFINED_TRANSFORMATION('','',#11,#439);
#3875 = PRODUCT_DEFINITION_SHAPE('Placement','Placement of an item',
  #3876);
#3876 = NEXT_ASSEMBLY_USAGE_OCCURRENCE('107','=>[0:1:1:108]','',#5,#3867
  ,$);
#3877 = PRODUCT_RELATED_PRODUCT_CATEGORY('part',$,(#3869));
#3878 = ADVANCED_BREP_SHAPE_REPRESENTATION('',(#11,#3879),#3891);
#3879 = MANIFOLD_SOLID_BREP('',#3880);
#3880 = CLOSED_SHELL('',(#3881));
#3881 = ADVANCED_FACE('',(#3882),#3886,.T.);
#3882 = FACE_BOUND('',#3883,.T.);
#3883 = VERTEX_LOOP('',#3884);
#3884 = VERTEX_POINT('',#3885);
#3885 = CARTESIAN_POINT('',(1.071565949254E-17,-2.624579619658E-33,
    -0.175));
#3886 = SPHERICAL_SURFACE('',#3887,0.175);
#3887 = AXIS2_PLACEMENT_3D('',#3888,#3889,#3890);
#3888 = CARTESIAN_POINT('',(0.,0.,0.));
#3889 = DIRECTION('',(0.,0.,1.));
#3890 = DIRECTION('',(1.,0.,-0.));
#3891 = ( GEOMETRIC_REPRESENTATION_CONTEXT(3) 
GLOBAL_UNCERTAINTY_ASSIGNED_CONTEXT((#3895)) 
GLOBAL_UNIT_ASSIGNED_CONTEXT((#3892,#3893,#3894)) REPRESENTATION_CONTEXT
('Context #1','3D Context with UNIT and UNCERTAINTY') );
#3892 = ( LENGTH_UNIT() NAMED_UNIT(*) SI_UNIT(.MILLI.,.METRE.) );
#3893 = ( NAMED_UNIT(*) PLANE_ANGLE_UNIT() SI_UNIT($,.RADIAN.) );
#3894 = ( NAMED_UNIT(*) SI_UNIT($,.STERADIAN.) SOLID_ANGLE_UNIT() );
#3895 = UNCERTAINTY_MEASURE_WITH_UNIT(LENGTH_MEASURE(1.E-07),#3892,
  'distance_accuracy_value','confusion accuracy');
#3896 = SHAPE_DEFINITION_REPRESENTATION(#3897,#3878);
#3897 = PRODUCT_DEFINITION_SHAPE('','',#3898);
#3898 = PRODUCT_DEFINITION('design','',#3899,#3902);
#3899 = PRODUCT_DEFINITION_FORMATION('','',#3900);
#3900 = PRODUCT('P6','P6','',(#3901));
#3901 = PRODUCT_CONTEXT('',#2,'mechanical');
#3902 = PRODUCT_DEFINITION_CONTEXT('part definition',#2,'design');
#3903 = CONTEXT_DEPENDENT_SHAPE_REPRESENTATION(#3904,#3906);
#3904 = ( REPRESENTATION_RELATIONSHIP('','',#3878,#10) 
REPRESENTATION_RELATIONSHIP_WITH_TRANSFORMATION(#3905) 
SHAPE_REPRESENTATION_RELATIONSHIP() );
#3905 = ITEM_DEFINED_TRANSFORMATION('','',#11,#443);
#3906 = PRODUCT_DEFINITION_SHAPE('Placement','Placement of an item',
  #3907);
#3907 = NEXT_ASSEMBLY_USAGE_OCCURRENCE('108','=>[0:1:1:109]','',#5,#3898
  ,$);
#3908 = PRODUCT_RELATED_PRODUCT_CATEGORY('part',$,(#3900));
#3909 = ADVANCED_BREP_SHAPE_REPRESENTATION('',(#11,#3910),#3922);
#3910 = MANIFOLD_SOLID_BREP('',#3911);
#3911 = CLOSED_SHELL('',(#3912));
#3912 = ADVANCED_FACE('',(#3913),#3917,.T.);
#3913 = FACE_BOUND('',#3914,.T.);
#3914 = VERTEX_LOOP('',#3915);
#3915 = VERTEX_POINT('',#3916);
#3916 = CARTESIAN_POINT('',(1.071565949254E-17,-2.624579619658E-33,
    -0.175));
#3917 = SPHERICAL_SURFACE('',#3918,0.175);
#3918 = AXIS2_PLACEMENT_3D('',#3919,#3920,#3921);
#3919 = CARTESIAN_POINT('',(0.,0.,0.));
#3920 = DIRECTION('',(0.,0.,1.));
#3921 = DIRECTION('',(1.,0.,-0.));
#3922 = ( GEOMETRIC_REPRESENTATION_CONTEXT(3) 
GLOBAL_UNCERTAINTY_ASSIGNED_CONTEXT((#3926)) 
GLOBAL_UNIT_ASSIGNED_CONTEXT((#3923,#3924,#3925)) REPRESENTATION_CONTEXT
('Context #1','3D Context with UNIT and UNCERTAINTY') );
#3923 = ( LENGTH_UNIT() NAMED_UNIT(*) SI_UNIT(.MILLI.,.METRE.) );
#3924 = ( NAMED_UNIT(*) PLANE_ANGLE_UNIT() SI_UNIT($,.RADIAN.) );
#3925 = ( NAMED_UNIT(*) SI_UNIT($,.STERADIAN.) SOLID_ANGLE_UNIT() );
#3926 = UNCERTAINTY_MEASURE_WITH_UNIT(LENGTH_MEASURE(1.E-07),#3923,
  'distance_accuracy_value','confusion accuracy');
#3927 = SHAPE_DEFINITION_REPRESENTATION(#3928,#3909);
#3928 = PRODUCT_DEFINITION_SHAPE('','',#3929);
#3929 = PRODUCT_DEFINITION('design','',#3930,#3933);
#3930 = PRODUCT_DEFINITION_FORMATION('','',#3931);
#3931 = PRODUCT('P7','P7','',(#3932));
#3932 = PRODUCT_CONTEXT('',#2,'mechanical');
#3933 = PRODUCT_DEFINITION_CONTEXT('part definition',#2,'design');
#3934 = CONTEXT_DEPENDENT_SHAPE_REPRESENTATION(#3935,#3937);
#3935 = ( REPRESENTATION_RELATIONSHIP('','',#3909,#10) 
REPRESENTATION_RELATIONSHIP_WITH_TRANSFORMATION(#3936) 
SHAPE_REPRESENTATION_RELATIONSHIP() );
#3936 = ITEM_DEFINED_TRANSFORMATION('','',#11,#447);
#3937 = PRODUCT_DEFINITION_SHAPE('Placement','Placement of an item',
  #3938);
#3938 = NEXT_ASSEMBLY_USAGE_OCCURRENCE('109','=>[0:1:1:110]','',#5,#3929
  ,$);
#3939 = PRODUCT_RELATED_PRODUCT_CATEGORY('part',$,(#3931));
#3940 = ADVANCED_BREP_SHAPE_REPRESENTATION('',(#11,#3941),#3953);
#3941 = MANIFOLD_SOLID_BREP('',#3942);
#3942 = CLOSED_SHELL('',(#3943));
#3943 = ADVANCED_FACE('',(#3944),#3948,.T.);
#3944 = FACE_BOUND('',#3945,.T.);
#3945 = VERTEX_LOOP('',#3946);
#3946 = VERTEX_POINT('',#3947);
#3947 = CARTESIAN_POINT('',(1.071565949254E-17,-2.624579619658E-33,
    -0.175));
#3948 = SPHERICAL_SURFACE('',#3949,0.175);
#3949 = AXIS2_PLACEMENT_3D('',#3950,#3951,#3952);
#3950 = CARTESIAN_POINT('',(0.,0.,0.));
#3951 = DIRECTION('',(0.,0.,1.));
#3952 = DIRECTION('',(1.,0.,-0.));
#3953 = ( GEOMETRIC_REPRESENTATION_CONTEXT(3) 
GLOBAL_UNCERTAINTY_ASSIGNED_CONTEXT((#3957)) 
GLOBAL_UNIT_ASSIGNED_CONTEXT((#3954,#3955,#3956)) REPRESENTATION_CONTEXT
('Context #1','3D Context with UNIT and UNCERTAINTY') );
#3954 = ( LENGTH_UNIT() NAMED_UNIT(*) SI_UNIT(.MILLI.,.METRE.) );
#3955 = ( NAMED_UNIT(*) PLANE_ANGLE_UNIT() SI_UNIT($,.RADIAN.) );
#3956 = ( NAMED_UNIT(*) SI_UNIT($,.STERADIAN.) SOLID_ANGLE_UNIT() );
#3957 = UNCERTAINTY_MEASURE_WITH_UNIT(LENGTH_MEASURE(1.E-07),#3954,
  'distance_accuracy_value','confusion accuracy');
#3958 = SHAPE_DEFINITION_REPRESENTATION(#3959,#3940);
#3959 = PRODUCT_DEFINITION_SHAPE('','',#3960);
#3960 = PRODUCT_DEFINITION('design','',#3961,#3964);
#3961 = PRODUCT_DEFINITION_FORMATION('','',#3962);
#3962 = PRODUCT('P8','P8','',(#3963));
#3963 = PRODUCT_CONTEXT('',#2,'mechanical');
#3964 = PRODUCT_DEFINITION_CONTEXT('part definition',#2,'design');
#3965 = CONTEXT_DEPENDENT_SHAPE_REPRESENTATION(#3966,#3968);
#3966 = ( REPRESENTATION_RELATIONSHIP('','',#3940,#10) 
REPRESENTATION_RELATIONSHIP_WITH_TRANSFORMATION(#3967) 
SHAPE_REPRESENTATION_RELATIONSHIP() );
#3967 = ITEM_DEFINED_TRANSFORMATION('','',#11,#451);
#3968 = PRODUCT_DEFINITION_SHAPE('Placement','Placement of an item',
  #3969);
#3969 = NEXT_ASSEMBLY_USAGE_OCCURRENCE('110','=>[0:1:1:111]','',#5,#3960
  ,$);
#3970 = PRODUCT_RELATED_PRODUCT_CATEGORY('part',$,(#3962));
#3971 = ADVANCED_BREP_SHAPE_REPRESENTATION('',(#11,#3972),#3984);
#3972 = MANIFOLD_SOLID_BREP('',#3973);
#3973 = CLOSED_SHELL('',(#3974));
#3974 = ADVANCED_FACE('',(#3975),#3979,.T.);
#3975 = FACE_BOUND('',#3976,.T.);
#3976 = VERTEX_LOOP('',#3977);
#3977 = VERTEX_POINT('',#3978);
#3978 = CARTESIAN_POINT('',(1.071565949254E-17,-2.624579619658E-33,
    -0.175));
#3979 = SPHERICAL_SURFACE('',#3980,0.175);
#3980 = AXIS2_PLACEMENT_3D('',#3981,#3982,#3983);
#3981 = CARTESIAN_POINT('',(0.,0.,0.));
#3982 = DIRECTION('',(0.,0.,1.));
#3983 = DIRECTION('',(1.,0.,-0.));
#3984 = ( GEOMETRIC_REPRESENTATION_CONTEXT(3) 
GLOBAL_UNCERTAINTY_ASSIGNED_CONTEXT((#3988)) 
GLOBAL_UNIT_ASSIGNED_CONTEXT((#3985,#3986,#3987)) REPRESENTATION_CONTEXT
('Context #1','3D Context with UNIT and UNCERTAINTY') );
#3985 = ( LENGTH_UNIT() NAMED_UNIT(*) SI_UNIT(.MILLI.,.METRE.) );
#3986 = ( NAMED_UNIT(*) PLANE_ANGLE_UNIT() SI_UNIT($,.RADIAN.) );
#3987 = ( NAMED_UNIT(*) SI_UNIT($,.STERADIAN.) SOLID_ANGLE_UNIT() );
#3988 = UNCERTAINTY_MEASURE_WITH_UNIT(LENGTH_MEASURE(1.E-07),#3985,
  'distance_accuracy_value','confusion accuracy');
#3989 = SHAPE_DEFINITION_REPRESENTATION(#3990,#3971);
#3990 = PRODUCT_DEFINITION_SHAPE('','',#3991);
#3991 = PRODUCT_DEFINITION('design','',#3992,#3995);
#3992 = PRODUCT_DEFINITION_FORMATION('','',#3993);
#3993 = PRODUCT('P9','P9','',(#3994));
#3994 = PRODUCT_CONTEXT('',#2,'mechanical');
#3995 = PRODUCT_DEFINITION_CONTEXT('part definition',#2,'design');
#3996 = CONTEXT_DEPENDENT_SHAPE_REPRESENTATION(#3997,#3999);
#3997 = ( REPRESENTATION_RELATIONSHIP('','',#3971,#10) 
REPRESENTATION_RELATIONSHIP_WITH_TRANSFORMATION(#3998) 
SHAPE_REPRESENTATION_RELATIONSHIP() );
#3998 = ITEM_DEFINED_TRANSFORMATION('','',#11,#455);
#3999 = PRODUCT_DEFINITION_SHAPE('Placement','Placement of an item',
  #4000);
#4000 = NEXT_ASSEMBLY_USAGE_OCCURRENCE('111','=>[0:1:1:112]','',#5,#3991
  ,$);
#4001 = PRODUCT_RELATED_PRODUCT_CATEGORY('part',$,(#3993));
#4002 = ADVANCED_BREP_SHAPE_REPRESENTATION('',(#11,#4003),#4015);
#4003 = MANIFOLD_SOLID_BREP('',#4004);
#4004 = CLOSED_SHELL('',(#4005));
#4005 = ADVANCED_FACE('',(#4006),#4010,.T.);
#4006 = FACE_BOUND('',#4007,.T.);
#4007 = VERTEX_LOOP('',#4008);
#4008 = VERTEX_POINT('',#4009);
#4009 = CARTESIAN_POINT('',(1.071565949254E-17,-2.624579619658E-33,
    -0.175));
#4010 = SPHERICAL_SURFACE('',#4011,0.175);
#4011 = AXIS2_PLACEMENT_3D('',#4012,#4013,#4014);
#4012 = CARTESIAN_POINT('',(0.,0.,0.));
#4013 = DIRECTION('',(0.,0.,1.));
#4014 = DIRECTION('',(1.,0.,-0.));
#4015 = ( GEOMETRIC_REPRESENTATION_CONTEXT(3) 
GLOBAL_UNCERTAINTY_ASSIGNED_CONTEXT((#4019)) 
GLOBAL_UNIT_ASSIGNED_CONTEXT((#4016,#4017,#4018)) REPRESENTATION_CONTEXT
('Context #1','3D Context with UNIT and UNCERTAINTY') );
#4016 = ( LENGTH_UNIT() NAMED_UNIT(*) SI_UNIT(.MILLI.,.METRE.) );
#4017 = ( NAMED_UNIT(*) PLANE_ANGLE_UNIT() SI_UNIT($,.RADIAN.) );
#4018 = ( NAMED_UNIT(*) SI_UNIT($,.STERADIAN.) SOLID_ANGLE_UNIT() );
#4019 = UNCERTAINTY_MEASURE_WITH_UNIT(LENGTH_MEASURE(1.E-07),#4016,
  'distance_accuracy_value','confusion accuracy');
#4020 = SHAPE_DEFINITION_REPRESENTATION(#4021,#4002);
#4021 = PRODUCT_DEFINITION_SHAPE('','',#4022);
#4022 = PRODUCT_DEFINITION('design','',#4023,#4026);
#4023 = PRODUCT_DEFINITION_FORMATION('','',#4024);
#4024 = PRODUCT('P10','P10','',(#4025));
#4025 = PRODUCT_CONTEXT('',#2,'mechanical');
#4026 = PRODUCT_DEFINITION_CONTEXT('part definition',#2,'design');
#4027 = CONTEXT_DEPENDENT_SHAPE_REPRESENTATION(#4028,#4030);
#4028 = ( REPRESENTATION_RELATIONSHIP('','',#4002,#10) 
REPRESENTATION_RELATIONSHIP_WITH_TRANSFORMATION(#4029) 
SHAPE_REPRESENTATION_RELATIONSHIP() );
#4029 = ITEM_DEFINED_TRANSFORMATION('','',#11,#459);
#4030 = PRODUCT_DEFINITION_SHAPE('Placement','Placement of an item',
  #4031);
#4031 = NEXT_ASSEMBLY_USAGE_OCCURRENCE('112','=>[0:1:1:113]','',#5,#4022
  ,$);
#4032 = PRODUCT_RELATED_PRODUCT_CATEGORY('part',$,(#4024));
#4033 = ADVANCED_BREP_SHAPE_REPRESENTATION('',(#11,#4034),#4046);
#4034 = MANIFOLD_SOLID_BREP('',#4035);
#4035 = CLOSED_SHELL('',(#4036));
#4036 = ADVANCED_FACE('',(#4037),#4041,.T.);
#4037 = FACE_BOUND('',#4038,.T.);
#4038 = VERTEX_LOOP('',#4039);
#4039 = VERTEX_POINT('',#4040);
#4040 = CARTESIAN_POINT('',(1.071565949254E-17,-2.624579619658E-33,
    -0.175));
#4041 = SPHERICAL_SURFACE('',#4042,0.175);
#4042 = AXIS2_PLACEMENT_3D('',#4043,#4044,#4045);
#4043 = CARTESIAN_POINT('',(0.,0.,0.));
#4044 = DIRECTION('',(0.,0.,1.));
#4045 = DIRECTION('',(1.,0.,-0.));
#4046 = ( GEOMETRIC_REPRESENTATION_CONTEXT(3) 
GLOBAL_UNCERTAINTY_ASSIGNED_CONTEXT((#4050)) 
GLOBAL_UNIT_ASSIGNED_CONTEXT((#4047,#4048,#4049)) REPRESENTATION_CONTEXT
('Context #1','3D Context with UNIT and UNCERTAINTY') );
#4047 = ( LENGTH_UNIT() NAMED_UNIT(*) SI_UNIT(.MILLI.,.METRE.) );
#4048 = ( NAMED_UNIT(*) PLANE_ANGLE_UNIT() SI_UNIT($,.RADIAN.) );
#4049 = ( NAMED_UNIT(*) SI_UNIT($,.STERADIAN.) SOLID_ANGLE_UNIT() );
#4050 = UNCERTAINTY_MEASURE_WITH_UNIT(LENGTH_MEASURE(1.E-07),#4047,
  'distance_accuracy_value','confusion accuracy');
#4051 = SHAPE_DEFINITION_REPRESENTATION(#4052,#4033);
#4052 = PRODUCT_DEFINITION_SHAPE('','',#4053);
#4053 = PRODUCT_DEFINITION('design','',#4054,#4057);
#4054 = PRODUCT_DEFINITION_FORMATION('','',#4055);
#4055 = PRODUCT('R1','R1','',(#4056));
#4056 = PRODUCT_CONTEXT('',#2,'mechanical');
#4057 = PRODUCT_DEFINITION_CONTEXT('part definition',#2,'design');
#4058 = CONTEXT_DEPENDENT_SHAPE_REPRESENTATION(#4059,#4061);
#4059 = ( REPRESENTATION_RELATIONSHIP('','',#4033,#10) 
REPRESENTATION_RELATIONSHIP_WITH_TRANSFORMATION(#4060) 
SHAPE_REPRESENTATION_RELATIONSHIP() );
#4060 = ITEM_DEFINED_TRANSFORMATION('','',#11,#463);
#4061 = PRODUCT_DEFINITION_SHAPE('Placement','Placement of an item',
  #4062);
#4062 = NEXT_ASSEMBLY_USAGE_OCCURRENCE('113','=>[0:1:1:114]','',#5,#4053
  ,$);
#4063 = PRODUCT_RELATED_PRODUCT_CATEGORY('part',$,(#4055));
#4064 = ADVANCED_BREP_SHAPE_REPRESENTATION('',(#11,#4065),#4077);
#4065 = MANIFOLD_SOLID_BREP('',#4066);
#4066 = CLOSED_SHELL('',(#4067));
#4067 = ADVANCED_FACE('',(#4068),#4072,.T.);
#4068 = FACE_BOUND('',#4069,.T.);
#4069 = VERTEX_LOOP('',#4070);
#4070 = VERTEX_POINT('',#4071);
#4071 = CARTESIAN_POINT('',(1.071565949254E-17,-2.624579619658E-33,
    -0.175));
#4072 = SPHERICAL_SURFACE('',#4073,0.175);
#4073 = AXIS2_PLACEMENT_3D('',#4074,#4075,#4076);
#4074 = CARTESIAN_POINT('',(0.,0.,0.));
#4075 = DIRECTION('',(0.,0.,1.));
#4076 = DIRECTION('',(1.,0.,-0.));
#4077 = ( GEOMETRIC_REPRESENTATION_CONTEXT(3) 
GLOBAL_UNCERTAINTY_ASSIGNED_CONTEXT((#4081)) 
GLOBAL_UNIT_ASSIGNED_CONTEXT((#4078,#4079,#4080)) REPRESENTATION_CONTEXT
('Context #1','3D Context with UNIT and UNCERTAINTY') );
#4078 = ( LENGTH_UNIT() NAMED_UNIT(*) SI_UNIT(.MILLI.,.METRE.) );
#4079 = ( NAMED_UNIT(*) PLANE_ANGLE_UNIT() SI_UNIT($,.RADIAN.) );
#4080 = ( NAMED_UNIT(*) SI_UNIT($,.STERADIAN.) SOLID_ANGLE_UNIT() );
#4081 = UNCERTAINTY_MEASURE_WITH_UNIT(LENGTH_MEASURE(1.E-07),#4078,
  'distance_accuracy_value','confusion accuracy');
#4082 = SHAPE_DEFINITION_REPRESENTATION(#4083,#4064);
#4083 = PRODUCT_DEFINITION_SHAPE('','',#4084);
#4084 = PRODUCT_DEFINITION('design','',#4085,#4088);
#4085 = PRODUCT_DEFINITION_FORMATION('','',#4086);
#4086 = PRODUCT('R2','R2','',(#4087));
#4087 = PRODUCT_CONTEXT('',#2,'mechanical');
#4088 = PRODUCT_DEFINITION_CONTEXT('part definition',#2,'design');
#4089 = CONTEXT_DEPENDENT_SHAPE_REPRESENTATION(#4090,#4092);
#4090 = ( REPRESENTATION_RELATIONSHIP('','',#4064,#10) 
REPRESENTATION_RELATIONSHIP_WITH_TRANSFORMATION(#4091) 
SHAPE_REPRESENTATION_RELATIONSHIP() );
#4091 = ITEM_DEFINED_TRANSFORMATION('','',#11,#467);
#4092 = PRODUCT_DEFINITION_SHAPE('Placement','Placement of an item',
  #4093);
#4093 = NEXT_ASSEMBLY_USAGE_OCCURRENCE('114','=>[0:1:1:115]','',#5,#4084
  ,$);
#4094 = PRODUCT_RELATED_PRODUCT_CATEGORY('part',$,(#4086));
#4095 = ADVANCED_BREP_SHAPE_REPRESENTATION('',(#11,#4096),#4108);
#4096 = MANIFOLD_SOLID_BREP('',#4097);
#4097 = CLOSED_SHELL('',(#4098));
#4098 = ADVANCED_FACE('',(#4099),#4103,.T.);
#4099 = FACE_BOUND('',#4100,.T.);
#4100 = VERTEX_LOOP('',#4101);
#4101 = VERTEX_POINT('',#4102);
#4102 = CARTESIAN_POINT('',(1.071565949254E-17,-2.624579619658E-33,
    -0.175));
#4103 = SPHERICAL_SURFACE('',#4104,0.175);
#4104 = AXIS2_PLACEMENT_3D('',#4105,#4106,#4107);
#4105 = CARTESIAN_POINT('',(0.,0.,0.));
#4106 = DIRECTION('',(0.,0.,1.));
#4107 = DIRECTION('',(1.,0.,-0.));
#4108 = ( GEOMETRIC_REPRESENTATION_CONTEXT(3) 
GLOBAL_UNCERTAINTY_ASSIGNED_CONTEXT((#4112)) 
GLOBAL_UNIT_ASSIGNED_CONTEXT((#4109,#4110,#4111)) REPRESENTATION_CONTEXT
('Context #1','3D Context with UNIT and UNCERTAINTY') );
#4109 = ( LENGTH_UNIT() NAMED_UNIT(*) SI_UNIT(.MILLI.,.METRE.) );
#4110 = ( NAMED_UNIT(*) PLANE_ANGLE_UNIT() SI_UNIT($,.RADIAN.) );
#4111 = ( NAMED_UNIT(*) SI_UNIT($,.STERADIAN.) SOLID_ANGLE_UNIT() );
#4112 = UNCERTAINTY_MEASURE_WITH_UNIT(LENGTH_MEASURE(1.E-07),#4109,
  'distance_accuracy_value','confusion accuracy');
#4113 = SHAPE_DEFINITION_REPRESENTATION(#4114,#4095);
#4114 = PRODUCT_DEFINITION_SHAPE('','',#4115);
#4115 = PRODUCT_DEFINITION('design','',#4116,#4119);
#4116 = PRODUCT_DEFINITION_FORMATION('','',#4117);
#4117 = PRODUCT('R3','R3','',(#4118));
#4118 = PRODUCT_CONTEXT('',#2,'mechanical');
#4119 = PRODUCT_DEFINITION_CONTEXT('part definition',#2,'design');
#4120 = CONTEXT_DEPENDENT_SHAPE_REPRESENTATION(#4121,#4123);
#4121 = ( REPRESENTATION_RELATIONSHIP('','',#4095,#10) 
REPRESENTATION_RELATIONSHIP_WITH_TRANSFORMATION(#4122) 
SHAPE_REPRESENTATION_RELATIONSHIP() );
#4122 = ITEM_DEFINED_TRANSFORMATION('','',#11,#471);
#4123 = PRODUCT_DEFINITION_SHAPE('Placement','Placement of an item',
  #4124);
#4124 = NEXT_ASSEMBLY_USAGE_OCCURRENCE('115','=>[0:1:1:116]','',#5,#4115
  ,$);
#4125 = PRODUCT_RELATED_PRODUCT_CATEGORY('part',$,(#4117));
#4126 = ADVANCED_BREP_SHAPE_REPRESENTATION('',(#11,#4127),#4139);
#4127 = MANIFOLD_SOLID_BREP('',#4128);
#4128 = CLOSED_SHELL('',(#4129));
#4129 = ADVANCED_FACE('',(#4130),#4134,.T.);
#4130 = FACE_BOUND('',#4131,.T.);
#4131 = VERTEX_LOOP('',#4132);
#4132 = VERTEX_POINT('',#4133);
#4133 = CARTESIAN_POINT('',(1.071565949254E-17,-2.624579619658E-33,
    -0.175));
#4134 = SPHERICAL_SURFACE('',#4135,0.175);
#4135 = AXIS2_PLACEMENT_3D('',#4136,#4137,#4138);
#4136 = CARTESIAN_POINT('',(0.,0.,0.));
#4137 = DIRECTION('',(0.,0.,1.));
#4138 = DIRECTION('',(1.,0.,-0.));
#4139 = ( GEOMETRIC_REPRESENTATION_CONTEXT(3) 
GLOBAL_UNCERTAINTY_ASSIGNED_CONTEXT((#4143)) 
GLOBAL_UNIT_ASSIGNED_CONTEXT((#4140,#4141,#4142)) REPRESENTATION_CONTEXT
('Context #1','3D Context with UNIT and UNCERTAINTY') );
#4140 = ( LENGTH_UNIT() NAMED_UNIT(*) SI_UNIT(.MILLI.,.METRE.) );
#4141 = ( NAMED_UNIT(*) PLANE_ANGLE_UNIT() SI_UNIT($,.RADIAN.) );
#4142 = ( NAMED_UNIT(*) SI_UNIT($,.STERADIAN.) SOLID_ANGLE_UNIT() );
#4143 = UNCERTAINTY_MEASURE_WITH_UNIT(LENGTH_MEASURE(1.E-07),#4140,
  'distance_accuracy_value','confusion accuracy');
#4144 = SHAPE_DEFINITION_REPRESENTATION(#4145,#4126);
#4145 = PRODUCT_DEFINITION_SHAPE('','',#4146);
#4146 = PRODUCT_DEFINITION('design','',#4147,#4150);
#4147 = PRODUCT_DEFINITION_FORMATION('','',#4148);
#4148 = PRODUCT('R5','R5','',(#4149));
#4149 = PRODUCT_CONTEXT('',#2,'mechanical');
#4150 = PRODUCT_DEFINITION_CONTEXT('part definition',#2,'design');
#4151 = CONTEXT_DEPENDENT_SHAPE_REPRESENTATION(#4152,#4154);
#4152 = ( REPRESENTATION_RELATIONSHIP('','',#4126,#10) 
REPRESENTATION_RELATIONSHIP_WITH_TRANSFORMATION(#4153) 
SHAPE_REPRESENTATION_RELATIONSHIP() );
#4153 = ITEM_DEFINED_TRANSFORMATION('','',#11,#475);
#4154 = PRODUCT_DEFINITION_SHAPE('Placement','Placement of an item',
  #4155);
#4155 = NEXT_ASSEMBLY_USAGE_OCCURRENCE('116','=>[0:1:1:117]','',#5,#4146
  ,$);
#4156 = PRODUCT_RELATED_PRODUCT_CATEGORY('part',$,(#4148));
#4157 = ADVANCED_BREP_SHAPE_REPRESENTATION('',(#11,#4158),#4170);
#4158 = MANIFOLD_SOLID_BREP('',#4159);
#4159 = CLOSED_SHELL('',(#4160));
#4160 = ADVANCED_FACE('',(#4161),#4165,.T.);
#4161 = FACE_BOUND('',#4162,.T.);
#4162 = VERTEX_LOOP('',#4163);
#4163 = VERTEX_POINT('',#4164);
#4164 = CARTESIAN_POINT('',(1.071565949254E-17,-2.624579619658E-33,
    -0.175));
#4165 = SPHERICAL_SURFACE('',#4166,0.175);
#4166 = AXIS2_PLACEMENT_3D('',#4167,#4168,#4169);
#4167 = CARTESIAN_POINT('',(0.,0.,0.));
#4168 = DIRECTION('',(0.,0.,1.));
#4169 = DIRECTION('',(1.,0.,-0.));
#4170 = ( GEOMETRIC_REPRESENTATION_CONTEXT(3) 
GLOBAL_UNCERTAINTY_ASSIGNED_CONTEXT((#4174)) 
GLOBAL_UNIT_ASSIGNED_CONTEXT((#4171,#4172,#4173)) REPRESENTATION_CONTEXT
('Context #1','3D Context with UNIT and UNCERTAINTY') );
#4171 = ( LENGTH_UNIT() NAMED_UNIT(*) SI_UNIT(.MILLI.,.METRE.) );
#4172 = ( NAMED_UNIT(*) PLANE_ANGLE_UNIT() SI_UNIT($,.RADIAN.) );
#4173 = ( NAMED_UNIT(*) SI_UNIT($,.STERADIAN.) SOLID_ANGLE_UNIT() );
#4174 = UNCERTAINTY_MEASURE_WITH_UNIT(LENGTH_MEASURE(1.E-07),#4171,
  'distance_accuracy_value','confusion accuracy');
#4175 = SHAPE_DEFINITION_REPRESENTATION(#4176,#4157);
#4176 = PRODUCT_DEFINITION_SHAPE('','',#4177);
#4177 = PRODUCT_DEFINITION('design','',#4178,#4181);
#4178 = PRODUCT_DEFINITION_FORMATION('','',#4179);
#4179 = PRODUCT('R6','R6','',(#4180));
#4180 = PRODUCT_CONTEXT('',#2,'mechanical');
#4181 = PRODUCT_DEFINITION_CONTEXT('part definition',#2,'design');
#4182 = CONTEXT_DEPENDENT_SHAPE_REPRESENTATION(#4183,#4185);
#4183 = ( REPRESENTATION_RELATIONSHIP('','',#4157,#10) 
REPRESENTATION_RELATIONSHIP_WITH_TRANSFORMATION(#4184) 
SHAPE_REPRESENTATION_RELATIONSHIP() );
#4184 = ITEM_DEFINED_TRANSFORMATION('','',#11,#479);
#4185 = PRODUCT_DEFINITION_SHAPE('Placement','Placement of an item',
  #4186);
#4186 = NEXT_ASSEMBLY_USAGE_OCCURRENCE('117','=>[0:1:1:118]','',#5,#4177
  ,$);
#4187 = PRODUCT_RELATED_PRODUCT_CATEGORY('part',$,(#4179));
#4188 = ADVANCED_BREP_SHAPE_REPRESENTATION('',(#11,#4189),#4201);
#4189 = MANIFOLD_SOLID_BREP('',#4190);
#4190 = CLOSED_SHELL('',(#4191));
#4191 = ADVANCED_FACE('',(#4192),#4196,.T.);
#4192 = FACE_BOUND('',#4193,.T.);
#4193 = VERTEX_LOOP('',#4194);
#4194 = VERTEX_POINT('',#4195);
#4195 = CARTESIAN_POINT('',(1.071565949254E-17,-2.624579619658E-33,
    -0.175));
#4196 = SPHERICAL_SURFACE('',#4197,0.175);
#4197 = AXIS2_PLACEMENT_3D('',#4198,#4199,#4200);
#4198 = CARTESIAN_POINT('',(0.,0.,0.));
#4199 = DIRECTION('',(0.,0.,1.));
#4200 = DIRECTION('',(1.,0.,-0.));
#4201 = ( GEOMETRIC_REPRESENTATION_CONTEXT(3) 
GLOBAL_UNCERTAINTY_ASSIGNED_CONTEXT((#4205)) 
GLOBAL_UNIT_ASSIGNED_CONTEXT((#4202,#4203,#4204)) REPRESENTATION_CONTEXT
('Context #1','3D Context with UNIT and UNCERTAINTY') );
#4202 = ( LENGTH_UNIT() NAMED_UNIT(*) SI_UNIT(.MILLI.,.METRE.) );
#4203 = ( NAMED_UNIT(*) PLANE_ANGLE_UNIT() SI_UNIT($,.RADIAN.) );
#4204 = ( NAMED_UNIT(*) SI_UNIT($,.STERADIAN.) SOLID_ANGLE_UNIT() );
#4205 = UNCERTAINTY_MEASURE_WITH_UNIT(LENGTH_MEASURE(1.E-07),#4202,
  'distance_accuracy_value','confusion accuracy');
#4206 = SHAPE_DEFINITION_REPRESENTATION(#4207,#4188);
#4207 = PRODUCT_DEFINITION_SHAPE('','',#4208);
#4208 = PRODUCT_DEFINITION('design','',#4209,#4212);
#4209 = PRODUCT_DEFINITION_FORMATION('','',#4210);
#4210 = PRODUCT('R7','R7','',(#4211));
#4211 = PRODUCT_CONTEXT('',#2,'mechanical');
#4212 = PRODUCT_DEFINITION_CONTEXT('part definition',#2,'design');
#4213 = CONTEXT_DEPENDENT_SHAPE_REPRESENTATION(#4214,#4216);
#4214 = ( REPRESENTATION_RELATIONSHIP('','',#4188,#10) 
REPRESENTATION_RELATIONSHIP_WITH_TRANSFORMATION(#4215) 
SHAPE_REPRESENTATION_RELATIONSHIP() );
#4215 = ITEM_DEFINED_TRANSFORMATION('','',#11,#483);
#4216 = PRODUCT_DEFINITION_SHAPE('Placement','Placement of an item',
  #4217);
#4217 = NEXT_ASSEMBLY_USAGE_OCCURRENCE('118','=>[0:1:1:119]','',#5,#4208
  ,$);
#4218 = PRODUCT_RELATED_PRODUCT_CATEGORY('part',$,(#4210));
#4219 = ADVANCED_BREP_SHAPE_REPRESENTATION('',(#11,#4220),#4232);
#4220 = MANIFOLD_SOLID_BREP('',#4221);
#4221 = CLOSED_SHELL('',(#4222));
#4222 = ADVANCED_FACE('',(#4223),#4227,.T.);
#4223 = FACE_BOUND('',#4224,.T.);
#4224 = VERTEX_LOOP('',#4225);
#4225 = VERTEX_POINT('',#4226);
#4226 = CARTESIAN_POINT('',(1.071565949254E-17,-2.624579619658E-33,
    -0.175));
#4227 = SPHERICAL_SURFACE('',#4228,0.175);
#4228 = AXIS2_PLACEMENT_3D('',#4229,#4230,#4231);
#4229 = CARTESIAN_POINT('',(0.,0.,0.));
#4230 = DIRECTION('',(0.,0.,1.));
#4231 = DIRECTION('',(1.,0.,-0.));
#4232 = ( GEOMETRIC_REPRESENTATION_CONTEXT(3) 
GLOBAL_UNCERTAINTY_ASSIGNED_CONTEXT((#4236)) 
GLOBAL_UNIT_ASSIGNED_CONTEXT((#4233,#4234,#4235)) REPRESENTATION_CONTEXT
('Context #1','3D Context with UNIT and UNCERTAINTY') );
#4233 = ( LENGTH_UNIT() NAMED_UNIT(*) SI_UNIT(.MILLI.,.METRE.) );
#4234 = ( NAMED_UNIT(*) PLANE_ANGLE_UNIT() SI_UNIT($,.RADIAN.) );
#4235 = ( NAMED_UNIT(*) SI_UNIT($,.STERADIAN.) SOLID_ANGLE_UNIT() );
#4236 = UNCERTAINTY_MEASURE_WITH_UNIT(LENGTH_MEASURE(1.E-07),#4233,
  'distance_accuracy_value','confusion accuracy');
#4237 = SHAPE_DEFINITION_REPRESENTATION(#4238,#4219);
#4238 = PRODUCT_DEFINITION_SHAPE('','',#4239);
#4239 = PRODUCT_DEFINITION('design','',#4240,#4243);
#4240 = PRODUCT_DEFINITION_FORMATION('','',#4241);
#4241 = PRODUCT('R8','R8','',(#4242));
#4242 = PRODUCT_CONTEXT('',#2,'mechanical');
#4243 = PRODUCT_DEFINITION_CONTEXT('part definition',#2,'design');
#4244 = CONTEXT_DEPENDENT_SHAPE_REPRESENTATION(#4245,#4247);
#4245 = ( REPRESENTATION_RELATIONSHIP('','',#4219,#10) 
REPRESENTATION_RELATIONSHIP_WITH_TRANSFORMATION(#4246) 
SHAPE_REPRESENTATION_RELATIONSHIP() );
#4246 = ITEM_DEFINED_TRANSFORMATION('','',#11,#487);
#4247 = PRODUCT_DEFINITION_SHAPE('Placement','Placement of an item',
  #4248);
#4248 = NEXT_ASSEMBLY_USAGE_OCCURRENCE('119','=>[0:1:1:120]','',#5,#4239
  ,$);
#4249 = PRODUCT_RELATED_PRODUCT_CATEGORY('part',$,(#4241));
#4250 = ADVANCED_BREP_SHAPE_REPRESENTATION('',(#11,#4251),#4263);
#4251 = MANIFOLD_SOLID_BREP('',#4252);
#4252 = CLOSED_SHELL('',(#4253));
#4253 = ADVANCED_FACE('',(#4254),#4258,.T.);
#4254 = FACE_BOUND('',#4255,.T.);
#4255 = VERTEX_LOOP('',#4256);
#4256 = VERTEX_POINT('',#4257);
#4257 = CARTESIAN_POINT('',(1.071565949254E-17,-2.624579619658E-33,
    -0.175));
#4258 = SPHERICAL_SURFACE('',#4259,0.175);
#4259 = AXIS2_PLACEMENT_3D('',#4260,#4261,#4262);
#4260 = CARTESIAN_POINT('',(0.,0.,0.));
#4261 = DIRECTION('',(0.,0.,1.));
#4262 = DIRECTION('',(1.,0.,-0.));
#4263 = ( GEOMETRIC_REPRESENTATION_CONTEXT(3) 
GLOBAL_UNCERTAINTY_ASSIGNED_CONTEXT((#4267)) 
GLOBAL_UNIT_ASSIGNED_CONTEXT((#4264,#4265,#4266)) REPRESENTATION_CONTEXT
('Context #1','3D Context with UNIT and UNCERTAINTY') );
#4264 = ( LENGTH_UNIT() NAMED_UNIT(*) SI_UNIT(.MILLI.,.METRE.) );
#4265 = ( NAMED_UNIT(*) PLANE_ANGLE_UNIT() SI_UNIT($,.RADIAN.) );
#4266 = ( NAMED_UNIT(*) SI_UNIT($,.STERADIAN.) SOLID_ANGLE_UNIT() );
#4267 = UNCERTAINTY_MEASURE_WITH_UNIT(LENGTH_MEASURE(1.E-07),#4264,
  'distance_accuracy_value','confusion accuracy');
#4268 = SHAPE_DEFINITION_REPRESENTATION(#4269,#4250);
#4269 = PRODUCT_DEFINITION_SHAPE('','',#4270);
#4270 = PRODUCT_DEFINITION('design','',#4271,#4274);
#4271 = PRODUCT_DEFINITION_FORMATION('','',#4272);
#4272 = PRODUCT('R9','R9','',(#4273));
#4273 = PRODUCT_CONTEXT('',#2,'mechanical');
#4274 = PRODUCT_DEFINITION_CONTEXT('part definition',#2,'design');
#4275 = CONTEXT_DEPENDENT_SHAPE_REPRESENTATION(#4276,#4278);
#4276 = ( REPRESENTATION_RELATIONSHIP('','',#4250,#10) 
REPRESENTATION_RELATIONSHIP_WITH_TRANSFORMATION(#4277) 
SHAPE_REPRESENTATION_RELATIONSHIP() );
#4277 = ITEM_DEFINED_TRANSFORMATION('','',#11,#491);
#4278 = PRODUCT_DEFINITION_SHAPE('Placement','Placement of an item',
  #4279);
#4279 = NEXT_ASSEMBLY_USAGE_OCCURRENCE('120','=>[0:1:1:121]','',#5,#4270
  ,$);
#4280 = PRODUCT_RELATED_PRODUCT_CATEGORY('part',$,(#4272));
#4281 = ADVANCED_BREP_SHAPE_REPRESENTATION('',(#11,#4282),#4294);
#4282 = MANIFOLD_SOLID_BREP('',#4283);
#4283 = CLOSED_SHELL('',(#4284));
#4284 = ADVANCED_FACE('',(#4285),#4289,.T.);
#4285 = FACE_BOUND('',#4286,.T.);
#4286 = VERTEX_LOOP('',#4287);
#4287 = VERTEX_POINT('',#4288);
#4288 = CARTESIAN_POINT('',(1.071565949254E-17,-2.624579619658E-33,
    -0.175));
#4289 = SPHERICAL_SURFACE('',#4290,0.175);
#4290 = AXIS2_PLACEMENT_3D('',#4291,#4292,#4293);
#4291 = CARTESIAN_POINT('',(0.,0.,0.));
#4292 = DIRECTION('',(0.,0.,1.));
#4293 = DIRECTION('',(1.,0.,-0.));
#4294 = ( GEOMETRIC_REPRESENTATION_CONTEXT(3) 
GLOBAL_UNCERTAINTY_ASSIGNED_CONTEXT((#4298)) 
GLOBAL_UNIT_ASSIGNED_CONTEXT((#4295,#4296,#4297)) REPRESENTATION_CONTEXT
('Context #1','3D Context with UNIT and UNCERTAINTY') );
#4295 = ( LENGTH_UNIT() NAMED_UNIT(*) SI_UNIT(.MILLI.,.METRE.) );
#4296 = ( NAMED_UNIT(*) PLANE_ANGLE_UNIT() SI_UNIT($,.RADIAN.) );
#4297 = ( NAMED_UNIT(*) SI_UNIT($,.STERADIAN.) SOLID_ANGLE_UNIT() );
#4298 = UNCERTAINTY_MEASURE_WITH_UNIT(LENGTH_MEASURE(1.E-07),#4295,
  'distance_accuracy_value','confusion accuracy');
#4299 = SHAPE_DEFINITION_REPRESENTATION(#4300,#4281);
#4300 = PRODUCT_DEFINITION_SHAPE('','',#4301);
#4301 = PRODUCT_DEFINITION('design','',#4302,#4305);
#4302 = PRODUCT_DEFINITION_FORMATION('','',#4303);
#4303 = PRODUCT('R10','R10','',(#4304));
#4304 = PRODUCT_CONTEXT('',#2,'mechanical');
#4305 = PRODUCT_DEFINITION_CONTEXT('part definition',#2,'design');
#4306 = CONTEXT_DEPENDENT_SHAPE_REPRESENTATION(#4307,#4309);
#4307 = ( REPRESENTATION_RELATIONSHIP('','',#4281,#10) 
REPRESENTATION_RELATIONSHIP_WITH_TRANSFORMATION(#4308) 
SHAPE_REPRESENTATION_RELATIONSHIP() );
#4308 = ITEM_DEFINED_TRANSFORMATION('','',#11,#495);
#4309 = PRODUCT_DEFINITION_SHAPE('Placement','Placement of an item',
  #4310);
#4310 = NEXT_ASSEMBLY_USAGE_OCCURRENCE('121','=>[0:1:1:122]','',#5,#4301
  ,$);
#4311 = PRODUCT_RELATED_PRODUCT_CATEGORY('part',$,(#4303));
#4312 = ADVANCED_BREP_SHAPE_REPRESENTATION('',(#11,#4313),#4325);
#4313 = MANIFOLD_SOLID_BREP('',#4314);
#4314 = CLOSED_SHELL('',(#4315));
#4315 = ADVANCED_FACE('',(#4316),#4320,.T.);
#4316 = FACE_BOUND('',#4317,.T.);
#4317 = VERTEX_LOOP('',#4318);
#4318 = VERTEX_POINT('',#4319);
#4319 = CARTESIAN_POINT('',(1.071565949254E-17,-2.624579619658E-33,
    -0.175));
#4320 = SPHERICAL_SURFACE('',#4321,0.175);
#4321 = AXIS2_PLACEMENT_3D('',#4322,#4323,#4324);
#4322 = CARTESIAN_POINT('',(0.,0.,0.));
#4323 = DIRECTION('',(0.,0.,1.));
#4324 = DIRECTION('',(1.,0.,-0.));
#4325 = ( GEOMETRIC_REPRESENTATION_CONTEXT(3) 
GLOBAL_UNCERTAINTY_ASSIGNED_CONTEXT((#4329)) 
GLOBAL_UNIT_ASSIGNED_CONTEXT((#4326,#4327,#4328)) REPRESENTATION_CONTEXT
('Context #1','3D Context with UNIT and UNCERTAINTY') );
#4326 = ( LENGTH_UNIT() NAMED_UNIT(*) SI_UNIT(.MILLI.,.METRE.) );
#4327 = ( NAMED_UNIT(*) PLANE_ANGLE_UNIT() SI_UNIT($,.RADIAN.) );
#4328 = ( NAMED_UNIT(*) SI_UNIT($,.STERADIAN.) SOLID_ANGLE_UNIT() );
#4329 = UNCERTAINTY_MEASURE_WITH_UNIT(LENGTH_MEASURE(1.E-07),#4326,
  'distance_accuracy_value','confusion accuracy');
#4330 = SHAPE_DEFINITION_REPRESENTATION(#4331,#4312);
#4331 = PRODUCT_DEFINITION_SHAPE('','',#4332);
#4332 = PRODUCT_DEFINITION('design','',#4333,#4336);
#4333 = PRODUCT_DEFINITION_FORMATION('','',#4334);
#4334 = PRODUCT('T1','T1','',(#4335));
#4335 = PRODUCT_CONTEXT('',#2,'mechanical');
#4336 = PRODUCT_DEFINITION_CONTEXT('part definition',#2,'design');
#4337 = CONTEXT_DEPENDENT_SHAPE_REPRESENTATION(#4338,#4340);
#4338 = ( REPRESENTATION_RELATIONSHIP('','',#4312,#10) 
REPRESENTATION_RELATIONSHIP_WITH_TRANSFORMATION(#4339) 
SHAPE_REPRESENTATION_RELATIONSHIP() );
#4339 = ITEM_DEFINED_TRANSFORMATION('','',#11,#499);
#4340 = PRODUCT_DEFINITION_SHAPE('Placement','Placement of an item',
  #4341);
#4341 = NEXT_ASSEMBLY_USAGE_OCCURRENCE('122','=>[0:1:1:123]','',#5,#4332
  ,$);
#4342 = PRODUCT_RELATED_PRODUCT_CATEGORY('part',$,(#4334));
#4343 = ADVANCED_BREP_SHAPE_REPRESENTATION('',(#11,#4344),#4356);
#4344 = MANIFOLD_SOLID_BREP('',#4345);
#4345 = CLOSED_SHELL('',(#4346));
#4346 = ADVANCED_FACE('',(#4347),#4351,.T.);
#4347 = FACE_BOUND('',#4348,.T.);
#4348 = VERTEX_LOOP('',#4349);
#4349 = VERTEX_POINT('',#4350);
#4350 = CARTESIAN_POINT('',(1.071565949254E-17,-2.624579619658E-33,
    -0.175));
#4351 = SPHERICAL_SURFACE('',#4352,0.175);
#4352 = AXIS2_PLACEMENT_3D('',#4353,#4354,#4355);
#4353 = CARTESIAN_POINT('',(0.,0.,0.));
#4354 = DIRECTION('',(0.,0.,1.));
#4355 = DIRECTION('',(1.,0.,-0.));
#4356 = ( GEOMETRIC_REPRESENTATION_CONTEXT(3) 
GLOBAL_UNCERTAINTY_ASSIGNED_CONTEXT((#4360)) 
GLOBAL_UNIT_ASSIGNED_CONTEXT((#4357,#4358,#4359)) REPRESENTATION_CONTEXT
('Context #1','3D Context with UNIT and UNCERTAINTY') );
#4357 = ( LENGTH_UNIT() NAMED_UNIT(*) SI_UNIT(.MILLI.,.METRE.) );
#4358 = ( NAMED_UNIT(*) PLANE_ANGLE_UNIT() SI_UNIT($,.RADIAN.) );
#4359 = ( NAMED_UNIT(*) SI_UNIT($,.STERADIAN.) SOLID_ANGLE_UNIT() );
#4360 = UNCERTAINTY_MEASURE_WITH_UNIT(LENGTH_MEASURE(1.E-07),#4357,
  'distance_accuracy_value','confusion accuracy');
#4361 = SHAPE_DEFINITION_REPRESENTATION(#4362,#4343);
#4362 = PRODUCT_DEFINITION_SHAPE('','',#4363);
#4363 = PRODUCT_DEFINITION('design','',#4364,#4367);
#4364 = PRODUCT_DEFINITION_FORMATION('','',#4365);
#4365 = PRODUCT('T2','T2','',(#4366));
#4366 = PRODUCT_CONTEXT('',#2,'mechanical');
#4367 = PRODUCT_DEFINITION_CONTEXT('part definition',#2,'design');
#4368 = CONTEXT_DEPENDENT_SHAPE_REPRESENTATION(#4369,#4371);
#4369 = ( REPRESENTATION_RELATIONSHIP('','',#4343,#10) 
REPRESENTATION_RELATIONSHIP_WITH_TRANSFORMATION(#4370) 
SHAPE_REPRESENTATION_RELATIONSHIP() );
#4370 = ITEM_DEFINED_TRANSFORMATION('','',#11,#503);
#4371 = PRODUCT_DEFINITION_SHAPE('Placement','Placement of an item',
  #4372);
#4372 = NEXT_ASSEMBLY_USAGE_OCCURRENCE('123','=>[0:1:1:124]','',#5,#4363
  ,$);
#4373 = PRODUCT_RELATED_PRODUCT_CATEGORY('part',$,(#4365));
#4374 = ADVANCED_BREP_SHAPE_REPRESENTATION('',(#11,#4375),#4387);
#4375 = MANIFOLD_SOLID_BREP('',#4376);
#4376 = CLOSED_SHELL('',(#4377));
#4377 = ADVANCED_FACE('',(#4378),#4382,.T.);
#4378 = FACE_BOUND('',#4379,.T.);
#4379 = VERTEX_LOOP('',#4380);
#4380 = VERTEX_POINT('',#4381);
#4381 = CARTESIAN_POINT('',(1.071565949254E-17,-2.624579619658E-33,
    -0.175));
#4382 = SPHERICAL_SURFACE('',#4383,0.175);
#4383 = AXIS2_PLACEMENT_3D('',#4384,#4385,#4386);
#4384 = CARTESIAN_POINT('',(0.,0.,0.));
#4385 = DIRECTION('',(0.,0.,1.));
#4386 = DIRECTION('',(1.,0.,-0.));
#4387 = ( GEOMETRIC_REPRESENTATION_CONTEXT(3) 
GLOBAL_UNCERTAINTY_ASSIGNED_CONTEXT((#4391)) 
GLOBAL_UNIT_ASSIGNED_CONTEXT((#4388,#4389,#4390)) REPRESENTATION_CONTEXT
('Context #1','3D Context with UNIT and UNCERTAINTY') );
#4388 = ( LENGTH_UNIT() NAMED_UNIT(*) SI_UNIT(.MILLI.,.METRE.) );
#4389 = ( NAMED_UNIT(*) PLANE_ANGLE_UNIT() SI_UNIT($,.RADIAN.) );
#4390 = ( NAMED_UNIT(*) SI_UNIT($,.STERADIAN.) SOLID_ANGLE_UNIT() );
#4391 = UNCERTAINTY_MEASURE_WITH_UNIT(LENGTH_MEASURE(1.E-07),#4388,
  'distance_accuracy_value','confusion accuracy');
#4392 = SHAPE_DEFINITION_REPRESENTATION(#4393,#4374);
#4393 = PRODUCT_DEFINITION_SHAPE('','',#4394);
#4394 = PRODUCT_DEFINITION('design','',#4395,#4398);
#4395 = PRODUCT_DEFINITION_FORMATION('','',#4396);
#4396 = PRODUCT('T3','T3','',(#4397));
#4397 = PRODUCT_CONTEXT('',#2,'mechanical');
#4398 = PRODUCT_DEFINITION_CONTEXT('part definition',#2,'design');
#4399 = CONTEXT_DEPENDENT_SHAPE_REPRESENTATION(#4400,#4402);
#4400 = ( REPRESENTATION_RELATIONSHIP('','',#4374,#10) 
REPRESENTATION_RELATIONSHIP_WITH_TRANSFORMATION(#4401) 
SHAPE_REPRESENTATION_RELATIONSHIP() );
#4401 = ITEM_DEFINED_TRANSFORMATION('','',#11,#507);
#4402 = PRODUCT_DEFINITION_SHAPE('Placement','Placement of an item',
  #4403);
#4403 = NEXT_ASSEMBLY_USAGE_OCCURRENCE('124','=>[0:1:1:125]','',#5,#4394
  ,$);
#4404 = PRODUCT_RELATED_PRODUCT_CATEGORY('part',$,(#4396));
#4405 = ADVANCED_BREP_SHAPE_REPRESENTATION('',(#11,#4406),#4418);
#4406 = MANIFOLD_SOLID_BREP('',#4407);
#4407 = CLOSED_SHELL('',(#4408));
#4408 = ADVANCED_FACE('',(#4409),#4413,.T.);
#4409 = FACE_BOUND('',#4410,.T.);
#4410 = VERTEX_LOOP('',#4411);
#4411 = VERTEX_POINT('',#4412);
#4412 = CARTESIAN_POINT('',(1.071565949254E-17,-2.624579619658E-33,
    -0.175));
#4413 = SPHERICAL_SURFACE('',#4414,0.175);
#4414 = AXIS2_PLACEMENT_3D('',#4415,#4416,#4417);
#4415 = CARTESIAN_POINT('',(0.,0.,0.));
#4416 = DIRECTION('',(0.,0.,1.));
#4417 = DIRECTION('',(1.,0.,-0.));
#4418 = ( GEOMETRIC_REPRESENTATION_CONTEXT(3) 
GLOBAL_UNCERTAINTY_ASSIGNED_CONTEXT((#4422)) 
GLOBAL_UNIT_ASSIGNED_CONTEXT((#4419,#4420,#4421)) REPRESENTATION_CONTEXT
('Context #1','3D Context with UNIT and UNCERTAINTY') );
#4419 = ( LENGTH_UNIT() NAMED_UNIT(*) SI_UNIT(.MILLI.,.METRE.) );
#4420 = ( NAMED_UNIT(*) PLANE_ANGLE_UNIT() SI_UNIT($,.RADIAN.) );
#4421 = ( NAMED_UNIT(*) SI_UNIT($,.STERADIAN.) SOLID_ANGLE_UNIT() );
#4422 = UNCERTAINTY_MEASURE_WITH_UNIT(LENGTH_MEASURE(1.E-07),#4419,
  'distance_accuracy_value','confusion accuracy');
#4423 = SHAPE_DEFINITION_REPRESENTATION(#4424,#4405);
#4424 = PRODUCT_DEFINITION_SHAPE('','',#4425);
#4425 = PRODUCT_DEFINITION('design','',#4426,#4429);
#4426 = PRODUCT_DEFINITION_FORMATION('','',#4427);
#4427 = PRODUCT('T5','T5','',(#4428));
#4428 = PRODUCT_CONTEXT('',#2,'mechanical');
#4429 = PRODUCT_DEFINITION_CONTEXT('part definition',#2,'design');
#4430 = CONTEXT_DEPENDENT_SHAPE_REPRESENTATION(#4431,#4433);
#4431 = ( REPRESENTATION_RELATIONSHIP('','',#4405,#10) 
REPRESENTATION_RELATIONSHIP_WITH_TRANSFORMATION(#4432) 
SHAPE_REPRESENTATION_RELATIONSHIP() );
#4432 = ITEM_DEFINED_TRANSFORMATION('','',#11,#511);
#4433 = PRODUCT_DEFINITION_SHAPE('Placement','Placement of an item',
  #4434);
#4434 = NEXT_ASSEMBLY_USAGE_OCCURRENCE('125','=>[0:1:1:126]','',#5,#4425
  ,$);
#4435 = PRODUCT_RELATED_PRODUCT_CATEGORY('part',$,(#4427));
#4436 = ADVANCED_BREP_SHAPE_REPRESENTATION('',(#11,#4437),#4449);
#4437 = MANIFOLD_SOLID_BREP('',#4438);
#4438 = CLOSED_SHELL('',(#4439));
#4439 = ADVANCED_FACE('',(#4440),#4444,.T.);
#4440 = FACE_BOUND('',#4441,.T.);
#4441 = VERTEX_LOOP('',#4442);
#4442 = VERTEX_POINT('',#4443);
#4443 = CARTESIAN_POINT('',(1.071565949254E-17,-2.624579619658E-33,
    -0.175));
#4444 = SPHERICAL_SURFACE('',#4445,0.175);
#4445 = AXIS2_PLACEMENT_3D('',#4446,#4447,#4448);
#4446 = CARTESIAN_POINT('',(0.,0.,0.));
#4447 = DIRECTION('',(0.,0.,1.));
#4448 = DIRECTION('',(1.,0.,-0.));
#4449 = ( GEOMETRIC_REPRESENTATION_CONTEXT(3) 
GLOBAL_UNCERTAINTY_ASSIGNED_CONTEXT((#4453)) 
GLOBAL_UNIT_ASSIGNED_CONTEXT((#4450,#4451,#4452)) REPRESENTATION_CONTEXT
('Context #1','3D Context with UNIT and UNCERTAINTY') );
#4450 = ( LENGTH_UNIT() NAMED_UNIT(*) SI_UNIT(.MILLI.,.METRE.) );
#4451 = ( NAMED_UNIT(*) PLANE_ANGLE_UNIT() SI_UNIT($,.RADIAN.) );
#4452 = ( NAMED_UNIT(*) SI_UNIT($,.STERADIAN.) SOLID_ANGLE_UNIT() );
#4453 = UNCERTAINTY_MEASURE_WITH_UNIT(LENGTH_MEASURE(1.E-07),#4450,
  'distance_accuracy_value','confusion accuracy');
#4454 = SHAPE_DEFINITION_REPRESENTATION(#4455,#4436);
#4455 = PRODUCT_DEFINITION_SHAPE('','',#4456);
#4456 = PRODUCT_DEFINITION('design','',#4457,#4460);
#4457 = PRODUCT_DEFINITION_FORMATION('','',#4458);
#4458 = PRODUCT('T6','T6','',(#4459));
#4459 = PRODUCT_CONTEXT('',#2,'mechanical');
#4460 = PRODUCT_DEFINITION_CONTEXT('part definition',#2,'design');
#4461 = CONTEXT_DEPENDENT_SHAPE_REPRESENTATION(#4462,#4464);
#4462 = ( REPRESENTATION_RELATIONSHIP('','',#4436,#10) 
REPRESENTATION_RELATIONSHIP_WITH_TRANSFORMATION(#4463) 
SHAPE_REPRESENTATION_RELATIONSHIP() );
#4463 = ITEM_DEFINED_TRANSFORMATION('','',#11,#515);
#4464 = PRODUCT_DEFINITION_SHAPE('Placement','Placement of an item',
  #4465);
#4465 = NEXT_ASSEMBLY_USAGE_OCCURRENCE('126','=>[0:1:1:127]','',#5,#4456
  ,$);
#4466 = PRODUCT_RELATED_PRODUCT_CATEGORY('part',$,(#4458));
#4467 = ADVANCED_BREP_SHAPE_REPRESENTATION('',(#11,#4468),#4480);
#4468 = MANIFOLD_SOLID_BREP('',#4469);
#4469 = CLOSED_SHELL('',(#4470));
#4470 = ADVANCED_FACE('',(#4471),#4475,.T.);
#4471 = FACE_BOUND('',#4472,.T.);
#4472 = VERTEX_LOOP('',#4473);
#4473 = VERTEX_POINT('',#4474);
#4474 = CARTESIAN_POINT('',(1.071565949254E-17,-2.624579619658E-33,
    -0.175));
#4475 = SPHERICAL_SURFACE('',#4476,0.175);
#4476 = AXIS2_PLACEMENT_3D('',#4477,#4478,#4479);
#4477 = CARTESIAN_POINT('',(0.,0.,0.));
#4478 = DIRECTION('',(0.,0.,1.));
#4479 = DIRECTION('',(1.,0.,-0.));
#4480 = ( GEOMETRIC_REPRESENTATION_CONTEXT(3) 
GLOBAL_UNCERTAINTY_ASSIGNED_CONTEXT((#4484)) 
GLOBAL_UNIT_ASSIGNED_CONTEXT((#4481,#4482,#4483)) REPRESENTATION_CONTEXT
('Context #1','3D Context with UNIT and UNCERTAINTY') );
#4481 = ( LENGTH_UNIT() NAMED_UNIT(*) SI_UNIT(.MILLI.,.METRE.) );
#4482 = ( NAMED_UNIT(*) PLANE_ANGLE_UNIT() SI_UNIT($,.RADIAN.) );
#4483 = ( NAMED_UNIT(*) SI_UNIT($,.STERADIAN.) SOLID_ANGLE_UNIT() );
#4484 = UNCERTAINTY_MEASURE_WITH_UNIT(LENGTH_MEASURE(1.E-07),#4481,
  'distance_accuracy_value','confusion accuracy');
#4485 = SHAPE_DEFINITION_REPRESENTATION(#4486,#4467);
#4486 = PRODUCT_DEFINITION_SHAPE('','',#4487);
#4487 = PRODUCT_DEFINITION('design','',#4488,#4491);
#4488 = PRODUCT_DEFINITION_FORMATION('','',#4489);
#4489 = PRODUCT('T7','T7','',(#4490));
#4490 = PRODUCT_CONTEXT('',#2,'mechanical');
#4491 = PRODUCT_DEFINITION_CONTEXT('part definition',#2,'design');
#4492 = CONTEXT_DEPENDENT_SHAPE_REPRESENTATION(#4493,#4495);
#4493 = ( REPRESENTATION_RELATIONSHIP('','',#4467,#10) 
REPRESENTATION_RELATIONSHIP_WITH_TRANSFORMATION(#4494) 
SHAPE_REPRESENTATION_RELATIONSHIP() );
#4494 = ITEM_DEFINED_TRANSFORMATION('','',#11,#519);
#4495 = PRODUCT_DEFINITION_SHAPE('Placement','Placement of an item',
  #4496);
#4496 = NEXT_ASSEMBLY_USAGE_OCCURRENCE('127','=>[0:1:1:128]','',#5,#4487
  ,$);
#4497 = PRODUCT_RELATED_PRODUCT_CATEGORY('part',$,(#4489));
#4498 = ADVANCED_BREP_SHAPE_REPRESENTATION('',(#11,#4499),#4511);
#4499 = MANIFOLD_SOLID_BREP('',#4500);
#4500 = CLOSED_SHELL('',(#4501));
#4501 = ADVANCED_FACE('',(#4502),#4506,.T.);
#4502 = FACE_BOUND('',#4503,.T.);
#4503 = VERTEX_LOOP('',#4504);
#4504 = VERTEX_POINT('',#4505);
#4505 = CARTESIAN_POINT('',(1.071565949254E-17,-2.624579619658E-33,
    -0.175));
#4506 = SPHERICAL_SURFACE('',#4507,0.175);
#4507 = AXIS2_PLACEMENT_3D('',#4508,#4509,#4510);
#4508 = CARTESIAN_POINT('',(0.,0.,0.));
#4509 = DIRECTION('',(0.,0.,1.));
#4510 = DIRECTION('',(1.,0.,-0.));
#4511 = ( GEOMETRIC_REPRESENTATION_CONTEXT(3) 
GLOBAL_UNCERTAINTY_ASSIGNED_CONTEXT((#4515)) 
GLOBAL_UNIT_ASSIGNED_CONTEXT((#4512,#4513,#4514)) REPRESENTATION_CONTEXT
('Context #1','3D Context with UNIT and UNCERTAINTY') );
#4512 = ( LENGTH_UNIT() NAMED_UNIT(*) SI_UNIT(.MILLI.,.METRE.) );
#4513 = ( NAMED_UNIT(*) PLANE_ANGLE_UNIT() SI_UNIT($,.RADIAN.) );
#4514 = ( NAMED_UNIT(*) SI_UNIT($,.STERADIAN.) SOLID_ANGLE_UNIT() );
#4515 = UNCERTAINTY_MEASURE_WITH_UNIT(LENGTH_MEASURE(1.E-07),#4512,
  'distance_accuracy_value','confusion accuracy');
#4516 = SHAPE_DEFINITION_REPRESENTATION(#4517,#4498);
#4517 = PRODUCT_DEFINITION_SHAPE('','',#4518);
#4518 = PRODUCT_DEFINITION('design','',#4519,#4522);
#4519 = PRODUCT_DEFINITION_FORMATION('','',#4520);
#4520 = PRODUCT('T8','T8','',(#4521));
#4521 = PRODUCT_CONTEXT('',#2,'mechanical');
#4522 = PRODUCT_DEFINITION_CONTEXT('part definition',#2,'design');
#4523 = CONTEXT_DEPENDENT_SHAPE_REPRESENTATION(#4524,#4526);
#4524 = ( REPRESENTATION_RELATIONSHIP('','',#4498,#10) 
REPRESENTATION_RELATIONSHIP_WITH_TRANSFORMATION(#4525) 
SHAPE_REPRESENTATION_RELATIONSHIP() );
#4525 = ITEM_DEFINED_TRANSFORMATION('','',#11,#523);
#4526 = PRODUCT_DEFINITION_SHAPE('Placement','Placement of an item',
  #4527);
#4527 = NEXT_ASSEMBLY_USAGE_OCCURRENCE('128','=>[0:1:1:129]','',#5,#4518
  ,$);
#4528 = PRODUCT_RELATED_PRODUCT_CATEGORY('part',$,(#4520));
#4529 = ADVANCED_BREP_SHAPE_REPRESENTATION('',(#11,#4530),#4542);
#4530 = MANIFOLD_SOLID_BREP('',#4531);
#4531 = CLOSED_SHELL('',(#4532));
#4532 = ADVANCED_FACE('',(#4533),#4537,.T.);
#4533 = FACE_BOUND('',#4534,.T.);
#4534 = VERTEX_LOOP('',#4535);
#4535 = VERTEX_POINT('',#4536);
#4536 = CARTESIAN_POINT('',(1.071565949254E-17,-2.624579619658E-33,
    -0.175));
#4537 = SPHERICAL_SURFACE('',#4538,0.175);
#4538 = AXIS2_PLACEMENT_3D('',#4539,#4540,#4541);
#4539 = CARTESIAN_POINT('',(0.,0.,0.));
#4540 = DIRECTION('',(0.,0.,1.));
#4541 = DIRECTION('',(1.,0.,-0.));
#4542 = ( GEOMETRIC_REPRESENTATION_CONTEXT(3) 
GLOBAL_UNCERTAINTY_ASSIGNED_CONTEXT((#4546)) 
GLOBAL_UNIT_ASSIGNED_CONTEXT((#4543,#4544,#4545)) REPRESENTATION_CONTEXT
('Context #1','3D Context with UNIT and UNCERTAINTY') );
#4543 = ( LENGTH_UNIT() NAMED_UNIT(*) SI_UNIT(.MILLI.,.METRE.) );
#4544 = ( NAMED_UNIT(*) PLANE_ANGLE_UNIT() SI_UNIT($,.RADIAN.) );
#4545 = ( NAMED_UNIT(*) SI_UNIT($,.STERADIAN.) SOLID_ANGLE_UNIT() );
#4546 = UNCERTAINTY_MEASURE_WITH_UNIT(LENGTH_MEASURE(1.E-07),#4543,
  'distance_accuracy_value','confusion accuracy');
#4547 = SHAPE_DEFINITION_REPRESENTATION(#4548,#4529);
#4548 = PRODUCT_DEFINITION_SHAPE('','',#4549);
#4549 = PRODUCT_DEFINITION('design','',#4550,#4553);
#4550 = PRODUCT_DEFINITION_FORMATION('','',#4551);
#4551 = PRODUCT('T9','T9','',(#4552));
#4552 = PRODUCT_CONTEXT('',#2,'mechanical');
#4553 = PRODUCT_DEFINITION_CONTEXT('part definition',#2,'design');
#4554 = CONTEXT_DEPENDENT_SHAPE_REPRESENTATION(#4555,#4557);
#4555 = ( REPRESENTATION_RELATIONSHIP('','',#4529,#10) 
REPRESENTATION_RELATIONSHIP_WITH_TRANSFORMATION(#4556) 
SHAPE_REPRESENTATION_RELATIONSHIP() );
#4556 = ITEM_DEFINED_TRANSFORMATION('','',#11,#527);
#4557 = PRODUCT_DEFINITION_SHAPE('Placement','Placement of an item',
  #4558);
#4558 = NEXT_ASSEMBLY_USAGE_OCCURRENCE('129','=>[0:1:1:130]','',#5,#4549
  ,$);
#4559 = PRODUCT_RELATED_PRODUCT_CATEGORY('part',$,(#4551));
#4560 = ADVANCED_BREP_SHAPE_REPRESENTATION('',(#11,#4561),#4573);
#4561 = MANIFOLD_SOLID_BREP('',#4562);
#4562 = CLOSED_SHELL('',(#4563));
#4563 = ADVANCED_FACE('',(#4564),#4568,.T.);
#4564 = FACE_BOUND('',#4565,.T.);
#4565 = VERTEX_LOOP('',#4566);
#4566 = VERTEX_POINT('',#4567);
#4567 = CARTESIAN_POINT('',(1.071565949254E-17,-2.624579619658E-33,
    -0.175));
#4568 = SPHERICAL_SURFACE('',#4569,0.175);
#4569 = AXIS2_PLACEMENT_3D('',#4570,#4571,#4572);
#4570 = CARTESIAN_POINT('',(0.,0.,0.));
#4571 = DIRECTION('',(0.,0.,1.));
#4572 = DIRECTION('',(1.,0.,-0.));
#4573 = ( GEOMETRIC_REPRESENTATION_CONTEXT(3) 
GLOBAL_UNCERTAINTY_ASSIGNED_CONTEXT((#4577)) 
GLOBAL_UNIT_ASSIGNED_CONTEXT((#4574,#4575,#4576)) REPRESENTATION_CONTEXT
('Context #1','3D Context with UNIT and UNCERTAINTY') );
#4574 = ( LENGTH_UNIT() NAMED_UNIT(*) SI_UNIT(.MILLI.,.METRE.) );
#4575 = ( NAMED_UNIT(*) PLANE_ANGLE_UNIT() SI_UNIT($,.RADIAN.) );
#4576 = ( NAMED_UNIT(*) SI_UNIT($,.STERADIAN.) SOLID_ANGLE_UNIT() );
#4577 = UNCERTAINTY_MEASURE_WITH_UNIT(LENGTH_MEASURE(1.E-07),#4574,
  'distance_accuracy_value','confusion accuracy');
#4578 = SHAPE_DEFINITION_REPRESENTATION(#4579,#4560);
#4579 = PRODUCT_DEFINITION_SHAPE('','',#4580);
#4580 = PRODUCT_DEFINITION('design','',#4581,#4584);
#4581 = PRODUCT_DEFINITION_FORMATION('','',#4582);
#4582 = PRODUCT('T10','T10','',(#4583));
#4583 = PRODUCT_CONTEXT('',#2,'mechanical');
#4584 = PRODUCT_DEFINITION_CONTEXT('part definition',#2,'design');
#4585 = CONTEXT_DEPENDENT_SHAPE_REPRESENTATION(#4586,#4588);
#4586 = ( REPRESENTATION_RELATIONSHIP('','',#4560,#10) 
REPRESENTATION_RELATIONSHIP_WITH_TRANSFORMATION(#4587) 
SHAPE_REPRESENTATION_RELATIONSHIP() );
#4587 = ITEM_DEFINED_TRANSFORMATION('','',#11,#531);
#4588 = PRODUCT_DEFINITION_SHAPE('Placement','Placement of an item',
  #4589);
#4589 = NEXT_ASSEMBLY_USAGE_OCCURRENCE('130','=>[0:1:1:131]','',#5,#4580
  ,$);
#4590 = PRODUCT_RELATED_PRODUCT_CATEGORY('part',$,(#4582));
#4591 = ADVANCED_BREP_SHAPE_REPRESENTATION('',(#11,#4592),#4604);
#4592 = MANIFOLD_SOLID_BREP('',#4593);
#4593 = CLOSED_SHELL('',(#4594));
#4594 = ADVANCED_FACE('',(#4595),#4599,.T.);
#4595 = FACE_BOUND('',#4596,.T.);
#4596 = VERTEX_LOOP('',#4597);
#4597 = VERTEX_POINT('',#4598);
#4598 = CARTESIAN_POINT('',(1.071565949254E-17,-2.624579619658E-33,
    -0.175));
#4599 = SPHERICAL_SURFACE('',#4600,0.175);
#4600 = AXIS2_PLACEMENT_3D('',#4601,#4602,#4603);
#4601 = CARTESIAN_POINT('',(0.,0.,0.));
#4602 = DIRECTION('',(0.,0.,1.));
#4603 = DIRECTION('',(1.,0.,-0.));
#4604 = ( GEOMETRIC_REPRESENTATION_CONTEXT(3) 
GLOBAL_UNCERTAINTY_ASSIGNED_CONTEXT((#4608)) 
GLOBAL_UNIT_ASSIGNED_CONTEXT((#4605,#4606,#4607)) REPRESENTATION_CONTEXT
('Context #1','3D Context with UNIT and UNCERTAINTY') );
#4605 = ( LENGTH_UNIT() NAMED_UNIT(*) SI_UNIT(.MILLI.,.METRE.) );
#4606 = ( NAMED_UNIT(*) PLANE_ANGLE_UNIT() SI_UNIT($,.RADIAN.) );
#4607 = ( NAMED_UNIT(*) SI_UNIT($,.STERADIAN.) SOLID_ANGLE_UNIT() );
#4608 = UNCERTAINTY_MEASURE_WITH_UNIT(LENGTH_MEASURE(1.E-07),#4605,
  'distance_accuracy_value','confusion accuracy');
#4609 = SHAPE_DEFINITION_REPRESENTATION(#4610,#4591);
#4610 = PRODUCT_DEFINITION_SHAPE('','',#4611);
#4611 = PRODUCT_DEFINITION('design','',#4612,#4615);
#4612 = PRODUCT_DEFINITION_FORMATION('','',#4613);
#4613 = PRODUCT('U1','U1','',(#4614));
#4614 = PRODUCT_CONTEXT('',#2,'mechanical');
#4615 = PRODUCT_DEFINITION_CONTEXT('part definition',#2,'design');
#4616 = CONTEXT_DEPENDENT_SHAPE_REPRESENTATION(#4617,#4619);
#4617 = ( REPRESENTATION_RELATIONSHIP('','',#4591,#10) 
REPRESENTATION_RELATIONSHIP_WITH_TRANSFORMATION(#4618) 
SHAPE_REPRESENTATION_RELATIONSHIP() );
#4618 = ITEM_DEFINED_TRANSFORMATION('','',#11,#535);
#4619 = PRODUCT_DEFINITION_SHAPE('Placement','Placement of an item',
  #4620);
#4620 = NEXT_ASSEMBLY_USAGE_OCCURRENCE('131','=>[0:1:1:132]','',#5,#4611
  ,$);
#4621 = PRODUCT_RELATED_PRODUCT_CATEGORY('part',$,(#4613));
#4622 = ADVANCED_BREP_SHAPE_REPRESENTATION('',(#11,#4623),#4635);
#4623 = MANIFOLD_SOLID_BREP('',#4624);
#4624 = CLOSED_SHELL('',(#4625));
#4625 = ADVANCED_FACE('',(#4626),#4630,.T.);
#4626 = FACE_BOUND('',#4627,.T.);
#4627 = VERTEX_LOOP('',#4628);
#4628 = VERTEX_POINT('',#4629);
#4629 = CARTESIAN_POINT('',(1.071565949254E-17,-2.624579619658E-33,
    -0.175));
#4630 = SPHERICAL_SURFACE('',#4631,0.175);
#4631 = AXIS2_PLACEMENT_3D('',#4632,#4633,#4634);
#4632 = CARTESIAN_POINT('',(0.,0.,0.));
#4633 = DIRECTION('',(0.,0.,1.));
#4634 = DIRECTION('',(1.,0.,-0.));
#4635 = ( GEOMETRIC_REPRESENTATION_CONTEXT(3) 
GLOBAL_UNCERTAINTY_ASSIGNED_CONTEXT((#4639)) 
GLOBAL_UNIT_ASSIGNED_CONTEXT((#4636,#4637,#4638)) REPRESENTATION_CONTEXT
('Context #1','3D Context with UNIT and UNCERTAINTY') );
#4636 = ( LENGTH_UNIT() NAMED_UNIT(*) SI_UNIT(.MILLI.,.METRE.) );
#4637 = ( NAMED_UNIT(*) PLANE_ANGLE_UNIT() SI_UNIT($,.RADIAN.) );
#4638 = ( NAMED_UNIT(*) SI_UNIT($,.STERADIAN.) SOLID_ANGLE_UNIT() );
#4639 = UNCERTAINTY_MEASURE_WITH_UNIT(LENGTH_MEASURE(1.E-07),#4636,
  'distance_accuracy_value','confusion accuracy');
#4640 = SHAPE_DEFINITION_REPRESENTATION(#4641,#4622);
#4641 = PRODUCT_DEFINITION_SHAPE('','',#4642);
#4642 = PRODUCT_DEFINITION('design','',#4643,#4646);
#4643 = PRODUCT_DEFINITION_FORMATION('','',#4644);
#4644 = PRODUCT('U2','U2','',(#4645));
#4645 = PRODUCT_CONTEXT('',#2,'mechanical');
#4646 = PRODUCT_DEFINITION_CONTEXT('part definition',#2,'design');
#4647 = CONTEXT_DEPENDENT_SHAPE_REPRESENTATION(#4648,#4650);
#4648 = ( REPRESENTATION_RELATIONSHIP('','',#4622,#10) 
REPRESENTATION_RELATIONSHIP_WITH_TRANSFORMATION(#4649) 
SHAPE_REPRESENTATION_RELATIONSHIP() );
#4649 = ITEM_DEFINED_TRANSFORMATION('','',#11,#539);
#4650 = PRODUCT_DEFINITION_SHAPE('Placement','Placement of an item',
  #4651);
#4651 = NEXT_ASSEMBLY_USAGE_OCCURRENCE('132','=>[0:1:1:133]','',#5,#4642
  ,$);
#4652 = PRODUCT_RELATED_PRODUCT_CATEGORY('part',$,(#4644));
#4653 = ADVANCED_BREP_SHAPE_REPRESENTATION('',(#11,#4654),#4666);
#4654 = MANIFOLD_SOLID_BREP('',#4655);
#4655 = CLOSED_SHELL('',(#4656));
#4656 = ADVANCED_FACE('',(#4657),#4661,.T.);
#4657 = FACE_BOUND('',#4658,.T.);
#4658 = VERTEX_LOOP('',#4659);
#4659 = VERTEX_POINT('',#4660);
#4660 = CARTESIAN_POINT('',(1.071565949254E-17,-2.624579619658E-33,
    -0.175));
#4661 = SPHERICAL_SURFACE('',#4662,0.175);
#4662 = AXIS2_PLACEMENT_3D('',#4663,#4664,#4665);
#4663 = CARTESIAN_POINT('',(0.,0.,0.));
#4664 = DIRECTION('',(0.,0.,1.));
#4665 = DIRECTION('',(1.,0.,-0.));
#4666 = ( GEOMETRIC_REPRESENTATION_CONTEXT(3) 
GLOBAL_UNCERTAINTY_ASSIGNED_CONTEXT((#4670)) 
GLOBAL_UNIT_ASSIGNED_CONTEXT((#4667,#4668,#4669)) REPRESENTATION_CONTEXT
('Context #1','3D Context with UNIT and UNCERTAINTY') );
#4667 = ( LENGTH_UNIT() NAMED_UNIT(*) SI_UNIT(.MILLI.,.METRE.) );
#4668 = ( NAMED_UNIT(*) PLANE_ANGLE_UNIT() SI_UNIT($,.RADIAN.) );
#4669 = ( NAMED_UNIT(*) SI_UNIT($,.STERADIAN.) SOLID_ANGLE_UNIT() );
#4670 = UNCERTAINTY_MEASURE_WITH_UNIT(LENGTH_MEASURE(1.E-07),#4667,
  'distance_accuracy_value','confusion accuracy');
#4671 = SHAPE_DEFINITION_REPRESENTATION(#4672,#4653);
#4672 = PRODUCT_DEFINITION_SHAPE('','',#4673);
#4673 = PRODUCT_DEFINITION('design','',#4674,#4677);
#4674 = PRODUCT_DEFINITION_FORMATION('','',#4675);
#4675 = PRODUCT('U9','U9','',(#4676));
#4676 = PRODUCT_CONTEXT('',#2,'mechanical');
#4677 = PRODUCT_DEFINITION_CONTEXT('part definition',#2,'design');
#4678 = CONTEXT_DEPENDENT_SHAPE_REPRESENTATION(#4679,#4681);
#4679 = ( REPRESENTATION_RELATIONSHIP('','',#4653,#10) 
REPRESENTATION_RELATIONSHIP_WITH_TRANSFORMATION(#4680) 
SHAPE_REPRESENTATION_RELATIONSHIP() );
#4680 = ITEM_DEFINED_TRANSFORMATION('','',#11,#543);
#4681 = PRODUCT_DEFINITION_SHAPE('Placement','Placement of an item',
  #4682);
#4682 = NEXT_ASSEMBLY_USAGE_OCCURRENCE('133','=>[0:1:1:134]','',#5,#4673
  ,$);
#4683 = PRODUCT_RELATED_PRODUCT_CATEGORY('part',$,(#4675));
#4684 = ADVANCED_BREP_SHAPE_REPRESENTATION('',(#11,#4685),#4697);
#4685 = MANIFOLD_SOLID_BREP('',#4686);
#4686 = CLOSED_SHELL('',(#4687));
#4687 = ADVANCED_FACE('',(#4688),#4692,.T.);
#4688 = FACE_BOUND('',#4689,.T.);
#4689 = VERTEX_LOOP('',#4690);
#4690 = VERTEX_POINT('',#4691);
#4691 = CARTESIAN_POINT('',(1.071565949254E-17,-2.624579619658E-33,
    -0.175));
#4692 = SPHERICAL_SURFACE('',#4693,0.175);
#4693 = AXIS2_PLACEMENT_3D('',#4694,#4695,#4696);
#4694 = CARTESIAN_POINT('',(0.,0.,0.));
#4695 = DIRECTION('',(0.,0.,1.));
#4696 = DIRECTION('',(1.,0.,-0.));
#4697 = ( GEOMETRIC_REPRESENTATION_CONTEXT(3) 
GLOBAL_UNCERTAINTY_ASSIGNED_CONTEXT((#4701)) 
GLOBAL_UNIT_ASSIGNED_CONTEXT((#4698,#4699,#4700)) REPRESENTATION_CONTEXT
('Context #1','3D Context with UNIT and UNCERTAINTY') );
#4698 = ( LENGTH_UNIT() NAMED_UNIT(*) SI_UNIT(.MILLI.,.METRE.) );
#4699 = ( NAMED_UNIT(*) PLANE_ANGLE_UNIT() SI_UNIT($,.RADIAN.) );
#4700 = ( NAMED_UNIT(*) SI_UNIT($,.STERADIAN.) SOLID_ANGLE_UNIT() );
#4701 = UNCERTAINTY_MEASURE_WITH_UNIT(LENGTH_MEASURE(1.E-07),#4698,
  'distance_accuracy_value','confusion accuracy');
#4702 = SHAPE_DEFINITION_REPRESENTATION(#4703,#4684);
#4703 = PRODUCT_DEFINITION_SHAPE('','',#4704);
#4704 = PRODUCT_DEFINITION('design','',#4705,#4708);
#4705 = PRODUCT_DEFINITION_FORMATION('','',#4706);
#4706 = PRODUCT('U10','U10','',(#4707));
#4707 = PRODUCT_CONTEXT('',#2,'mechanical');
#4708 = PRODUCT_DEFINITION_CONTEXT('part definition',#2,'design');
#4709 = CONTEXT_DEPENDENT_SHAPE_REPRESENTATION(#4710,#4712);
#4710 = ( REPRESENTATION_RELATIONSHIP('','',#4684,#10) 
REPRESENTATION_RELATIONSHIP_WITH_TRANSFORMATION(#4711) 
SHAPE_REPRESENTATION_RELATIONSHIP() );
#4711 = ITEM_DEFINED_TRANSFORMATION('','',#11,#547);
#4712 = PRODUCT_DEFINITION_SHAPE('Placement','Placement of an item',
  #4713);
#4713 = NEXT_ASSEMBLY_USAGE_OCCURRENCE('134','=>[0:1:1:135]','',#5,#4704
  ,$);
#4714 = PRODUCT_RELATED_PRODUCT_CATEGORY('part',$,(#4706));
#4715 = ADVANCED_BREP_SHAPE_REPRESENTATION('',(#11,#4716),#5136);
#4716 = MANIFOLD_SOLID_BREP('',#4717);
#4717 = CLOSED_SHELL('',(#4718,#4838,#4914,#4994,#5043,#5070,#5077,#5132
    ));
#4718 = ADVANCED_FACE('',(#4719),#4733,.F.);
#4719 = FACE_BOUND('',#4720,.F.);
#4720 = EDGE_LOOP('',(#4721,#4756,#4784,#4812));
#4721 = ORIENTED_EDGE('',*,*,#4722,.F.);
#4722 = EDGE_CURVE('',#4723,#4725,#4727,.T.);
#4723 = VERTEX_POINT('',#4724);
#4724 = CARTESIAN_POINT('',(-5.,-5.75,0.35));
#4725 = VERTEX_POINT('',#4726);
#4726 = CARTESIAN_POINT('',(-5.,-5.75,1.1));
#4727 = SURFACE_CURVE('',#4728,(#4732,#4744),.PCURVE_S1.);
#4728 = LINE('',#4729,#4730);
#4729 = CARTESIAN_POINT('',(-5.,-5.75,0.35));
#4730 = VECTOR('',#4731,1.);
#4731 = DIRECTION('',(0.,0.,1.));
#4732 = PCURVE('',#4733,#4738);
#4733 = PLANE('',#4734);
#4734 = AXIS2_PLACEMENT_3D('',#4735,#4736,#4737);
#4735 = CARTESIAN_POINT('',(-5.,-5.75,0.35));
#4736 = DIRECTION('',(1.,0.,0.));
#4737 = DIRECTION('',(0.,0.,1.));
#4738 = DEFINITIONAL_REPRESENTATION('',(#4739),#4743);
#4739 = LINE('',#4740,#4741);
#4740 = CARTESIAN_POINT('',(0.,0.));
#4741 = VECTOR('',#4742,1.);
#4742 = DIRECTION('',(1.,0.));
#4743 = ( GEOMETRIC_REPRESENTATION_CONTEXT(2) 
PARAMETRIC_REPRESENTATION_CONTEXT() REPRESENTATION_CONTEXT('2D SPACE',''
  ) );
#4744 = PCURVE('',#4745,#4750);
#4745 = PLANE('',#4746);
#4746 = AXIS2_PLACEMENT_3D('',#4747,#4748,#4749);
#4747 = CARTESIAN_POINT('',(-5.,-5.75,0.35));
#4748 = DIRECTION('',(0.,1.,0.));
#4749 = DIRECTION('',(0.,0.,1.));
#4750 = DEFINITIONAL_REPRESENTATION('',(#4751),#4755);
#4751 = LINE('',#4752,#4753);
#4752 = CARTESIAN_POINT('',(0.,0.));
#4753 = VECTOR('',#4754,1.);
#4754 = DIRECTION('',(1.,0.));
#4755 = ( GEOMETRIC_REPRESENTATION_CONTEXT(2) 
PARAMETRIC_REPRESENTATION_CONTEXT() REPRESENTATION_CONTEXT('2D SPACE',''
  ) );
#4756 = ORIENTED_EDGE('',*,*,#4757,.T.);
#4757 = EDGE_CURVE('',#4723,#4758,#4760,.T.);
#4758 = VERTEX_POINT('',#4759);
#4759 = CARTESIAN_POINT('',(-5.,5.75,0.35));
#4760 = SURFACE_CURVE('',#4761,(#4765,#4772),.PCURVE_S1.);
#4761 = LINE('',#4762,#4763);
#4762 = CARTESIAN_POINT('',(-5.,-5.75,0.35));
#4763 = VECTOR('',#4764,1.);
#4764 = DIRECTION('',(0.,1.,0.));
#4765 = PCURVE('',#4733,#4766);
#4766 = DEFINITIONAL_REPRESENTATION('',(#4767),#4771);
#4767 = LINE('',#4768,#4769);
#4768 = CARTESIAN_POINT('',(0.,0.));
#4769 = VECTOR('',#4770,1.);
#4770 = DIRECTION('',(0.,-1.));
#4771 = ( GEOMETRIC_REPRESENTATION_CONTEXT(2) 
PARAMETRIC_REPRESENTATION_CONTEXT() REPRESENTATION_CONTEXT('2D SPACE',''
  ) );
#4772 = PCURVE('',#4773,#4778);
#4773 = PLANE('',#4774);
#4774 = AXIS2_PLACEMENT_3D('',#4775,#4776,#4777);
#4775 = CARTESIAN_POINT('',(-5.,-5.75,0.35));
#4776 = DIRECTION('',(0.,0.,1.));
#4777 = DIRECTION('',(1.,0.,0.));
#4778 = DEFINITIONAL_REPRESENTATION('',(#4779),#4783);
#4779 = LINE('',#4780,#4781);
#4780 = CARTESIAN_POINT('',(0.,0.));
#4781 = VECTOR('',#4782,1.);
#4782 = DIRECTION('',(0.,1.));
#4783 = ( GEOMETRIC_REPRESENTATION_CONTEXT(2) 
PARAMETRIC_REPRESENTATION_CONTEXT() REPRESENTATION_CONTEXT('2D SPACE',''
  ) );
#4784 = ORIENTED_EDGE('',*,*,#4785,.T.);
#4785 = EDGE_CURVE('',#4758,#4786,#4788,.T.);
#4786 = VERTEX_POINT('',#4787);
#4787 = CARTESIAN_POINT('',(-5.,5.75,1.1));
#4788 = SURFACE_CURVE('',#4789,(#4793,#4800),.PCURVE_S1.);
#4789 = LINE('',#4790,#4791);
#4790 = CARTESIAN_POINT('',(-5.,5.75,0.35));
#4791 = VECTOR('',#4792,1.);
#4792 = DIRECTION('',(0.,0.,1.));
#4793 = PCURVE('',#4733,#4794);
#4794 = DEFINITIONAL_REPRESENTATION('',(#4795),#4799);
#4795 = LINE('',#4796,#4797);
#4796 = CARTESIAN_POINT('',(0.,-11.5));
#4797 = VECTOR('',#4798,1.);
#4798 = DIRECTION('',(1.,0.));
#4799 = ( GEOMETRIC_REPRESENTATION_CONTEXT(2) 
PARAMETRIC_REPRESENTATION_CONTEXT() REPRESENTATION_CONTEXT('2D SPACE',''
  ) );
#4800 = PCURVE('',#4801,#4806);
#4801 = PLANE('',#4802);
#4802 = AXIS2_PLACEMENT_3D('',#4803,#4804,#4805);
#4803 = CARTESIAN_POINT('',(-5.,5.75,0.35));
#4804 = DIRECTION('',(0.,1.,0.));
#4805 = DIRECTION('',(0.,0.,1.));
#4806 = DEFINITIONAL_REPRESENTATION('',(#4807),#4811);
#4807 = LINE('',#4808,#4809);
#4808 = CARTESIAN_POINT('',(0.,0.));
#4809 = VECTOR('',#4810,1.);
#4810 = DIRECTION('',(1.,0.));
#4811 = ( GEOMETRIC_REPRESENTATION_CONTEXT(2) 
PARAMETRIC_REPRESENTATION_CONTEXT() REPRESENTATION_CONTEXT('2D SPACE',''
  ) );
#4812 = ORIENTED_EDGE('',*,*,#4813,.F.);
#4813 = EDGE_CURVE('',#4725,#4786,#4814,.T.);
#4814 = SURFACE_CURVE('',#4815,(#4819,#4826),.PCURVE_S1.);
#4815 = LINE('',#4816,#4817);
#4816 = CARTESIAN_POINT('',(-5.,-5.75,1.1));
#4817 = VECTOR('',#4818,1.);
#4818 = DIRECTION('',(0.,1.,0.));
#4819 = PCURVE('',#4733,#4820);
#4820 = DEFINITIONAL_REPRESENTATION('',(#4821),#4825);
#4821 = LINE('',#4822,#4823);
#4822 = CARTESIAN_POINT('',(0.75,0.));
#4823 = VECTOR('',#4824,1.);
#4824 = DIRECTION('',(0.,-1.));
#4825 = ( GEOMETRIC_REPRESENTATION_CONTEXT(2) 
PARAMETRIC_REPRESENTATION_CONTEXT() REPRESENTATION_CONTEXT('2D SPACE',''
  ) );
#4826 = PCURVE('',#4827,#4832);
#4827 = PLANE('',#4828);
#4828 = AXIS2_PLACEMENT_3D('',#4829,#4830,#4831);
#4829 = CARTESIAN_POINT('',(-5.,-5.75,1.1));
#4830 = DIRECTION('',(0.,0.,1.));
#4831 = DIRECTION('',(1.,0.,0.));
#4832 = DEFINITIONAL_REPRESENTATION('',(#4833),#4837);
#4833 = LINE('',#4834,#4835);
#4834 = CARTESIAN_POINT('',(0.,0.));
#4835 = VECTOR('',#4836,1.);
#4836 = DIRECTION('',(0.,1.));
#4837 = ( GEOMETRIC_REPRESENTATION_CONTEXT(2) 
PARAMETRIC_REPRESENTATION_CONTEXT() REPRESENTATION_CONTEXT('2D SPACE',''
  ) );
#4838 = ADVANCED_FACE('',(#4839),#4745,.F.);
#4839 = FACE_BOUND('',#4840,.F.);
#4840 = EDGE_LOOP('',(#4841,#4864,#4865,#4888));
#4841 = ORIENTED_EDGE('',*,*,#4842,.F.);
#4842 = EDGE_CURVE('',#4723,#4843,#4845,.T.);
#4843 = VERTEX_POINT('',#4844);
#4844 = CARTESIAN_POINT('',(5.,-5.75,0.35));
#4845 = SURFACE_CURVE('',#4846,(#4850,#4857),.PCURVE_S1.);
#4846 = LINE('',#4847,#4848);
#4847 = CARTESIAN_POINT('',(-5.,-5.75,0.35));
#4848 = VECTOR('',#4849,1.);
#4849 = DIRECTION('',(1.,0.,0.));
#4850 = PCURVE('',#4745,#4851);
#4851 = DEFINITIONAL_REPRESENTATION('',(#4852),#4856);
#4852 = LINE('',#4853,#4854);
#4853 = CARTESIAN_POINT('',(0.,0.));
#4854 = VECTOR('',#4855,1.);
#4855 = DIRECTION('',(0.,1.));
#4856 = ( GEOMETRIC_REPRESENTATION_CONTEXT(2) 
PARAMETRIC_REPRESENTATION_CONTEXT() REPRESENTATION_CONTEXT('2D SPACE',''
  ) );
#4857 = PCURVE('',#4773,#4858);
#4858 = DEFINITIONAL_REPRESENTATION('',(#4859),#4863);
#4859 = LINE('',#4860,#4861);
#4860 = CARTESIAN_POINT('',(0.,0.));
#4861 = VECTOR('',#4862,1.);
#4862 = DIRECTION('',(1.,0.));
#4863 = ( GEOMETRIC_REPRESENTATION_CONTEXT(2) 
PARAMETRIC_REPRESENTATION_CONTEXT() REPRESENTATION_CONTEXT('2D SPACE',''
  ) );
#4864 = ORIENTED_EDGE('',*,*,#4722,.T.);
#4865 = ORIENTED_EDGE('',*,*,#4866,.T.);
#4866 = EDGE_CURVE('',#4725,#4867,#4869,.T.);
#4867 = VERTEX_POINT('',#4868);
#4868 = CARTESIAN_POINT('',(5.,-5.75,1.1));
#4869 = SURFACE_CURVE('',#4870,(#4874,#4881),.PCURVE_S1.);
#4870 = LINE('',#4871,#4872);
#4871 = CARTESIAN_POINT('',(-5.,-5.75,1.1));
#4872 = VECTOR('',#4873,1.);
#4873 = DIRECTION('',(1.,0.,0.));
#4874 = PCURVE('',#4745,#4875);
#4875 = DEFINITIONAL_REPRESENTATION('',(#4876),#4880);
#4876 = LINE('',#4877,#4878);
#4877 = CARTESIAN_POINT('',(0.75,0.));
#4878 = VECTOR('',#4879,1.);
#4879 = DIRECTION('',(0.,1.));
#4880 = ( GEOMETRIC_REPRESENTATION_CONTEXT(2) 
PARAMETRIC_REPRESENTATION_CONTEXT() REPRESENTATION_CONTEXT('2D SPACE',''
  ) );
#4881 = PCURVE('',#4827,#4882);
#4882 = DEFINITIONAL_REPRESENTATION('',(#4883),#4887);
#4883 = LINE('',#4884,#4885);
#4884 = CARTESIAN_POINT('',(0.,0.));
#4885 = VECTOR('',#4886,1.);
#4886 = DIRECTION('',(1.,0.));
#4887 = ( GEOMETRIC_REPRESENTATION_CONTEXT(2) 
PARAMETRIC_REPRESENTATION_CONTEXT() REPRESENTATION_CONTEXT('2D SPACE',''
  ) );
#4888 = ORIENTED_EDGE('',*,*,#4889,.F.);
#4889 = EDGE_CURVE('',#4843,#4867,#4890,.T.);
#4890 = SURFACE_CURVE('',#4891,(#4895,#4902),.PCURVE_S1.);
#4891 = LINE('',#4892,#4893);
#4892 = CARTESIAN_POINT('',(5.,-5.75,0.35));
#4893 = VECTOR('',#4894,1.);
#4894 = DIRECTION('',(0.,0.,1.));
#4895 = PCURVE('',#4745,#4896);
#4896 = DEFINITIONAL_REPRESENTATION('',(#4897),#4901);
#4897 = LINE('',#4898,#4899);
#4898 = CARTESIAN_POINT('',(0.,10.));
#4899 = VECTOR('',#4900,1.);
#4900 = DIRECTION('',(1.,0.));
#4901 = ( GEOMETRIC_REPRESENTATION_CONTEXT(2) 
PARAMETRIC_REPRESENTATION_CONTEXT() REPRESENTATION_CONTEXT('2D SPACE',''
  ) );
#4902 = PCURVE('',#4903,#4908);
#4903 = PLANE('',#4904);
#4904 = AXIS2_PLACEMENT_3D('',#4905,#4906,#4907);
#4905 = CARTESIAN_POINT('',(5.,-5.75,0.35));
#4906 = DIRECTION('',(1.,0.,0.));
#4907 = DIRECTION('',(0.,0.,1.));
#4908 = DEFINITIONAL_REPRESENTATION('',(#4909),#4913);
#4909 = LINE('',#4910,#4911);
#4910 = CARTESIAN_POINT('',(0.,0.));
#4911 = VECTOR('',#4912,1.);
#4912 = DIRECTION('',(1.,0.));
#4913 = ( GEOMETRIC_REPRESENTATION_CONTEXT(2) 
PARAMETRIC_REPRESENTATION_CONTEXT() REPRESENTATION_CONTEXT('2D SPACE',''
  ) );
#4914 = ADVANCED_FACE('',(#4915,#4963),#4827,.T.);
#4915 = FACE_BOUND('',#4916,.T.);
#4916 = EDGE_LOOP('',(#4917,#4918,#4919,#4942));
#4917 = ORIENTED_EDGE('',*,*,#4813,.F.);
#4918 = ORIENTED_EDGE('',*,*,#4866,.T.);
#4919 = ORIENTED_EDGE('',*,*,#4920,.T.);
#4920 = EDGE_CURVE('',#4867,#4921,#4923,.T.);
#4921 = VERTEX_POINT('',#4922);
#4922 = CARTESIAN_POINT('',(5.,5.75,1.1));
#4923 = SURFACE_CURVE('',#4924,(#4928,#4935),.PCURVE_S1.);
#4924 = LINE('',#4925,#4926);
#4925 = CARTESIAN_POINT('',(5.,-5.75,1.1));
#4926 = VECTOR('',#4927,1.);
#4927 = DIRECTION('',(0.,1.,0.));
#4928 = PCURVE('',#4827,#4929);
#4929 = DEFINITIONAL_REPRESENTATION('',(#4930),#4934);
#4930 = LINE('',#4931,#4932);
#4931 = CARTESIAN_POINT('',(10.,0.));
#4932 = VECTOR('',#4933,1.);
#4933 = DIRECTION('',(0.,1.));
#4934 = ( GEOMETRIC_REPRESENTATION_CONTEXT(2) 
PARAMETRIC_REPRESENTATION_CONTEXT() REPRESENTATION_CONTEXT('2D SPACE',''
  ) );
#4935 = PCURVE('',#4903,#4936);
#4936 = DEFINITIONAL_REPRESENTATION('',(#4937),#4941);
#4937 = LINE('',#4938,#4939);
#4938 = CARTESIAN_POINT('',(0.75,0.));
#4939 = VECTOR('',#4940,1.);
#4940 = DIRECTION('',(0.,-1.));
#4941 = ( GEOMETRIC_REPRESENTATION_CONTEXT(2) 
PARAMETRIC_REPRESENTATION_CONTEXT() REPRESENTATION_CONTEXT('2D SPACE',''
  ) );
#4942 = ORIENTED_EDGE('',*,*,#4943,.F.);
#4943 = EDGE_CURVE('',#4786,#4921,#4944,.T.);
#4944 = SURFACE_CURVE('',#4945,(#4949,#4956),.PCURVE_S1.);
#4945 = LINE('',#4946,#4947);
#4946 = CARTESIAN_POINT('',(-5.,5.75,1.1));
#4947 = VECTOR('',#4948,1.);
#4948 = DIRECTION('',(1.,0.,0.));
#4949 = PCURVE('',#4827,#4950);
#4950 = DEFINITIONAL_REPRESENTATION('',(#4951),#4955);
#4951 = LINE('',#4952,#4953);
#4952 = CARTESIAN_POINT('',(0.,11.5));
#4953 = VECTOR('',#4954,1.);
#4954 = DIRECTION('',(1.,0.));
#4955 = ( GEOMETRIC_REPRESENTATION_CONTEXT(2) 
PARAMETRIC_REPRESENTATION_CONTEXT() REPRESENTATION_CONTEXT('2D SPACE',''
  ) );
#4956 = PCURVE('',#4801,#4957);
#4957 = DEFINITIONAL_REPRESENTATION('',(#4958),#4962);
#4958 = LINE('',#4959,#4960);
#4959 = CARTESIAN_POINT('',(0.75,0.));
#4960 = VECTOR('',#4961,1.);
#4961 = DIRECTION('',(0.,1.));
#4962 = ( GEOMETRIC_REPRESENTATION_CONTEXT(2) 
PARAMETRIC_REPRESENTATION_CONTEXT() REPRESENTATION_CONTEXT('2D SPACE',''
  ) );
#4963 = FACE_BOUND('',#4964,.T.);
#4964 = EDGE_LOOP('',(#4965));
#4965 = ORIENTED_EDGE('',*,*,#4966,.F.);
#4966 = EDGE_CURVE('',#4967,#4967,#4969,.T.);
#4967 = VERTEX_POINT('',#4968);
#4968 = CARTESIAN_POINT('',(-3.125,4.5,1.1));
#4969 = SURFACE_CURVE('',#4970,(#4975,#4982),.PCURVE_S1.);
#4970 = CIRCLE('',#4971,0.625);
#4971 = AXIS2_PLACEMENT_3D('',#4972,#4973,#4974);
#4972 = CARTESIAN_POINT('',(-3.75,4.5,1.1));
#4973 = DIRECTION('',(0.,0.,1.));
#4974 = DIRECTION('',(1.,0.,0.));
#4975 = PCURVE('',#4827,#4976);
#4976 = DEFINITIONAL_REPRESENTATION('',(#4977),#4981);
#4977 = CIRCLE('',#4978,0.625);
#4978 = AXIS2_PLACEMENT_2D('',#4979,#4980);
#4979 = CARTESIAN_POINT('',(1.25,10.25));
#4980 = DIRECTION('',(1.,0.));
#4981 = ( GEOMETRIC_REPRESENTATION_CONTEXT(2) 
PARAMETRIC_REPRESENTATION_CONTEXT() REPRESENTATION_CONTEXT('2D SPACE',''
  ) );
#4982 = PCURVE('',#4983,#4988);
#4983 = CYLINDRICAL_SURFACE('',#4984,0.625);
#4984 = AXIS2_PLACEMENT_3D('',#4985,#4986,#4987);
#4985 = CARTESIAN_POINT('',(-3.75,4.5,0.99));
#4986 = DIRECTION('',(0.,0.,1.));
#4987 = DIRECTION('',(1.,0.,0.));
#4988 = DEFINITIONAL_REPRESENTATION('',(#4989),#4993);
#4989 = LINE('',#4990,#4991);
#4990 = CARTESIAN_POINT('',(0.,0.11));
#4991 = VECTOR('',#4992,1.);
#4992 = DIRECTION('',(1.,0.));
#4993 = ( GEOMETRIC_REPRESENTATION_CONTEXT(2) 
PARAMETRIC_REPRESENTATION_CONTEXT() REPRESENTATION_CONTEXT('2D SPACE',''
  ) );
#4994 = ADVANCED_FACE('',(#4995),#4801,.T.);
#4995 = FACE_BOUND('',#4996,.T.);
#4996 = EDGE_LOOP('',(#4997,#5020,#5021,#5022));
#4997 = ORIENTED_EDGE('',*,*,#4998,.F.);
#4998 = EDGE_CURVE('',#4758,#4999,#5001,.T.);
#4999 = VERTEX_POINT('',#5000);
#5000 = CARTESIAN_POINT('',(5.,5.75,0.35));
#5001 = SURFACE_CURVE('',#5002,(#5006,#5013),.PCURVE_S1.);
#5002 = LINE('',#5003,#5004);
#5003 = CARTESIAN_POINT('',(-5.,5.75,0.35));
#5004 = VECTOR('',#5005,1.);
#5005 = DIRECTION('',(1.,0.,0.));
#5006 = PCURVE('',#4801,#5007);
#5007 = DEFINITIONAL_REPRESENTATION('',(#5008),#5012);
#5008 = LINE('',#5009,#5010);
#5009 = CARTESIAN_POINT('',(0.,0.));
#5010 = VECTOR('',#5011,1.);
#5011 = DIRECTION('',(0.,1.));
#5012 = ( GEOMETRIC_REPRESENTATION_CONTEXT(2) 
PARAMETRIC_REPRESENTATION_CONTEXT() REPRESENTATION_CONTEXT('2D SPACE',''
  ) );
#5013 = PCURVE('',#4773,#5014);
#5014 = DEFINITIONAL_REPRESENTATION('',(#5015),#5019);
#5015 = LINE('',#5016,#5017);
#5016 = CARTESIAN_POINT('',(0.,11.5));
#5017 = VECTOR('',#5018,1.);
#5018 = DIRECTION('',(1.,0.));
#5019 = ( GEOMETRIC_REPRESENTATION_CONTEXT(2) 
PARAMETRIC_REPRESENTATION_CONTEXT() REPRESENTATION_CONTEXT('2D SPACE',''
  ) );
#5020 = ORIENTED_EDGE('',*,*,#4785,.T.);
#5021 = ORIENTED_EDGE('',*,*,#4943,.T.);
#5022 = ORIENTED_EDGE('',*,*,#5023,.F.);
#5023 = EDGE_CURVE('',#4999,#4921,#5024,.T.);
#5024 = SURFACE_CURVE('',#5025,(#5029,#5036),.PCURVE_S1.);
#5025 = LINE('',#5026,#5027);
#5026 = CARTESIAN_POINT('',(5.,5.75,0.35));
#5027 = VECTOR('',#5028,1.);
#5028 = DIRECTION('',(0.,0.,1.));
#5029 = PCURVE('',#4801,#5030);
#5030 = DEFINITIONAL_REPRESENTATION('',(#5031),#5035);
#5031 = LINE('',#5032,#5033);
#5032 = CARTESIAN_POINT('',(0.,10.));
#5033 = VECTOR('',#5034,1.);
#5034 = DIRECTION('',(1.,0.));
#5035 = ( GEOMETRIC_REPRESENTATION_CONTEXT(2) 
PARAMETRIC_REPRESENTATION_CONTEXT() REPRESENTATION_CONTEXT('2D SPACE',''
  ) );
#5036 = PCURVE('',#4903,#5037);
#5037 = DEFINITIONAL_REPRESENTATION('',(#5038),#5042);
#5038 = LINE('',#5039,#5040);
#5039 = CARTESIAN_POINT('',(0.,-11.5));
#5040 = VECTOR('',#5041,1.);
#5041 = DIRECTION('',(1.,0.));
#5042 = ( GEOMETRIC_REPRESENTATION_CONTEXT(2) 
PARAMETRIC_REPRESENTATION_CONTEXT() REPRESENTATION_CONTEXT('2D SPACE',''
  ) );
#5043 = ADVANCED_FACE('',(#5044),#4773,.F.);
#5044 = FACE_BOUND('',#5045,.F.);
#5045 = EDGE_LOOP('',(#5046,#5047,#5048,#5069));
#5046 = ORIENTED_EDGE('',*,*,#4757,.F.);
#5047 = ORIENTED_EDGE('',*,*,#4842,.T.);
#5048 = ORIENTED_EDGE('',*,*,#5049,.T.);
#5049 = EDGE_CURVE('',#4843,#4999,#5050,.T.);
#5050 = SURFACE_CURVE('',#5051,(#5055,#5062),.PCURVE_S1.);
#5051 = LINE('',#5052,#5053);
#5052 = CARTESIAN_POINT('',(5.,-5.75,0.35));
#5053 = VECTOR('',#5054,1.);
#5054 = DIRECTION('',(0.,1.,0.));
#5055 = PCURVE('',#4773,#5056);
#5056 = DEFINITIONAL_REPRESENTATION('',(#5057),#5061);
#5057 = LINE('',#5058,#5059);
#5058 = CARTESIAN_POINT('',(10.,0.));
#5059 = VECTOR('',#5060,1.);
#5060 = DIRECTION('',(0.,1.));
#5061 = ( GEOMETRIC_REPRESENTATION_CONTEXT(2) 
PARAMETRIC_REPRESENTATION_CONTEXT() REPRESENTATION_CONTEXT('2D SPACE',''
  ) );
#5062 = PCURVE('',#4903,#5063);
#5063 = DEFINITIONAL_REPRESENTATION('',(#5064),#5068);
#5064 = LINE('',#5065,#5066);
#5065 = CARTESIAN_POINT('',(0.,0.));
#5066 = VECTOR('',#5067,1.);
#5067 = DIRECTION('',(0.,-1.));
#5068 = ( GEOMETRIC_REPRESENTATION_CONTEXT(2) 
PARAMETRIC_REPRESENTATION_CONTEXT() REPRESENTATION_CONTEXT('2D SPACE',''
  ) );
#5069 = ORIENTED_EDGE('',*,*,#4998,.F.);
#5070 = ADVANCED_FACE('',(#5071),#4903,.T.);
#5071 = FACE_BOUND('',#5072,.T.);
#5072 = EDGE_LOOP('',(#5073,#5074,#5075,#5076));
#5073 = ORIENTED_EDGE('',*,*,#4889,.F.);
#5074 = ORIENTED_EDGE('',*,*,#5049,.T.);
#5075 = ORIENTED_EDGE('',*,*,#5023,.T.);
#5076 = ORIENTED_EDGE('',*,*,#4920,.F.);
#5077 = ADVANCED_FACE('',(#5078),#4983,.F.);
#5078 = FACE_BOUND('',#5079,.F.);
#5079 = EDGE_LOOP('',(#5080,#5103,#5104,#5105));
#5080 = ORIENTED_EDGE('',*,*,#5081,.T.);
#5081 = EDGE_CURVE('',#5082,#4967,#5084,.T.);
#5082 = VERTEX_POINT('',#5083);
#5083 = CARTESIAN_POINT('',(-3.125,4.5,0.99));
#5084 = SEAM_CURVE('',#5085,(#5089,#5096),.PCURVE_S1.);
#5085 = LINE('',#5086,#5087);
#5086 = CARTESIAN_POINT('',(-3.125,4.5,0.99));
#5087 = VECTOR('',#5088,1.);
#5088 = DIRECTION('',(0.,0.,1.));
#5089 = PCURVE('',#4983,#5090);
#5090 = DEFINITIONAL_REPRESENTATION('',(#5091),#5095);
#5091 = LINE('',#5092,#5093);
#5092 = CARTESIAN_POINT('',(6.28318530718,-0.));
#5093 = VECTOR('',#5094,1.);
#5094 = DIRECTION('',(0.,1.));
#5095 = ( GEOMETRIC_REPRESENTATION_CONTEXT(2) 
PARAMETRIC_REPRESENTATION_CONTEXT() REPRESENTATION_CONTEXT('2D SPACE',''
  ) );
#5096 = PCURVE('',#4983,#5097);
#5097 = DEFINITIONAL_REPRESENTATION('',(#5098),#5102);
#5098 = LINE('',#5099,#5100);
#5099 = CARTESIAN_POINT('',(0.,-0.));
#5100 = VECTOR('',#5101,1.);
#5101 = DIRECTION('',(0.,1.));
#5102 = ( GEOMETRIC_REPRESENTATION_CONTEXT(2) 
PARAMETRIC_REPRESENTATION_CONTEXT() REPRESENTATION_CONTEXT('2D SPACE',''
  ) );
#5103 = ORIENTED_EDGE('',*,*,#4966,.F.);
#5104 = ORIENTED_EDGE('',*,*,#5081,.F.);
#5105 = ORIENTED_EDGE('',*,*,#5106,.T.);
#5106 = EDGE_CURVE('',#5082,#5082,#5107,.T.);
#5107 = SURFACE_CURVE('',#5108,(#5113,#5120),.PCURVE_S1.);
#5108 = CIRCLE('',#5109,0.625);
#5109 = AXIS2_PLACEMENT_3D('',#5110,#5111,#5112);
#5110 = CARTESIAN_POINT('',(-3.75,4.5,0.99));
#5111 = DIRECTION('',(0.,0.,1.));
#5112 = DIRECTION('',(1.,0.,0.));
#5113 = PCURVE('',#4983,#5114);
#5114 = DEFINITIONAL_REPRESENTATION('',(#5115),#5119);
#5115 = LINE('',#5116,#5117);
#5116 = CARTESIAN_POINT('',(0.,0.));
#5117 = VECTOR('',#5118,1.);
#5118 = DIRECTION('',(1.,0.));
#5119 = ( GEOMETRIC_REPRESENTATION_CONTEXT(2) 
PARAMETRIC_REPRESENTATION_CONTEXT() REPRESENTATION_CONTEXT('2D SPACE',''
  ) );
#5120 = PCURVE('',#5121,#5126);
#5121 = PLANE('',#5122);
#5122 = AXIS2_PLACEMENT_3D('',#5123,#5124,#5125);
#5123 = CARTESIAN_POINT('',(-3.75,4.5,0.99));
#5124 = DIRECTION('',(0.,0.,1.));
#5125 = DIRECTION('',(1.,0.,0.));
#5126 = DEFINITIONAL_REPRESENTATION('',(#5127),#5131);
#5127 = CIRCLE('',#5128,0.625);
#5128 = AXIS2_PLACEMENT_2D('',#5129,#5130);
#5129 = CARTESIAN_POINT('',(0.,0.));
#5130 = DIRECTION('',(1.,0.));
#5131 = ( GEOMETRIC_REPRESENTATION_CONTEXT(2) 
PARAMETRIC_REPRESENTATION_CONTEXT() REPRESENTATION_CONTEXT('2D SPACE',''
  ) );
#5132 = ADVANCED_FACE('',(#5133),#5121,.T.);
#5133 = FACE_BOUND('',#5134,.F.);
#5134 = EDGE_LOOP('',(#5135));
#5135 = ORIENTED_EDGE('',*,*,#5106,.F.);
#5136 = ( GEOMETRIC_REPRESENTATION_CONTEXT(3) 
GLOBAL_UNCERTAINTY_ASSIGNED_CONTEXT((#5140)) 
GLOBAL_UNIT_ASSIGNED_CONTEXT((#5137,#5138,#5139)) REPRESENTATION_CONTEXT
('Context #1','3D Context with UNIT and UNCERTAINTY') );
#5137 = ( LENGTH_UNIT() NAMED_UNIT(*) SI_UNIT(.MILLI.,.METRE.) );
#5138 = ( NAMED_UNIT(*) PLANE_ANGLE_UNIT() SI_UNIT($,.RADIAN.) );
#5139 = ( NAMED_UNIT(*) SI_UNIT($,.STERADIAN.) SOLID_ANGLE_UNIT() );
#5140 = UNCERTAINTY_MEASURE_WITH_UNIT(LENGTH_MEASURE(1.E-07),#5137,
  'distance_accuracy_value','confusion accuracy');
#5141 = SHAPE_DEFINITION_REPRESENTATION(#5142,#4715);
#5142 = PRODUCT_DEFINITION_SHAPE('','',#5143);
#5143 = PRODUCT_DEFINITION('design','',#5144,#5147);
#5144 = PRODUCT_DEFINITION_FORMATION('','',#5145);
#5145 = PRODUCT('Body','Body','',(#5146));
#5146 = PRODUCT_CONTEXT('',#2,'mechanical');
#5147 = PRODUCT_DEFINITION_CONTEXT('part definition',#2,'design');
#5148 = CONTEXT_DEPENDENT_SHAPE_REPRESENTATION(#5149,#5151);
#5149 = ( REPRESENTATION_RELATIONSHIP('','',#4715,#10) 
REPRESENTATION_RELATIONSHIP_WITH_TRANSFORMATION(#5150) 
SHAPE_REPRESENTATION_RELATIONSHIP() );
#5150 = ITEM_DEFINED_TRANSFORMATION('','',#11,#551);
#5151 = PRODUCT_DEFINITION_SHAPE('Placement','Placement of an item',
  #5152);
#5152 = NEXT_ASSEMBLY_USAGE_OCCURRENCE('135','=>[0:1:1:136]','',#5,#5143
  ,$);
#5153 = PRODUCT_RELATED_PRODUCT_CATEGORY('part',$,(#5145));
#5154 = MECHANICAL_DESIGN_GEOMETRIC_PRESENTATION_REPRESENTATION('',(
    #5155),#4139);
#5155 = STYLED_ITEM('color',(#5156),#4127);
#5156 = PRESENTATION_STYLE_ASSIGNMENT((#5157,#5163));
#5157 = SURFACE_STYLE_USAGE(.BOTH.,#5158);
#5158 = SURFACE_SIDE_STYLE('',(#5159));
#5159 = SURFACE_STYLE_FILL_AREA(#5160);
#5160 = FILL_AREA_STYLE('',(#5161));
#5161 = FILL_AREA_STYLE_COLOUR('',#5162);
#5162 = COLOUR_RGB('',0.73400002718,0.773000001907,0.79699999094);
#5163 = CURVE_STYLE('',#5164,POSITIVE_LENGTH_MEASURE(0.1),#5162);
#5164 = DRAUGHTING_PRE_DEFINED_CURVE_FONT('continuous');
#5165 = MECHANICAL_DESIGN_GEOMETRIC_PRESENTATION_REPRESENTATION('',(
    #5166),#1411);
#5166 = STYLED_ITEM('color',(#5167),#1399);
#5167 = PRESENTATION_STYLE_ASSIGNMENT((#5168,#5173));
#5168 = SURFACE_STYLE_USAGE(.BOTH.,#5169);
#5169 = SURFACE_SIDE_STYLE('',(#5170));
#5170 = SURFACE_STYLE_FILL_AREA(#5171);
#5171 = FILL_AREA_STYLE('',(#5172));
#5172 = FILL_AREA_STYLE_COLOUR('',#5162);
#5173 = CURVE_STYLE('',#5174,POSITIVE_LENGTH_MEASURE(0.1),#5162);
#5174 = DRAUGHTING_PRE_DEFINED_CURVE_FONT('continuous');
#5175 = MECHANICAL_DESIGN_GEOMETRIC_PRESENTATION_REPRESENTATION('',(
    #5176),#1845);
#5176 = STYLED_ITEM('color',(#5177),#1833);
#5177 = PRESENTATION_STYLE_ASSIGNMENT((#5178,#5183));
#5178 = SURFACE_STYLE_USAGE(.BOTH.,#5179);
#5179 = SURFACE_SIDE_STYLE('',(#5180));
#5180 = SURFACE_STYLE_FILL_AREA(#5181);
#5181 = FILL_AREA_STYLE('',(#5182));
#5182 = FILL_AREA_STYLE_COLOUR('',#5162);
#5183 = CURVE_STYLE('',#5184,POSITIVE_LENGTH_MEASURE(0.1),#5162);
#5184 = DRAUGHTING_PRE_DEFINED_CURVE_FONT('continuous');
#5185 = MECHANICAL_DESIGN_GEOMETRIC_PRESENTATION_REPRESENTATION('',(
    #5186),#915);
#5186 = STYLED_ITEM('color',(#5187),#903);
#5187 = PRESENTATION_STYLE_ASSIGNMENT((#5188,#5193));
#5188 = SURFACE_STYLE_USAGE(.BOTH.,#5189);
#5189 = SURFACE_SIDE_STYLE('',(#5190));
#5190 = SURFACE_STYLE_FILL_AREA(#5191);
#5191 = FILL_AREA_STYLE('',(#5192));
#5192 = FILL_AREA_STYLE_COLOUR('',#5162);
#5193 = CURVE_STYLE('',#5194,POSITIVE_LENGTH_MEASURE(0.1),#5162);
#5194 = DRAUGHTING_PRE_DEFINED_CURVE_FONT('continuous');
#5195 = MECHANICAL_DESIGN_GEOMETRIC_PRESENTATION_REPRESENTATION('',(
    #5196),#1597);
#5196 = STYLED_ITEM('color',(#5197),#1585);
#5197 = PRESENTATION_STYLE_ASSIGNMENT((#5198,#5203));
#5198 = SURFACE_STYLE_USAGE(.BOTH.,#5199);
#5199 = SURFACE_SIDE_STYLE('',(#5200));
#5200 = SURFACE_STYLE_FILL_AREA(#5201);
#5201 = FILL_AREA_STYLE('',(#5202));
#5202 = FILL_AREA_STYLE_COLOUR('',#5162);
#5203 = CURVE_STYLE('',#5204,POSITIVE_LENGTH_MEASURE(0.1),#5162);
#5204 = DRAUGHTING_PRE_DEFINED_CURVE_FONT('continuous');
#5205 = MECHANICAL_DESIGN_GEOMETRIC_PRESENTATION_REPRESENTATION('',(
    #5206),#2620);
#5206 = STYLED_ITEM('color',(#5207),#2608);
#5207 = PRESENTATION_STYLE_ASSIGNMENT((#5208,#5213));
#5208 = SURFACE_STYLE_USAGE(.BOTH.,#5209);
#5209 = SURFACE_SIDE_STYLE('',(#5210));
#5210 = SURFACE_STYLE_FILL_AREA(#5211);
#5211 = FILL_AREA_STYLE('',(#5212));
#5212 = FILL_AREA_STYLE_COLOUR('',#5162);
#5213 = CURVE_STYLE('',#5214,POSITIVE_LENGTH_MEASURE(0.1),#5162);
#5214 = DRAUGHTING_PRE_DEFINED_CURVE_FONT('continuous');
#5215 = MECHANICAL_DESIGN_GEOMETRIC_PRESENTATION_REPRESENTATION('',(
    #5216),#1628);
#5216 = STYLED_ITEM('color',(#5217),#1616);
#5217 = PRESENTATION_STYLE_ASSIGNMENT((#5218,#5223));
#5218 = SURFACE_STYLE_USAGE(.BOTH.,#5219);
#5219 = SURFACE_SIDE_STYLE('',(#5220));
#5220 = SURFACE_STYLE_FILL_AREA(#5221);
#5221 = FILL_AREA_STYLE('',(#5222));
#5222 = FILL_AREA_STYLE_COLOUR('',#5162);
#5223 = CURVE_STYLE('',#5224,POSITIVE_LENGTH_MEASURE(0.1),#5162);
#5224 = DRAUGHTING_PRE_DEFINED_CURVE_FONT('continuous');
#5225 = MECHANICAL_DESIGN_GEOMETRIC_PRESENTATION_REPRESENTATION('',(
    #5226),#574);
#5226 = STYLED_ITEM('color',(#5227),#562);
#5227 = PRESENTATION_STYLE_ASSIGNMENT((#5228,#5233));
#5228 = SURFACE_STYLE_USAGE(.BOTH.,#5229);
#5229 = SURFACE_SIDE_STYLE('',(#5230));
#5230 = SURFACE_STYLE_FILL_AREA(#5231);
#5231 = FILL_AREA_STYLE('',(#5232));
#5232 = FILL_AREA_STYLE_COLOUR('',#5162);
#5233 = CURVE_STYLE('',#5234,POSITIVE_LENGTH_MEASURE(0.1),#5162);
#5234 = DRAUGHTING_PRE_DEFINED_CURVE_FONT('continuous');
#5235 = MECHANICAL_DESIGN_GEOMETRIC_PRESENTATION_REPRESENTATION('',(
    #5236),#4294);
#5236 = STYLED_ITEM('color',(#5237),#4282);
#5237 = PRESENTATION_STYLE_ASSIGNMENT((#5238,#5243));
#5238 = SURFACE_STYLE_USAGE(.BOTH.,#5239);
#5239 = SURFACE_SIDE_STYLE('',(#5240));
#5240 = SURFACE_STYLE_FILL_AREA(#5241);
#5241 = FILL_AREA_STYLE('',(#5242));
#5242 = FILL_AREA_STYLE_COLOUR('',#5162);
#5243 = CURVE_STYLE('',#5244,POSITIVE_LENGTH_MEASURE(0.1),#5162);
#5244 = DRAUGHTING_PRE_DEFINED_CURVE_FONT('continuous');
#5245 = MECHANICAL_DESIGN_GEOMETRIC_PRESENTATION_REPRESENTATION('',(
    #5246),#1008);
#5246 = STYLED_ITEM('color',(#5247),#996);
#5247 = PRESENTATION_STYLE_ASSIGNMENT((#5248,#5253));
#5248 = SURFACE_STYLE_USAGE(.BOTH.,#5249);
#5249 = SURFACE_SIDE_STYLE('',(#5250));
#5250 = SURFACE_STYLE_FILL_AREA(#5251);
#5251 = FILL_AREA_STYLE('',(#5252));
#5252 = FILL_AREA_STYLE_COLOUR('',#5162);
#5253 = CURVE_STYLE('',#5254,POSITIVE_LENGTH_MEASURE(0.1),#5162);
#5254 = DRAUGHTING_PRE_DEFINED_CURVE_FONT('continuous');
#5255 = MECHANICAL_DESIGN_GEOMETRIC_PRESENTATION_REPRESENTATION('',(
    #5256),#2434);
#5256 = STYLED_ITEM('color',(#5257),#2422);
#5257 = PRESENTATION_STYLE_ASSIGNMENT((#5258,#5263));
#5258 = SURFACE_STYLE_USAGE(.BOTH.,#5259);
#5259 = SURFACE_SIDE_STYLE('',(#5260));
#5260 = SURFACE_STYLE_FILL_AREA(#5261);
#5261 = FILL_AREA_STYLE('',(#5262));
#5262 = FILL_AREA_STYLE_COLOUR('',#5162);
#5263 = CURVE_STYLE('',#5264,POSITIVE_LENGTH_MEASURE(0.1),#5162);
#5264 = DRAUGHTING_PRE_DEFINED_CURVE_FONT('continuous');
#5265 = MECHANICAL_DESIGN_GEOMETRIC_PRESENTATION_REPRESENTATION('',(
    #5266),#2465);
#5266 = STYLED_ITEM('color',(#5267),#2453);
#5267 = PRESENTATION_STYLE_ASSIGNMENT((#5268,#5273));
#5268 = SURFACE_STYLE_USAGE(.BOTH.,#5269);
#5269 = SURFACE_SIDE_STYLE('',(#5270));
#5270 = SURFACE_STYLE_FILL_AREA(#5271);
#5271 = FILL_AREA_STYLE('',(#5272));
#5272 = FILL_AREA_STYLE_COLOUR('',#5162);
#5273 = CURVE_STYLE('',#5274,POSITIVE_LENGTH_MEASURE(0.1),#5162);
#5274 = DRAUGHTING_PRE_DEFINED_CURVE_FONT('continuous');
#5275 = MECHANICAL_DESIGN_GEOMETRIC_PRESENTATION_REPRESENTATION('',(
    #5276),#3457);
#5276 = STYLED_ITEM('color',(#5277),#3445);
#5277 = PRESENTATION_STYLE_ASSIGNMENT((#5278,#5283));
#5278 = SURFACE_STYLE_USAGE(.BOTH.,#5279);
#5279 = SURFACE_SIDE_STYLE('',(#5280));
#5280 = SURFACE_STYLE_FILL_AREA(#5281);
#5281 = FILL_AREA_STYLE('',(#5282));
#5282 = FILL_AREA_STYLE_COLOUR('',#5162);
#5283 = CURVE_STYLE('',#5284,POSITIVE_LENGTH_MEASURE(0.1),#5162);
#5284 = DRAUGHTING_PRE_DEFINED_CURVE_FONT('continuous');
#5285 = MECHANICAL_DESIGN_GEOMETRIC_PRESENTATION_REPRESENTATION('',(
    #5286),#3860);
#5286 = STYLED_ITEM('color',(#5287),#3848);
#5287 = PRESENTATION_STYLE_ASSIGNMENT((#5288,#5293));
#5288 = SURFACE_STYLE_USAGE(.BOTH.,#5289);
#5289 = SURFACE_SIDE_STYLE('',(#5290));
#5290 = SURFACE_STYLE_FILL_AREA(#5291);
#5291 = FILL_AREA_STYLE('',(#5292));
#5292 = FILL_AREA_STYLE_COLOUR('',#5162);
#5293 = CURVE_STYLE('',#5294,POSITIVE_LENGTH_MEASURE(0.1),#5162);
#5294 = DRAUGHTING_PRE_DEFINED_CURVE_FONT('continuous');
#5295 = MECHANICAL_DESIGN_GEOMETRIC_PRESENTATION_REPRESENTATION('',(
    #5296),#1876);
#5296 = STYLED_ITEM('color',(#5297),#1864);
#5297 = PRESENTATION_STYLE_ASSIGNMENT((#5298,#5303));
#5298 = SURFACE_STYLE_USAGE(.BOTH.,#5299);
#5299 = SURFACE_SIDE_STYLE('',(#5300));
#5300 = SURFACE_STYLE_FILL_AREA(#5301);
#5301 = FILL_AREA_STYLE('',(#5302));
#5302 = FILL_AREA_STYLE_COLOUR('',#5162);
#5303 = CURVE_STYLE('',#5304,POSITIVE_LENGTH_MEASURE(0.1),#5162);
#5304 = DRAUGHTING_PRE_DEFINED_CURVE_FONT('continuous');
#5305 = MECHANICAL_DESIGN_GEOMETRIC_PRESENTATION_REPRESENTATION('',(
    #5306),#1473);
#5306 = STYLED_ITEM('color',(#5307),#1461);
#5307 = PRESENTATION_STYLE_ASSIGNMENT((#5308,#5313));
#5308 = SURFACE_STYLE_USAGE(.BOTH.,#5309);
#5309 = SURFACE_SIDE_STYLE('',(#5310));
#5310 = SURFACE_STYLE_FILL_AREA(#5311);
#5311 = FILL_AREA_STYLE('',(#5312));
#5312 = FILL_AREA_STYLE_COLOUR('',#5162);
#5313 = CURVE_STYLE('',#5314,POSITIVE_LENGTH_MEASURE(0.1),#5162);
#5314 = DRAUGHTING_PRE_DEFINED_CURVE_FONT('continuous');
#5315 = MECHANICAL_DESIGN_GEOMETRIC_PRESENTATION_REPRESENTATION('',(
    #5316),#605);
#5316 = STYLED_ITEM('color',(#5317),#593);
#5317 = PRESENTATION_STYLE_ASSIGNMENT((#5318,#5323));
#5318 = SURFACE_STYLE_USAGE(.BOTH.,#5319);
#5319 = SURFACE_SIDE_STYLE('',(#5320));
#5320 = SURFACE_STYLE_FILL_AREA(#5321);
#5321 = FILL_AREA_STYLE('',(#5322));
#5322 = FILL_AREA_STYLE_COLOUR('',#5162);
#5323 = CURVE_STYLE('',#5324,POSITIVE_LENGTH_MEASURE(0.1),#5162);
#5324 = DRAUGHTING_PRE_DEFINED_CURVE_FONT('continuous');
#5325 = MECHANICAL_DESIGN_GEOMETRIC_PRESENTATION_REPRESENTATION('',(
    #5326),#1783);
#5326 = STYLED_ITEM('color',(#5327),#1771);
#5327 = PRESENTATION_STYLE_ASSIGNMENT((#5328,#5333));
#5328 = SURFACE_STYLE_USAGE(.BOTH.,#5329);
#5329 = SURFACE_SIDE_STYLE('',(#5330));
#5330 = SURFACE_STYLE_FILL_AREA(#5331);
#5331 = FILL_AREA_STYLE('',(#5332));
#5332 = FILL_AREA_STYLE_COLOUR('',#5162);
#5333 = CURVE_STYLE('',#5334,POSITIVE_LENGTH_MEASURE(0.1),#5162);
#5334 = DRAUGHTING_PRE_DEFINED_CURVE_FONT('continuous');
#5335 = MECHANICAL_DESIGN_GEOMETRIC_PRESENTATION_REPRESENTATION('',(
    #5336),#3333);
#5336 = STYLED_ITEM('color',(#5337),#3321);
#5337 = PRESENTATION_STYLE_ASSIGNMENT((#5338,#5343));
#5338 = SURFACE_STYLE_USAGE(.BOTH.,#5339);
#5339 = SURFACE_SIDE_STYLE('',(#5340));
#5340 = SURFACE_STYLE_FILL_AREA(#5341);
#5341 = FILL_AREA_STYLE('',(#5342));
#5342 = FILL_AREA_STYLE_COLOUR('',#5162);
#5343 = CURVE_STYLE('',#5344,POSITIVE_LENGTH_MEASURE(0.1),#5162);
#5344 = DRAUGHTING_PRE_DEFINED_CURVE_FONT('continuous');
#5345 = MECHANICAL_DESIGN_GEOMETRIC_PRESENTATION_REPRESENTATION('',(
    #5346),#2341);
#5346 = STYLED_ITEM('color',(#5347),#2329);
#5347 = PRESENTATION_STYLE_ASSIGNMENT((#5348,#5353));
#5348 = SURFACE_STYLE_USAGE(.BOTH.,#5349);
#5349 = SURFACE_SIDE_STYLE('',(#5350));
#5350 = SURFACE_STYLE_FILL_AREA(#5351);
#5351 = FILL_AREA_STYLE('',(#5352));
#5352 = FILL_AREA_STYLE_COLOUR('',#5162);
#5353 = CURVE_STYLE('',#5354,POSITIVE_LENGTH_MEASURE(0.1),#5162);
#5354 = DRAUGHTING_PRE_DEFINED_CURVE_FONT('continuous');
#5355 = MECHANICAL_DESIGN_GEOMETRIC_PRESENTATION_REPRESENTATION('',(
    #5356),#1194);
#5356 = STYLED_ITEM('color',(#5357),#1182);
#5357 = PRESENTATION_STYLE_ASSIGNMENT((#5358,#5363));
#5358 = SURFACE_STYLE_USAGE(.BOTH.,#5359);
#5359 = SURFACE_SIDE_STYLE('',(#5360));
#5360 = SURFACE_STYLE_FILL_AREA(#5361);
#5361 = FILL_AREA_STYLE('',(#5362));
#5362 = FILL_AREA_STYLE_COLOUR('',#5162);
#5363 = CURVE_STYLE('',#5364,POSITIVE_LENGTH_MEASURE(0.1),#5162);
#5364 = DRAUGHTING_PRE_DEFINED_CURVE_FONT('continuous');
#5365 = MECHANICAL_DESIGN_GEOMETRIC_PRESENTATION_REPRESENTATION('',(
    #5366),#698);
#5366 = STYLED_ITEM('color',(#5367),#686);
#5367 = PRESENTATION_STYLE_ASSIGNMENT((#5368,#5373));
#5368 = SURFACE_STYLE_USAGE(.BOTH.,#5369);
#5369 = SURFACE_SIDE_STYLE('',(#5370));
#5370 = SURFACE_STYLE_FILL_AREA(#5371);
#5371 = FILL_AREA_STYLE('',(#5372));
#5372 = FILL_AREA_STYLE_COLOUR('',#5162);
#5373 = CURVE_STYLE('',#5374,POSITIVE_LENGTH_MEASURE(0.1),#5162);
#5374 = DRAUGHTING_PRE_DEFINED_CURVE_FONT('continuous');
#5375 = MECHANICAL_DESIGN_GEOMETRIC_PRESENTATION_REPRESENTATION('',(
    #5376),#2031);
#5376 = STYLED_ITEM('color',(#5377),#2019);
#5377 = PRESENTATION_STYLE_ASSIGNMENT((#5378,#5383));
#5378 = SURFACE_STYLE_USAGE(.BOTH.,#5379);
#5379 = SURFACE_SIDE_STYLE('',(#5380));
#5380 = SURFACE_STYLE_FILL_AREA(#5381);
#5381 = FILL_AREA_STYLE('',(#5382));
#5382 = FILL_AREA_STYLE_COLOUR('',#5162);
#5383 = CURVE_STYLE('',#5384,POSITIVE_LENGTH_MEASURE(0.1),#5162);
#5384 = DRAUGHTING_PRE_DEFINED_CURVE_FONT('continuous');
#5385 = MECHANICAL_DESIGN_GEOMETRIC_PRESENTATION_REPRESENTATION('',(
    #5386),#977);
#5386 = STYLED_ITEM('color',(#5387),#965);
#5387 = PRESENTATION_STYLE_ASSIGNMENT((#5388,#5393));
#5388 = SURFACE_STYLE_USAGE(.BOTH.,#5389);
#5389 = SURFACE_SIDE_STYLE('',(#5390));
#5390 = SURFACE_STYLE_FILL_AREA(#5391);
#5391 = FILL_AREA_STYLE('',(#5392));
#5392 = FILL_AREA_STYLE_COLOUR('',#5162);
#5393 = CURVE_STYLE('',#5394,POSITIVE_LENGTH_MEASURE(0.1),#5162);
#5394 = DRAUGHTING_PRE_DEFINED_CURVE_FONT('continuous');
#5395 = MECHANICAL_DESIGN_GEOMETRIC_PRESENTATION_REPRESENTATION('',(
    #5396),#2682);
#5396 = STYLED_ITEM('color',(#5397),#2670);
#5397 = PRESENTATION_STYLE_ASSIGNMENT((#5398,#5403));
#5398 = SURFACE_STYLE_USAGE(.BOTH.,#5399);
#5399 = SURFACE_SIDE_STYLE('',(#5400));
#5400 = SURFACE_STYLE_FILL_AREA(#5401);
#5401 = FILL_AREA_STYLE('',(#5402));
#5402 = FILL_AREA_STYLE_COLOUR('',#5162);
#5403 = CURVE_STYLE('',#5404,POSITIVE_LENGTH_MEASURE(0.1),#5162);
#5404 = DRAUGHTING_PRE_DEFINED_CURVE_FONT('continuous');
#5405 = MECHANICAL_DESIGN_GEOMETRIC_PRESENTATION_REPRESENTATION('',(
    #5406),#1070);
#5406 = STYLED_ITEM('color',(#5407),#1058);
#5407 = PRESENTATION_STYLE_ASSIGNMENT((#5408,#5413));
#5408 = SURFACE_STYLE_USAGE(.BOTH.,#5409);
#5409 = SURFACE_SIDE_STYLE('',(#5410));
#5410 = SURFACE_STYLE_FILL_AREA(#5411);
#5411 = FILL_AREA_STYLE('',(#5412));
#5412 = FILL_AREA_STYLE_COLOUR('',#5162);
#5413 = CURVE_STYLE('',#5414,POSITIVE_LENGTH_MEASURE(0.1),#5162);
#5414 = DRAUGHTING_PRE_DEFINED_CURVE_FONT('continuous');
#5415 = MECHANICAL_DESIGN_GEOMETRIC_PRESENTATION_REPRESENTATION('',(
    #5416),#822);
#5416 = STYLED_ITEM('color',(#5417),#810);
#5417 = PRESENTATION_STYLE_ASSIGNMENT((#5418,#5423));
#5418 = SURFACE_STYLE_USAGE(.BOTH.,#5419);
#5419 = SURFACE_SIDE_STYLE('',(#5420));
#5420 = SURFACE_STYLE_FILL_AREA(#5421);
#5421 = FILL_AREA_STYLE('',(#5422));
#5422 = FILL_AREA_STYLE_COLOUR('',#5162);
#5423 = CURVE_STYLE('',#5424,POSITIVE_LENGTH_MEASURE(0.1),#5162);
#5424 = DRAUGHTING_PRE_DEFINED_CURVE_FONT('continuous');
#5425 = MECHANICAL_DESIGN_GEOMETRIC_PRESENTATION_REPRESENTATION('',(
    #5426),#3705);
#5426 = STYLED_ITEM('color',(#5427),#3693);
#5427 = PRESENTATION_STYLE_ASSIGNMENT((#5428,#5433));
#5428 = SURFACE_STYLE_USAGE(.BOTH.,#5429);
#5429 = SURFACE_SIDE_STYLE('',(#5430));
#5430 = SURFACE_STYLE_FILL_AREA(#5431);
#5431 = FILL_AREA_STYLE('',(#5432));
#5432 = FILL_AREA_STYLE_COLOUR('',#5162);
#5433 = CURVE_STYLE('',#5434,POSITIVE_LENGTH_MEASURE(0.1),#5162);
#5434 = DRAUGHTING_PRE_DEFINED_CURVE_FONT('continuous');
#5435 = MECHANICAL_DESIGN_GEOMETRIC_PRESENTATION_REPRESENTATION('',(
    #5436),#3798);
#5436 = STYLED_ITEM('color',(#5437),#3786);
#5437 = PRESENTATION_STYLE_ASSIGNMENT((#5438,#5443));
#5438 = SURFACE_STYLE_USAGE(.BOTH.,#5439);
#5439 = SURFACE_SIDE_STYLE('',(#5440));
#5440 = SURFACE_STYLE_FILL_AREA(#5441);
#5441 = FILL_AREA_STYLE('',(#5442));
#5442 = FILL_AREA_STYLE_COLOUR('',#5162);
#5443 = CURVE_STYLE('',#5444,POSITIVE_LENGTH_MEASURE(0.1),#5162);
#5444 = DRAUGHTING_PRE_DEFINED_CURVE_FONT('continuous');
#5445 = MECHANICAL_DESIGN_GEOMETRIC_PRESENTATION_REPRESENTATION('',(
    #5446),#3612);
#5446 = STYLED_ITEM('color',(#5447),#3600);
#5447 = PRESENTATION_STYLE_ASSIGNMENT((#5448,#5453));
#5448 = SURFACE_STYLE_USAGE(.BOTH.,#5449);
#5449 = SURFACE_SIDE_STYLE('',(#5450));
#5450 = SURFACE_STYLE_FILL_AREA(#5451);
#5451 = FILL_AREA_STYLE('',(#5452));
#5452 = FILL_AREA_STYLE_COLOUR('',#5162);
#5453 = CURVE_STYLE('',#5454,POSITIVE_LENGTH_MEASURE(0.1),#5162);
#5454 = DRAUGHTING_PRE_DEFINED_CURVE_FONT('continuous');
#5455 = MECHANICAL_DESIGN_GEOMETRIC_PRESENTATION_REPRESENTATION('',(
    #5456),#3984);
#5456 = STYLED_ITEM('color',(#5457),#3972);
#5457 = PRESENTATION_STYLE_ASSIGNMENT((#5458,#5463));
#5458 = SURFACE_STYLE_USAGE(.BOTH.,#5459);
#5459 = SURFACE_SIDE_STYLE('',(#5460));
#5460 = SURFACE_STYLE_FILL_AREA(#5461);
#5461 = FILL_AREA_STYLE('',(#5462));
#5462 = FILL_AREA_STYLE_COLOUR('',#5162);
#5463 = CURVE_STYLE('',#5464,POSITIVE_LENGTH_MEASURE(0.1),#5162);
#5464 = DRAUGHTING_PRE_DEFINED_CURVE_FONT('continuous');
#5465 = MECHANICAL_DESIGN_GEOMETRIC_PRESENTATION_REPRESENTATION('',(
    #5466),#3922);
#5466 = STYLED_ITEM('color',(#5467),#3910);
#5467 = PRESENTATION_STYLE_ASSIGNMENT((#5468,#5473));
#5468 = SURFACE_STYLE_USAGE(.BOTH.,#5469);
#5469 = SURFACE_SIDE_STYLE('',(#5470));
#5470 = SURFACE_STYLE_FILL_AREA(#5471);
#5471 = FILL_AREA_STYLE('',(#5472));
#5472 = FILL_AREA_STYLE_COLOUR('',#5162);
#5473 = CURVE_STYLE('',#5474,POSITIVE_LENGTH_MEASURE(0.1),#5162);
#5474 = DRAUGHTING_PRE_DEFINED_CURVE_FONT('continuous');
#5475 = MECHANICAL_DESIGN_GEOMETRIC_PRESENTATION_REPRESENTATION('',(
    #5476),#760);
#5476 = STYLED_ITEM('color',(#5477),#748);
#5477 = PRESENTATION_STYLE_ASSIGNMENT((#5478,#5483));
#5478 = SURFACE_STYLE_USAGE(.BOTH.,#5479);
#5479 = SURFACE_SIDE_STYLE('',(#5480));
#5480 = SURFACE_STYLE_FILL_AREA(#5481);
#5481 = FILL_AREA_STYLE('',(#5482));
#5482 = FILL_AREA_STYLE_COLOUR('',#5162);
#5483 = CURVE_STYLE('',#5484,POSITIVE_LENGTH_MEASURE(0.1),#5162);
#5484 = DRAUGHTING_PRE_DEFINED_CURVE_FONT('continuous');
#5485 = MECHANICAL_DESIGN_GEOMETRIC_PRESENTATION_REPRESENTATION('',(
    #5486),#1163);
#5486 = STYLED_ITEM('color',(#5487),#1151);
#5487 = PRESENTATION_STYLE_ASSIGNMENT((#5488,#5493));
#5488 = SURFACE_STYLE_USAGE(.BOTH.,#5489);
#5489 = SURFACE_SIDE_STYLE('',(#5490));
#5490 = SURFACE_STYLE_FILL_AREA(#5491);
#5491 = FILL_AREA_STYLE('',(#5492));
#5492 = FILL_AREA_STYLE_COLOUR('',#5162);
#5493 = CURVE_STYLE('',#5494,POSITIVE_LENGTH_MEASURE(0.1),#5162);
#5494 = DRAUGHTING_PRE_DEFINED_CURVE_FONT('continuous');
#5495 = MECHANICAL_DESIGN_GEOMETRIC_PRESENTATION_REPRESENTATION('',(
    #5496),#1690);
#5496 = STYLED_ITEM('color',(#5497),#1678);
#5497 = PRESENTATION_STYLE_ASSIGNMENT((#5498,#5503));
#5498 = SURFACE_STYLE_USAGE(.BOTH.,#5499);
#5499 = SURFACE_SIDE_STYLE('',(#5500));
#5500 = SURFACE_STYLE_FILL_AREA(#5501);
#5501 = FILL_AREA_STYLE('',(#5502));
#5502 = FILL_AREA_STYLE_COLOUR('',#5162);
#5503 = CURVE_STYLE('',#5504,POSITIVE_LENGTH_MEASURE(0.1),#5162);
#5504 = DRAUGHTING_PRE_DEFINED_CURVE_FONT('continuous');
#5505 = MECHANICAL_DESIGN_GEOMETRIC_PRESENTATION_REPRESENTATION('',(
    #5506),#3519);
#5506 = STYLED_ITEM('color',(#5507),#3507);
#5507 = PRESENTATION_STYLE_ASSIGNMENT((#5508,#5513));
#5508 = SURFACE_STYLE_USAGE(.BOTH.,#5509);
#5509 = SURFACE_SIDE_STYLE('',(#5510));
#5510 = SURFACE_STYLE_FILL_AREA(#5511);
#5511 = FILL_AREA_STYLE('',(#5512));
#5512 = FILL_AREA_STYLE_COLOUR('',#5162);
#5513 = CURVE_STYLE('',#5514,POSITIVE_LENGTH_MEASURE(0.1),#5162);
#5514 = DRAUGHTING_PRE_DEFINED_CURVE_FONT('continuous');
#5515 = MECHANICAL_DESIGN_GEOMETRIC_PRESENTATION_REPRESENTATION('',(
    #5516),#3488);
#5516 = STYLED_ITEM('color',(#5517),#3476);
#5517 = PRESENTATION_STYLE_ASSIGNMENT((#5518,#5523));
#5518 = SURFACE_STYLE_USAGE(.BOTH.,#5519);
#5519 = SURFACE_SIDE_STYLE('',(#5520));
#5520 = SURFACE_STYLE_FILL_AREA(#5521);
#5521 = FILL_AREA_STYLE('',(#5522));
#5522 = FILL_AREA_STYLE_COLOUR('',#5162);
#5523 = CURVE_STYLE('',#5524,POSITIVE_LENGTH_MEASURE(0.1),#5162);
#5524 = DRAUGHTING_PRE_DEFINED_CURVE_FONT('continuous');
#5525 = MECHANICAL_DESIGN_GEOMETRIC_PRESENTATION_REPRESENTATION('',(
    #5526),#3147);
#5526 = STYLED_ITEM('color',(#5527),#3135);
#5527 = PRESENTATION_STYLE_ASSIGNMENT((#5528,#5533));
#5528 = SURFACE_STYLE_USAGE(.BOTH.,#5529);
#5529 = SURFACE_SIDE_STYLE('',(#5530));
#5530 = SURFACE_STYLE_FILL_AREA(#5531);
#5531 = FILL_AREA_STYLE('',(#5532));
#5532 = FILL_AREA_STYLE_COLOUR('',#5162);
#5533 = CURVE_STYLE('',#5534,POSITIVE_LENGTH_MEASURE(0.1),#5162);
#5534 = DRAUGHTING_PRE_DEFINED_CURVE_FONT('continuous');
#5535 = MECHANICAL_DESIGN_GEOMETRIC_PRESENTATION_REPRESENTATION('',(
    #5536),#853);
#5536 = STYLED_ITEM('color',(#5537),#841);
#5537 = PRESENTATION_STYLE_ASSIGNMENT((#5538,#5543));
#5538 = SURFACE_STYLE_USAGE(.BOTH.,#5539);
#5539 = SURFACE_SIDE_STYLE('',(#5540));
#5540 = SURFACE_STYLE_FILL_AREA(#5541);
#5541 = FILL_AREA_STYLE('',(#5542));
#5542 = FILL_AREA_STYLE_COLOUR('',#5162);
#5543 = CURVE_STYLE('',#5544,POSITIVE_LENGTH_MEASURE(0.1),#5162);
#5544 = DRAUGHTING_PRE_DEFINED_CURVE_FONT('continuous');
#5545 = MECHANICAL_DESIGN_GEOMETRIC_PRESENTATION_REPRESENTATION('',(
    #5546),#791);
#5546 = STYLED_ITEM('color',(#5547),#779);
#5547 = PRESENTATION_STYLE_ASSIGNMENT((#5548,#5553));
#5548 = SURFACE_STYLE_USAGE(.BOTH.,#5549);
#5549 = SURFACE_SIDE_STYLE('',(#5550));
#5550 = SURFACE_STYLE_FILL_AREA(#5551);
#5551 = FILL_AREA_STYLE('',(#5552));
#5552 = FILL_AREA_STYLE_COLOUR('',#5162);
#5553 = CURVE_STYLE('',#5554,POSITIVE_LENGTH_MEASURE(0.1),#5162);
#5554 = DRAUGHTING_PRE_DEFINED_CURVE_FONT('continuous');
#5555 = MECHANICAL_DESIGN_GEOMETRIC_PRESENTATION_REPRESENTATION('',(
    #5556),#3240);
#5556 = STYLED_ITEM('color',(#5557),#3228);
#5557 = PRESENTATION_STYLE_ASSIGNMENT((#5558,#5563));
#5558 = SURFACE_STYLE_USAGE(.BOTH.,#5559);
#5559 = SURFACE_SIDE_STYLE('',(#5560));
#5560 = SURFACE_STYLE_FILL_AREA(#5561);
#5561 = FILL_AREA_STYLE('',(#5562));
#5562 = FILL_AREA_STYLE_COLOUR('',#5162);
#5563 = CURVE_STYLE('',#5564,POSITIVE_LENGTH_MEASURE(0.1),#5162);
#5564 = DRAUGHTING_PRE_DEFINED_CURVE_FONT('continuous');
#5565 = MECHANICAL_DESIGN_GEOMETRIC_PRESENTATION_REPRESENTATION('',(
    #5566),#5136);
#5566 = STYLED_ITEM('color',(#5567),#4716);
#5567 = PRESENTATION_STYLE_ASSIGNMENT((#5568,#5574));
#5568 = SURFACE_STYLE_USAGE(.BOTH.,#5569);
#5569 = SURFACE_SIDE_STYLE('',(#5570));
#5570 = SURFACE_STYLE_FILL_AREA(#5571);
#5571 = FILL_AREA_STYLE('',(#5572));
#5572 = FILL_AREA_STYLE_COLOUR('',#5573);
#5573 = COLOUR_RGB('',0.300000011921,0.300000011921,0.300000011921);
#5574 = CURVE_STYLE('',#5575,POSITIVE_LENGTH_MEASURE(0.1),#5573);
#5575 = DRAUGHTING_PRE_DEFINED_CURVE_FONT('continuous');
#5576 = MECHANICAL_DESIGN_GEOMETRIC_PRESENTATION_REPRESENTATION('',(
    #5577),#4356);
#5577 = STYLED_ITEM('color',(#5578),#4344);
#5578 = PRESENTATION_STYLE_ASSIGNMENT((#5579,#5584));
#5579 = SURFACE_STYLE_USAGE(.BOTH.,#5580);
#5580 = SURFACE_SIDE_STYLE('',(#5581));
#5581 = SURFACE_STYLE_FILL_AREA(#5582);
#5582 = FILL_AREA_STYLE('',(#5583));
#5583 = FILL_AREA_STYLE_COLOUR('',#5162);
#5584 = CURVE_STYLE('',#5585,POSITIVE_LENGTH_MEASURE(0.1),#5162);
#5585 = DRAUGHTING_PRE_DEFINED_CURVE_FONT('continuous');
#5586 = MECHANICAL_DESIGN_GEOMETRIC_PRESENTATION_REPRESENTATION('',(
    #5587),#3178);
#5587 = STYLED_ITEM('color',(#5588),#3166);
#5588 = PRESENTATION_STYLE_ASSIGNMENT((#5589,#5594));
#5589 = SURFACE_STYLE_USAGE(.BOTH.,#5590);
#5590 = SURFACE_SIDE_STYLE('',(#5591));
#5591 = SURFACE_STYLE_FILL_AREA(#5592);
#5592 = FILL_AREA_STYLE('',(#5593));
#5593 = FILL_AREA_STYLE_COLOUR('',#5162);
#5594 = CURVE_STYLE('',#5595,POSITIVE_LENGTH_MEASURE(0.1),#5162);
#5595 = DRAUGHTING_PRE_DEFINED_CURVE_FONT('continuous');
#5596 = MECHANICAL_DESIGN_GEOMETRIC_PRESENTATION_REPRESENTATION('',(
    #5597),#2496);
#5597 = STYLED_ITEM('color',(#5598),#2484);
#5598 = PRESENTATION_STYLE_ASSIGNMENT((#5599,#5604));
#5599 = SURFACE_STYLE_USAGE(.BOTH.,#5600);
#5600 = SURFACE_SIDE_STYLE('',(#5601));
#5601 = SURFACE_STYLE_FILL_AREA(#5602);
#5602 = FILL_AREA_STYLE('',(#5603));
#5603 = FILL_AREA_STYLE_COLOUR('',#5162);
#5604 = CURVE_STYLE('',#5605,POSITIVE_LENGTH_MEASURE(0.1),#5162);
#5605 = DRAUGHTING_PRE_DEFINED_CURVE_FONT('continuous');
#5606 = MECHANICAL_DESIGN_GEOMETRIC_PRESENTATION_REPRESENTATION('',(
    #5607),#1566);
#5607 = STYLED_ITEM('color',(#5608),#1554);
#5608 = PRESENTATION_STYLE_ASSIGNMENT((#5609,#5614));
#5609 = SURFACE_STYLE_USAGE(.BOTH.,#5610);
#5610 = SURFACE_SIDE_STYLE('',(#5611));
#5611 = SURFACE_STYLE_FILL_AREA(#5612);
#5612 = FILL_AREA_STYLE('',(#5613));
#5613 = FILL_AREA_STYLE_COLOUR('',#5162);
#5614 = CURVE_STYLE('',#5615,POSITIVE_LENGTH_MEASURE(0.1),#5162);
#5615 = DRAUGHTING_PRE_DEFINED_CURVE_FONT('continuous');
#5616 = MECHANICAL_DESIGN_GEOMETRIC_PRESENTATION_REPRESENTATION('',(
    #5617),#729);
#5617 = STYLED_ITEM('color',(#5618),#717);
#5618 = PRESENTATION_STYLE_ASSIGNMENT((#5619,#5624));
#5619 = SURFACE_STYLE_USAGE(.BOTH.,#5620);
#5620 = SURFACE_SIDE_STYLE('',(#5621));
#5621 = SURFACE_STYLE_FILL_AREA(#5622);
#5622 = FILL_AREA_STYLE('',(#5623));
#5623 = FILL_AREA_STYLE_COLOUR('',#5162);
#5624 = CURVE_STYLE('',#5625,POSITIVE_LENGTH_MEASURE(0.1),#5162);
#5625 = DRAUGHTING_PRE_DEFINED_CURVE_FONT('continuous');
#5626 = MECHANICAL_DESIGN_GEOMETRIC_PRESENTATION_REPRESENTATION('',(
    #5627),#2744);
#5627 = STYLED_ITEM('color',(#5628),#2732);
#5628 = PRESENTATION_STYLE_ASSIGNMENT((#5629,#5634));
#5629 = SURFACE_STYLE_USAGE(.BOTH.,#5630);
#5630 = SURFACE_SIDE_STYLE('',(#5631));
#5631 = SURFACE_STYLE_FILL_AREA(#5632);
#5632 = FILL_AREA_STYLE('',(#5633));
#5633 = FILL_AREA_STYLE_COLOUR('',#5162);
#5634 = CURVE_STYLE('',#5635,POSITIVE_LENGTH_MEASURE(0.1),#5162);
#5635 = DRAUGHTING_PRE_DEFINED_CURVE_FONT('continuous');
#5636 = MECHANICAL_DESIGN_GEOMETRIC_PRESENTATION_REPRESENTATION('',(
    #5637),#2899);
#5637 = STYLED_ITEM('color',(#5638),#2887);
#5638 = PRESENTATION_STYLE_ASSIGNMENT((#5639,#5644));
#5639 = SURFACE_STYLE_USAGE(.BOTH.,#5640);
#5640 = SURFACE_SIDE_STYLE('',(#5641));
#5641 = SURFACE_STYLE_FILL_AREA(#5642);
#5642 = FILL_AREA_STYLE('',(#5643));
#5643 = FILL_AREA_STYLE_COLOUR('',#5162);
#5644 = CURVE_STYLE('',#5645,POSITIVE_LENGTH_MEASURE(0.1),#5162);
#5645 = DRAUGHTING_PRE_DEFINED_CURVE_FONT('continuous');
#5646 = MECHANICAL_DESIGN_GEOMETRIC_PRESENTATION_REPRESENTATION('',(
    #5647),#4263);
#5647 = STYLED_ITEM('color',(#5648),#4251);
#5648 = PRESENTATION_STYLE_ASSIGNMENT((#5649,#5654));
#5649 = SURFACE_STYLE_USAGE(.BOTH.,#5650);
#5650 = SURFACE_SIDE_STYLE('',(#5651));
#5651 = SURFACE_STYLE_FILL_AREA(#5652);
#5652 = FILL_AREA_STYLE('',(#5653));
#5653 = FILL_AREA_STYLE_COLOUR('',#5162);
#5654 = CURVE_STYLE('',#5655,POSITIVE_LENGTH_MEASURE(0.1),#5162);
#5655 = DRAUGHTING_PRE_DEFINED_CURVE_FONT('continuous');
#5656 = MECHANICAL_DESIGN_GEOMETRIC_PRESENTATION_REPRESENTATION('',(
    #5657),#2837);
#5657 = STYLED_ITEM('color',(#5658),#2825);
#5658 = PRESENTATION_STYLE_ASSIGNMENT((#5659,#5664));
#5659 = SURFACE_STYLE_USAGE(.BOTH.,#5660);
#5660 = SURFACE_SIDE_STYLE('',(#5661));
#5661 = SURFACE_STYLE_FILL_AREA(#5662);
#5662 = FILL_AREA_STYLE('',(#5663));
#5663 = FILL_AREA_STYLE_COLOUR('',#5162);
#5664 = CURVE_STYLE('',#5665,POSITIVE_LENGTH_MEASURE(0.1),#5162);
#5665 = DRAUGHTING_PRE_DEFINED_CURVE_FONT('continuous');
#5666 = MECHANICAL_DESIGN_GEOMETRIC_PRESENTATION_REPRESENTATION('',(
    #5667),#1938);
#5667 = STYLED_ITEM('color',(#5668),#1926);
#5668 = PRESENTATION_STYLE_ASSIGNMENT((#5669,#5674));
#5669 = SURFACE_STYLE_USAGE(.BOTH.,#5670);
#5670 = SURFACE_SIDE_STYLE('',(#5671));
#5671 = SURFACE_STYLE_FILL_AREA(#5672);
#5672 = FILL_AREA_STYLE('',(#5673));
#5673 = FILL_AREA_STYLE_COLOUR('',#5162);
#5674 = CURVE_STYLE('',#5675,POSITIVE_LENGTH_MEASURE(0.1),#5162);
#5675 = DRAUGHTING_PRE_DEFINED_CURVE_FONT('continuous');
#5676 = MECHANICAL_DESIGN_GEOMETRIC_PRESENTATION_REPRESENTATION('',(
    #5677),#4697);
#5677 = STYLED_ITEM('color',(#5678),#4685);
#5678 = PRESENTATION_STYLE_ASSIGNMENT((#5679,#5684));
#5679 = SURFACE_STYLE_USAGE(.BOTH.,#5680);
#5680 = SURFACE_SIDE_STYLE('',(#5681));
#5681 = SURFACE_STYLE_FILL_AREA(#5682);
#5682 = FILL_AREA_STYLE('',(#5683));
#5683 = FILL_AREA_STYLE_COLOUR('',#5162);
#5684 = CURVE_STYLE('',#5685,POSITIVE_LENGTH_MEASURE(0.1),#5162);
#5685 = DRAUGHTING_PRE_DEFINED_CURVE_FONT('continuous');
#5686 = MECHANICAL_DESIGN_GEOMETRIC_PRESENTATION_REPRESENTATION('',(
    #5687),#884);
#5687 = STYLED_ITEM('color',(#5688),#872);
#5688 = PRESENTATION_STYLE_ASSIGNMENT((#5689,#5694));
#5689 = SURFACE_STYLE_USAGE(.BOTH.,#5690);
#5690 = SURFACE_SIDE_STYLE('',(#5691));
#5691 = SURFACE_STYLE_FILL_AREA(#5692);
#5692 = FILL_AREA_STYLE('',(#5693));
#5693 = FILL_AREA_STYLE_COLOUR('',#5162);
#5694 = CURVE_STYLE('',#5695,POSITIVE_LENGTH_MEASURE(0.1),#5162);
#5695 = DRAUGHTING_PRE_DEFINED_CURVE_FONT('continuous');
#5696 = MECHANICAL_DESIGN_GEOMETRIC_PRESENTATION_REPRESENTATION('',(
    #5697),#2403);
#5697 = STYLED_ITEM('color',(#5698),#2391);
#5698 = PRESENTATION_STYLE_ASSIGNMENT((#5699,#5704));
#5699 = SURFACE_STYLE_USAGE(.BOTH.,#5700);
#5700 = SURFACE_SIDE_STYLE('',(#5701));
#5701 = SURFACE_STYLE_FILL_AREA(#5702);
#5702 = FILL_AREA_STYLE('',(#5703));
#5703 = FILL_AREA_STYLE_COLOUR('',#5162);
#5704 = CURVE_STYLE('',#5705,POSITIVE_LENGTH_MEASURE(0.1),#5162);
#5705 = DRAUGHTING_PRE_DEFINED_CURVE_FONT('continuous');
#5706 = MECHANICAL_DESIGN_GEOMETRIC_PRESENTATION_REPRESENTATION('',(
    #5707),#1039);
#5707 = STYLED_ITEM('color',(#5708),#1027);
#5708 = PRESENTATION_STYLE_ASSIGNMENT((#5709,#5714));
#5709 = SURFACE_STYLE_USAGE(.BOTH.,#5710);
#5710 = SURFACE_SIDE_STYLE('',(#5711));
#5711 = SURFACE_STYLE_FILL_AREA(#5712);
#5712 = FILL_AREA_STYLE('',(#5713));
#5713 = FILL_AREA_STYLE_COLOUR('',#5162);
#5714 = CURVE_STYLE('',#5715,POSITIVE_LENGTH_MEASURE(0.1),#5162);
#5715 = DRAUGHTING_PRE_DEFINED_CURVE_FONT('continuous');
#5716 = MECHANICAL_DESIGN_GEOMETRIC_PRESENTATION_REPRESENTATION('',(
    #5717),#2248);
#5717 = STYLED_ITEM('color',(#5718),#2236);
#5718 = PRESENTATION_STYLE_ASSIGNMENT((#5719,#5724));
#5719 = SURFACE_STYLE_USAGE(.BOTH.,#5720);
#5720 = SURFACE_SIDE_STYLE('',(#5721));
#5721 = SURFACE_STYLE_FILL_AREA(#5722);
#5722 = FILL_AREA_STYLE('',(#5723));
#5723 = FILL_AREA_STYLE_COLOUR('',#5162);
#5724 = CURVE_STYLE('',#5725,POSITIVE_LENGTH_MEASURE(0.1),#5162);
#5725 = DRAUGHTING_PRE_DEFINED_CURVE_FONT('continuous');
#5726 = MECHANICAL_DESIGN_GEOMETRIC_PRESENTATION_REPRESENTATION('',(
    #5727),#1752);
#5727 = STYLED_ITEM('color',(#5728),#1740);
#5728 = PRESENTATION_STYLE_ASSIGNMENT((#5729,#5734));
#5729 = SURFACE_STYLE_USAGE(.BOTH.,#5730);
#5730 = SURFACE_SIDE_STYLE('',(#5731));
#5731 = SURFACE_STYLE_FILL_AREA(#5732);
#5732 = FILL_AREA_STYLE('',(#5733));
#5733 = FILL_AREA_STYLE_COLOUR('',#5162);
#5734 = CURVE_STYLE('',#5735,POSITIVE_LENGTH_MEASURE(0.1),#5162);
#5735 = DRAUGHTING_PRE_DEFINED_CURVE_FONT('continuous');
#5736 = MECHANICAL_DESIGN_GEOMETRIC_PRESENTATION_REPRESENTATION('',(
    #5737),#2124);
#5737 = STYLED_ITEM('color',(#5738),#2112);
#5738 = PRESENTATION_STYLE_ASSIGNMENT((#5739,#5744));
#5739 = SURFACE_STYLE_USAGE(.BOTH.,#5740);
#5740 = SURFACE_SIDE_STYLE('',(#5741));
#5741 = SURFACE_STYLE_FILL_AREA(#5742);
#5742 = FILL_AREA_STYLE('',(#5743));
#5743 = FILL_AREA_STYLE_COLOUR('',#5162);
#5744 = CURVE_STYLE('',#5745,POSITIVE_LENGTH_MEASURE(0.1),#5162);
#5745 = DRAUGHTING_PRE_DEFINED_CURVE_FONT('continuous');
#5746 = MECHANICAL_DESIGN_GEOMETRIC_PRESENTATION_REPRESENTATION('',(
    #5747),#2093);
#5747 = STYLED_ITEM('color',(#5748),#2081);
#5748 = PRESENTATION_STYLE_ASSIGNMENT((#5749,#5754));
#5749 = SURFACE_STYLE_USAGE(.BOTH.,#5750);
#5750 = SURFACE_SIDE_STYLE('',(#5751));
#5751 = SURFACE_STYLE_FILL_AREA(#5752);
#5752 = FILL_AREA_STYLE('',(#5753));
#5753 = FILL_AREA_STYLE_COLOUR('',#5162);
#5754 = CURVE_STYLE('',#5755,POSITIVE_LENGTH_MEASURE(0.1),#5162);
#5755 = DRAUGHTING_PRE_DEFINED_CURVE_FONT('continuous');
#5756 = MECHANICAL_DESIGN_GEOMETRIC_PRESENTATION_REPRESENTATION('',(
    #5757),#2651);
#5757 = STYLED_ITEM('color',(#5758),#2639);
#5758 = PRESENTATION_STYLE_ASSIGNMENT((#5759,#5764));
#5759 = SURFACE_STYLE_USAGE(.BOTH.,#5760);
#5760 = SURFACE_SIDE_STYLE('',(#5761));
#5761 = SURFACE_STYLE_FILL_AREA(#5762);
#5762 = FILL_AREA_STYLE('',(#5763));
#5763 = FILL_AREA_STYLE_COLOUR('',#5162);
#5764 = CURVE_STYLE('',#5765,POSITIVE_LENGTH_MEASURE(0.1),#5162);
#5765 = DRAUGHTING_PRE_DEFINED_CURVE_FONT('continuous');
#5766 = MECHANICAL_DESIGN_GEOMETRIC_PRESENTATION_REPRESENTATION('',(
    #5767),#1132);
#5767 = STYLED_ITEM('color',(#5768),#1120);
#5768 = PRESENTATION_STYLE_ASSIGNMENT((#5769,#5774));
#5769 = SURFACE_STYLE_USAGE(.BOTH.,#5770);
#5770 = SURFACE_SIDE_STYLE('',(#5771));
#5771 = SURFACE_STYLE_FILL_AREA(#5772);
#5772 = FILL_AREA_STYLE('',(#5773));
#5773 = FILL_AREA_STYLE_COLOUR('',#5162);
#5774 = CURVE_STYLE('',#5775,POSITIVE_LENGTH_MEASURE(0.1),#5162);
#5775 = DRAUGHTING_PRE_DEFINED_CURVE_FONT('continuous');
#5776 = MECHANICAL_DESIGN_GEOMETRIC_PRESENTATION_REPRESENTATION('',(
    #5777),#2992);
#5777 = STYLED_ITEM('color',(#5778),#2980);
#5778 = PRESENTATION_STYLE_ASSIGNMENT((#5779,#5784));
#5779 = SURFACE_STYLE_USAGE(.BOTH.,#5780);
#5780 = SURFACE_SIDE_STYLE('',(#5781));
#5781 = SURFACE_STYLE_FILL_AREA(#5782);
#5782 = FILL_AREA_STYLE('',(#5783));
#5783 = FILL_AREA_STYLE_COLOUR('',#5162);
#5784 = CURVE_STYLE('',#5785,POSITIVE_LENGTH_MEASURE(0.1),#5162);
#5785 = DRAUGHTING_PRE_DEFINED_CURVE_FONT('continuous');
#5786 = MECHANICAL_DESIGN_GEOMETRIC_PRESENTATION_REPRESENTATION('',(
    #5787),#636);
#5787 = STYLED_ITEM('color',(#5788),#624);
#5788 = PRESENTATION_STYLE_ASSIGNMENT((#5789,#5794));
#5789 = SURFACE_STYLE_USAGE(.BOTH.,#5790);
#5790 = SURFACE_SIDE_STYLE('',(#5791));
#5791 = SURFACE_STYLE_FILL_AREA(#5792);
#5792 = FILL_AREA_STYLE('',(#5793));
#5793 = FILL_AREA_STYLE_COLOUR('',#5162);
#5794 = CURVE_STYLE('',#5795,POSITIVE_LENGTH_MEASURE(0.1),#5162);
#5795 = DRAUGHTING_PRE_DEFINED_CURVE_FONT('continuous');
#5796 = MECHANICAL_DESIGN_GEOMETRIC_PRESENTATION_REPRESENTATION('',(
    #5797),#3085);
#5797 = STYLED_ITEM('color',(#5798),#3073);
#5798 = PRESENTATION_STYLE_ASSIGNMENT((#5799,#5804));
#5799 = SURFACE_STYLE_USAGE(.BOTH.,#5800);
#5800 = SURFACE_SIDE_STYLE('',(#5801));
#5801 = SURFACE_STYLE_FILL_AREA(#5802);
#5802 = FILL_AREA_STYLE('',(#5803));
#5803 = FILL_AREA_STYLE_COLOUR('',#5162);
#5804 = CURVE_STYLE('',#5805,POSITIVE_LENGTH_MEASURE(0.1),#5162);
#5805 = DRAUGHTING_PRE_DEFINED_CURVE_FONT('continuous');
#5806 = MECHANICAL_DESIGN_GEOMETRIC_PRESENTATION_REPRESENTATION('',(
    #5807),#1256);
#5807 = STYLED_ITEM('color',(#5808),#1244);
#5808 = PRESENTATION_STYLE_ASSIGNMENT((#5809,#5814));
#5809 = SURFACE_STYLE_USAGE(.BOTH.,#5810);
#5810 = SURFACE_SIDE_STYLE('',(#5811));
#5811 = SURFACE_STYLE_FILL_AREA(#5812);
#5812 = FILL_AREA_STYLE('',(#5813));
#5813 = FILL_AREA_STYLE_COLOUR('',#5162);
#5814 = CURVE_STYLE('',#5815,POSITIVE_LENGTH_MEASURE(0.1),#5162);
#5815 = DRAUGHTING_PRE_DEFINED_CURVE_FONT('continuous');
#5816 = MECHANICAL_DESIGN_GEOMETRIC_PRESENTATION_REPRESENTATION('',(
    #5817),#2961);
#5817 = STYLED_ITEM('color',(#5818),#2949);
#5818 = PRESENTATION_STYLE_ASSIGNMENT((#5819,#5824));
#5819 = SURFACE_STYLE_USAGE(.BOTH.,#5820);
#5820 = SURFACE_SIDE_STYLE('',(#5821));
#5821 = SURFACE_STYLE_FILL_AREA(#5822);
#5822 = FILL_AREA_STYLE('',(#5823));
#5823 = FILL_AREA_STYLE_COLOUR('',#5162);
#5824 = CURVE_STYLE('',#5825,POSITIVE_LENGTH_MEASURE(0.1),#5162);
#5825 = DRAUGHTING_PRE_DEFINED_CURVE_FONT('continuous');
#5826 = MECHANICAL_DESIGN_GEOMETRIC_PRESENTATION_REPRESENTATION('',(
    #5827),#3395);
#5827 = STYLED_ITEM('color',(#5828),#3383);
#5828 = PRESENTATION_STYLE_ASSIGNMENT((#5829,#5834));
#5829 = SURFACE_STYLE_USAGE(.BOTH.,#5830);
#5830 = SURFACE_SIDE_STYLE('',(#5831));
#5831 = SURFACE_STYLE_FILL_AREA(#5832);
#5832 = FILL_AREA_STYLE('',(#5833));
#5833 = FILL_AREA_STYLE_COLOUR('',#5162);
#5834 = CURVE_STYLE('',#5835,POSITIVE_LENGTH_MEASURE(0.1),#5162);
#5835 = DRAUGHTING_PRE_DEFINED_CURVE_FONT('continuous');
#5836 = MECHANICAL_DESIGN_GEOMETRIC_PRESENTATION_REPRESENTATION('',(
    #5837),#3891);
#5837 = STYLED_ITEM('color',(#5838),#3879);
#5838 = PRESENTATION_STYLE_ASSIGNMENT((#5839,#5844));
#5839 = SURFACE_STYLE_USAGE(.BOTH.,#5840);
#5840 = SURFACE_SIDE_STYLE('',(#5841));
#5841 = SURFACE_STYLE_FILL_AREA(#5842);
#5842 = FILL_AREA_STYLE('',(#5843));
#5843 = FILL_AREA_STYLE_COLOUR('',#5162);
#5844 = CURVE_STYLE('',#5845,POSITIVE_LENGTH_MEASURE(0.1),#5162);
#5845 = DRAUGHTING_PRE_DEFINED_CURVE_FONT('continuous');
#5846 = MECHANICAL_DESIGN_GEOMETRIC_PRESENTATION_REPRESENTATION('',(
    #5847),#4418);
#5847 = STYLED_ITEM('color',(#5848),#4406);
#5848 = PRESENTATION_STYLE_ASSIGNMENT((#5849,#5854));
#5849 = SURFACE_STYLE_USAGE(.BOTH.,#5850);
#5850 = SURFACE_SIDE_STYLE('',(#5851));
#5851 = SURFACE_STYLE_FILL_AREA(#5852);
#5852 = FILL_AREA_STYLE('',(#5853));
#5853 = FILL_AREA_STYLE_COLOUR('',#5162);
#5854 = CURVE_STYLE('',#5855,POSITIVE_LENGTH_MEASURE(0.1),#5162);
#5855 = DRAUGHTING_PRE_DEFINED_CURVE_FONT('continuous');
#5856 = MECHANICAL_DESIGN_GEOMETRIC_PRESENTATION_REPRESENTATION('',(
    #5857),#4542);
#5857 = STYLED_ITEM('color',(#5858),#4530);
#5858 = PRESENTATION_STYLE_ASSIGNMENT((#5859,#5864));
#5859 = SURFACE_STYLE_USAGE(.BOTH.,#5860);
#5860 = SURFACE_SIDE_STYLE('',(#5861));
#5861 = SURFACE_STYLE_FILL_AREA(#5862);
#5862 = FILL_AREA_STYLE('',(#5863));
#5863 = FILL_AREA_STYLE_COLOUR('',#5162);
#5864 = CURVE_STYLE('',#5865,POSITIVE_LENGTH_MEASURE(0.1),#5162);
#5865 = DRAUGHTING_PRE_DEFINED_CURVE_FONT('continuous');
#5866 = MECHANICAL_DESIGN_GEOMETRIC_PRESENTATION_REPRESENTATION('',(
    #5867),#2310);
#5867 = STYLED_ITEM('color',(#5868),#2298);
#5868 = PRESENTATION_STYLE_ASSIGNMENT((#5869,#5874));
#5869 = SURFACE_STYLE_USAGE(.BOTH.,#5870);
#5870 = SURFACE_SIDE_STYLE('',(#5871));
#5871 = SURFACE_STYLE_FILL_AREA(#5872);
#5872 = FILL_AREA_STYLE('',(#5873));
#5873 = FILL_AREA_STYLE_COLOUR('',#5162);
#5874 = CURVE_STYLE('',#5875,POSITIVE_LENGTH_MEASURE(0.1),#5162);
#5875 = DRAUGHTING_PRE_DEFINED_CURVE_FONT('continuous');
#5876 = MECHANICAL_DESIGN_GEOMETRIC_PRESENTATION_REPRESENTATION('',(
    #5877),#4170);
#5877 = STYLED_ITEM('color',(#5878),#4158);
#5878 = PRESENTATION_STYLE_ASSIGNMENT((#5879,#5884));
#5879 = SURFACE_STYLE_USAGE(.BOTH.,#5880);
#5880 = SURFACE_SIDE_STYLE('',(#5881));
#5881 = SURFACE_STYLE_FILL_AREA(#5882);
#5882 = FILL_AREA_STYLE('',(#5883));
#5883 = FILL_AREA_STYLE_COLOUR('',#5162);
#5884 = CURVE_STYLE('',#5885,POSITIVE_LENGTH_MEASURE(0.1),#5162);
#5885 = DRAUGHTING_PRE_DEFINED_CURVE_FONT('continuous');
#5886 = MECHANICAL_DESIGN_GEOMETRIC_PRESENTATION_REPRESENTATION('',(
    #5887),#2589);
#5887 = STYLED_ITEM('color',(#5888),#2577);
#5888 = PRESENTATION_STYLE_ASSIGNMENT((#5889,#5894));
#5889 = SURFACE_STYLE_USAGE(.BOTH.,#5890);
#5890 = SURFACE_SIDE_STYLE('',(#5891));
#5891 = SURFACE_STYLE_FILL_AREA(#5892);
#5892 = FILL_AREA_STYLE('',(#5893));
#5893 = FILL_AREA_STYLE_COLOUR('',#5162);
#5894 = CURVE_STYLE('',#5895,POSITIVE_LENGTH_MEASURE(0.1),#5162);
#5895 = DRAUGHTING_PRE_DEFINED_CURVE_FONT('continuous');
#5896 = MECHANICAL_DESIGN_GEOMETRIC_PRESENTATION_REPRESENTATION('',(
    #5897),#946);
#5897 = STYLED_ITEM('color',(#5898),#934);
#5898 = PRESENTATION_STYLE_ASSIGNMENT((#5899,#5904));
#5899 = SURFACE_STYLE_USAGE(.BOTH.,#5900);
#5900 = SURFACE_SIDE_STYLE('',(#5901));
#5901 = SURFACE_STYLE_FILL_AREA(#5902);
#5902 = FILL_AREA_STYLE('',(#5903));
#5903 = FILL_AREA_STYLE_COLOUR('',#5162);
#5904 = CURVE_STYLE('',#5905,POSITIVE_LENGTH_MEASURE(0.1),#5162);
#5905 = DRAUGHTING_PRE_DEFINED_CURVE_FONT('continuous');
#5906 = MECHANICAL_DESIGN_GEOMETRIC_PRESENTATION_REPRESENTATION('',(
    #5907),#3023);
#5907 = STYLED_ITEM('color',(#5908),#3011);
#5908 = PRESENTATION_STYLE_ASSIGNMENT((#5909,#5914));
#5909 = SURFACE_STYLE_USAGE(.BOTH.,#5910);
#5910 = SURFACE_SIDE_STYLE('',(#5911));
#5911 = SURFACE_STYLE_FILL_AREA(#5912);
#5912 = FILL_AREA_STYLE('',(#5913));
#5913 = FILL_AREA_STYLE_COLOUR('',#5162);
#5914 = CURVE_STYLE('',#5915,POSITIVE_LENGTH_MEASURE(0.1),#5162);
#5915 = DRAUGHTING_PRE_DEFINED_CURVE_FONT('continuous');
#5916 = MECHANICAL_DESIGN_GEOMETRIC_PRESENTATION_REPRESENTATION('',(
    #5917),#2000);
#5917 = STYLED_ITEM('color',(#5918),#1988);
#5918 = PRESENTATION_STYLE_ASSIGNMENT((#5919,#5924));
#5919 = SURFACE_STYLE_USAGE(.BOTH.,#5920);
#5920 = SURFACE_SIDE_STYLE('',(#5921));
#5921 = SURFACE_STYLE_FILL_AREA(#5922);
#5922 = FILL_AREA_STYLE('',(#5923));
#5923 = FILL_AREA_STYLE_COLOUR('',#5162);
#5924 = CURVE_STYLE('',#5925,POSITIVE_LENGTH_MEASURE(0.1),#5162);
#5925 = DRAUGHTING_PRE_DEFINED_CURVE_FONT('continuous');
#5926 = MECHANICAL_DESIGN_GEOMETRIC_PRESENTATION_REPRESENTATION('',(
    #5927),#667);
#5927 = STYLED_ITEM('color',(#5928),#655);
#5928 = PRESENTATION_STYLE_ASSIGNMENT((#5929,#5934));
#5929 = SURFACE_STYLE_USAGE(.BOTH.,#5930);
#5930 = SURFACE_SIDE_STYLE('',(#5931));
#5931 = SURFACE_STYLE_FILL_AREA(#5932);
#5932 = FILL_AREA_STYLE('',(#5933));
#5933 = FILL_AREA_STYLE_COLOUR('',#5162);
#5934 = CURVE_STYLE('',#5935,POSITIVE_LENGTH_MEASURE(0.1),#5162);
#5935 = DRAUGHTING_PRE_DEFINED_CURVE_FONT('continuous');
#5936 = MECHANICAL_DESIGN_GEOMETRIC_PRESENTATION_REPRESENTATION('',(
    #5937),#1287);
#5937 = STYLED_ITEM('color',(#5938),#1275);
#5938 = PRESENTATION_STYLE_ASSIGNMENT((#5939,#5944));
#5939 = SURFACE_STYLE_USAGE(.BOTH.,#5940);
#5940 = SURFACE_SIDE_STYLE('',(#5941));
#5941 = SURFACE_STYLE_FILL_AREA(#5942);
#5942 = FILL_AREA_STYLE('',(#5943));
#5943 = FILL_AREA_STYLE_COLOUR('',#5162);
#5944 = CURVE_STYLE('',#5945,POSITIVE_LENGTH_MEASURE(0.1),#5162);
#5945 = DRAUGHTING_PRE_DEFINED_CURVE_FONT('continuous');
#5946 = MECHANICAL_DESIGN_GEOMETRIC_PRESENTATION_REPRESENTATION('',(
    #5947),#1659);
#5947 = STYLED_ITEM('color',(#5948),#1647);
#5948 = PRESENTATION_STYLE_ASSIGNMENT((#5949,#5954));
#5949 = SURFACE_STYLE_USAGE(.BOTH.,#5950);
#5950 = SURFACE_SIDE_STYLE('',(#5951));
#5951 = SURFACE_STYLE_FILL_AREA(#5952);
#5952 = FILL_AREA_STYLE('',(#5953));
#5953 = FILL_AREA_STYLE_COLOUR('',#5162);
#5954 = CURVE_STYLE('',#5955,POSITIVE_LENGTH_MEASURE(0.1),#5162);
#5955 = DRAUGHTING_PRE_DEFINED_CURVE_FONT('continuous');
#5956 = MECHANICAL_DESIGN_GEOMETRIC_PRESENTATION_REPRESENTATION('',(
    #5957),#2868);
#5957 = STYLED_ITEM('color',(#5958),#2856);
#5958 = PRESENTATION_STYLE_ASSIGNMENT((#5959,#5964));
#5959 = SURFACE_STYLE_USAGE(.BOTH.,#5960);
#5960 = SURFACE_SIDE_STYLE('',(#5961));
#5961 = SURFACE_STYLE_FILL_AREA(#5962);
#5962 = FILL_AREA_STYLE('',(#5963));
#5963 = FILL_AREA_STYLE_COLOUR('',#5162);
#5964 = CURVE_STYLE('',#5965,POSITIVE_LENGTH_MEASURE(0.1),#5162);
#5965 = DRAUGHTING_PRE_DEFINED_CURVE_FONT('continuous');
#5966 = MECHANICAL_DESIGN_GEOMETRIC_PRESENTATION_REPRESENTATION('',(
    #5967),#1442);
#5967 = STYLED_ITEM('color',(#5968),#1430);
#5968 = PRESENTATION_STYLE_ASSIGNMENT((#5969,#5974));
#5969 = SURFACE_STYLE_USAGE(.BOTH.,#5970);
#5970 = SURFACE_SIDE_STYLE('',(#5971));
#5971 = SURFACE_STYLE_FILL_AREA(#5972);
#5972 = FILL_AREA_STYLE('',(#5973));
#5973 = FILL_AREA_STYLE_COLOUR('',#5162);
#5974 = CURVE_STYLE('',#5975,POSITIVE_LENGTH_MEASURE(0.1),#5162);
#5975 = DRAUGHTING_PRE_DEFINED_CURVE_FONT('continuous');
#5976 = MECHANICAL_DESIGN_GEOMETRIC_PRESENTATION_REPRESENTATION('',(
    #5977),#4604);
#5977 = STYLED_ITEM('color',(#5978),#4592);
#5978 = PRESENTATION_STYLE_ASSIGNMENT((#5979,#5984));
#5979 = SURFACE_STYLE_USAGE(.BOTH.,#5980);
#5980 = SURFACE_SIDE_STYLE('',(#5981));
#5981 = SURFACE_STYLE_FILL_AREA(#5982);
#5982 = FILL_AREA_STYLE('',(#5983));
#5983 = FILL_AREA_STYLE_COLOUR('',#5162);
#5984 = CURVE_STYLE('',#5985,POSITIVE_LENGTH_MEASURE(0.1),#5162);
#5985 = DRAUGHTING_PRE_DEFINED_CURVE_FONT('continuous');
#5986 = MECHANICAL_DESIGN_GEOMETRIC_PRESENTATION_REPRESENTATION('',(
    #5987),#4201);
#5987 = STYLED_ITEM('color',(#5988),#4189);
#5988 = PRESENTATION_STYLE_ASSIGNMENT((#5989,#5994));
#5989 = SURFACE_STYLE_USAGE(.BOTH.,#5990);
#5990 = SURFACE_SIDE_STYLE('',(#5991));
#5991 = SURFACE_STYLE_FILL_AREA(#5992);
#5992 = FILL_AREA_STYLE('',(#5993));
#5993 = FILL_AREA_STYLE_COLOUR('',#5162);
#5994 = CURVE_STYLE('',#5995,POSITIVE_LENGTH_MEASURE(0.1),#5162);
#5995 = DRAUGHTING_PRE_DEFINED_CURVE_FONT('continuous');
#5996 = MECHANICAL_DESIGN_GEOMETRIC_PRESENTATION_REPRESENTATION('',(
    #5997),#3643);
#5997 = STYLED_ITEM('color',(#5998),#3631);
#5998 = PRESENTATION_STYLE_ASSIGNMENT((#5999,#6004));
#5999 = SURFACE_STYLE_USAGE(.BOTH.,#6000);
#6000 = SURFACE_SIDE_STYLE('',(#6001));
#6001 = SURFACE_STYLE_FILL_AREA(#6002);
#6002 = FILL_AREA_STYLE('',(#6003));
#6003 = FILL_AREA_STYLE_COLOUR('',#5162);
#6004 = CURVE_STYLE('',#6005,POSITIVE_LENGTH_MEASURE(0.1),#5162);
#6005 = DRAUGHTING_PRE_DEFINED_CURVE_FONT('continuous');
#6006 = MECHANICAL_DESIGN_GEOMETRIC_PRESENTATION_REPRESENTATION('',(
    #6007),#3209);
#6007 = STYLED_ITEM('color',(#6008),#3197);
#6008 = PRESENTATION_STYLE_ASSIGNMENT((#6009,#6014));
#6009 = SURFACE_STYLE_USAGE(.BOTH.,#6010);
#6010 = SURFACE_SIDE_STYLE('',(#6011));
#6011 = SURFACE_STYLE_FILL_AREA(#6012);
#6012 = FILL_AREA_STYLE('',(#6013));
#6013 = FILL_AREA_STYLE_COLOUR('',#5162);
#6014 = CURVE_STYLE('',#6015,POSITIVE_LENGTH_MEASURE(0.1),#5162);
#6015 = DRAUGHTING_PRE_DEFINED_CURVE_FONT('continuous');
#6016 = MECHANICAL_DESIGN_GEOMETRIC_PRESENTATION_REPRESENTATION('',(
    #6017),#3767);
#6017 = STYLED_ITEM('color',(#6018),#3755);
#6018 = PRESENTATION_STYLE_ASSIGNMENT((#6019,#6024));
#6019 = SURFACE_STYLE_USAGE(.BOTH.,#6020);
#6020 = SURFACE_SIDE_STYLE('',(#6021));
#6021 = SURFACE_STYLE_FILL_AREA(#6022);
#6022 = FILL_AREA_STYLE('',(#6023));
#6023 = FILL_AREA_STYLE_COLOUR('',#5162);
#6024 = CURVE_STYLE('',#6025,POSITIVE_LENGTH_MEASURE(0.1),#5162);
#6025 = DRAUGHTING_PRE_DEFINED_CURVE_FONT('continuous');
#6026 = MECHANICAL_DESIGN_GEOMETRIC_PRESENTATION_REPRESENTATION('',(
    #6027),#2155);
#6027 = STYLED_ITEM('color',(#6028),#2143);
#6028 = PRESENTATION_STYLE_ASSIGNMENT((#6029,#6034));
#6029 = SURFACE_STYLE_USAGE(.BOTH.,#6030);
#6030 = SURFACE_SIDE_STYLE('',(#6031));
#6031 = SURFACE_STYLE_FILL_AREA(#6032);
#6032 = FILL_AREA_STYLE('',(#6033));
#6033 = FILL_AREA_STYLE_COLOUR('',#5162);
#6034 = CURVE_STYLE('',#6035,POSITIVE_LENGTH_MEASURE(0.1),#5162);
#6035 = DRAUGHTING_PRE_DEFINED_CURVE_FONT('continuous');
#6036 = MECHANICAL_DESIGN_GEOMETRIC_PRESENTATION_REPRESENTATION('',(
    #6037),#2806);
#6037 = STYLED_ITEM('color',(#6038),#2794);
#6038 = PRESENTATION_STYLE_ASSIGNMENT((#6039,#6044));
#6039 = SURFACE_STYLE_USAGE(.BOTH.,#6040);
#6040 = SURFACE_SIDE_STYLE('',(#6041));
#6041 = SURFACE_STYLE_FILL_AREA(#6042);
#6042 = FILL_AREA_STYLE('',(#6043));
#6043 = FILL_AREA_STYLE_COLOUR('',#5162);
#6044 = CURVE_STYLE('',#6045,POSITIVE_LENGTH_MEASURE(0.1),#5162);
#6045 = DRAUGHTING_PRE_DEFINED_CURVE_FONT('continuous');
#6046 = MECHANICAL_DESIGN_GEOMETRIC_PRESENTATION_REPRESENTATION('',(
    #6047),#4108);
#6047 = STYLED_ITEM('color',(#6048),#4096);
#6048 = PRESENTATION_STYLE_ASSIGNMENT((#6049,#6054));
#6049 = SURFACE_STYLE_USAGE(.BOTH.,#6050);
#6050 = SURFACE_SIDE_STYLE('',(#6051));
#6051 = SURFACE_STYLE_FILL_AREA(#6052);
#6052 = FILL_AREA_STYLE('',(#6053));
#6053 = FILL_AREA_STYLE_COLOUR('',#5162);
#6054 = CURVE_STYLE('',#6055,POSITIVE_LENGTH_MEASURE(0.1),#5162);
#6055 = DRAUGHTING_PRE_DEFINED_CURVE_FONT('continuous');
#6056 = MECHANICAL_DESIGN_GEOMETRIC_PRESENTATION_REPRESENTATION('',(
    #6057),#1907);
#6057 = STYLED_ITEM('color',(#6058),#1895);
#6058 = PRESENTATION_STYLE_ASSIGNMENT((#6059,#6064));
#6059 = SURFACE_STYLE_USAGE(.BOTH.,#6060);
#6060 = SURFACE_SIDE_STYLE('',(#6061));
#6061 = SURFACE_STYLE_FILL_AREA(#6062);
#6062 = FILL_AREA_STYLE('',(#6063));
#6063 = FILL_AREA_STYLE_COLOUR('',#5162);
#6064 = CURVE_STYLE('',#6065,POSITIVE_LENGTH_MEASURE(0.1),#5162);
#6065 = DRAUGHTING_PRE_DEFINED_CURVE_FONT('continuous');
#6066 = MECHANICAL_DESIGN_GEOMETRIC_PRESENTATION_REPRESENTATION('',(
    #6067),#3116);
#6067 = STYLED_ITEM('color',(#6068),#3104);
#6068 = PRESENTATION_STYLE_ASSIGNMENT((#6069,#6074));
#6069 = SURFACE_STYLE_USAGE(.BOTH.,#6070);
#6070 = SURFACE_SIDE_STYLE('',(#6071));
#6071 = SURFACE_STYLE_FILL_AREA(#6072);
#6072 = FILL_AREA_STYLE('',(#6073));
#6073 = FILL_AREA_STYLE_COLOUR('',#5162);
#6074 = CURVE_STYLE('',#6075,POSITIVE_LENGTH_MEASURE(0.1),#5162);
#6075 = DRAUGHTING_PRE_DEFINED_CURVE_FONT('continuous');
#6076 = MECHANICAL_DESIGN_GEOMETRIC_PRESENTATION_REPRESENTATION('',(
    #6077),#3302);
#6077 = STYLED_ITEM('color',(#6078),#3290);
#6078 = PRESENTATION_STYLE_ASSIGNMENT((#6079,#6084));
#6079 = SURFACE_STYLE_USAGE(.BOTH.,#6080);
#6080 = SURFACE_SIDE_STYLE('',(#6081));
#6081 = SURFACE_STYLE_FILL_AREA(#6082);
#6082 = FILL_AREA_STYLE('',(#6083));
#6083 = FILL_AREA_STYLE_COLOUR('',#5162);
#6084 = CURVE_STYLE('',#6085,POSITIVE_LENGTH_MEASURE(0.1),#5162);
#6085 = DRAUGHTING_PRE_DEFINED_CURVE_FONT('continuous');
#6086 = MECHANICAL_DESIGN_GEOMETRIC_PRESENTATION_REPRESENTATION('',(
    #6087),#4573);
#6087 = STYLED_ITEM('color',(#6088),#4561);
#6088 = PRESENTATION_STYLE_ASSIGNMENT((#6089,#6094));
#6089 = SURFACE_STYLE_USAGE(.BOTH.,#6090);
#6090 = SURFACE_SIDE_STYLE('',(#6091));
#6091 = SURFACE_STYLE_FILL_AREA(#6092);
#6092 = FILL_AREA_STYLE('',(#6093));
#6093 = FILL_AREA_STYLE_COLOUR('',#5162);
#6094 = CURVE_STYLE('',#6095,POSITIVE_LENGTH_MEASURE(0.1),#5162);
#6095 = DRAUGHTING_PRE_DEFINED_CURVE_FONT('continuous');
#6096 = MECHANICAL_DESIGN_GEOMETRIC_PRESENTATION_REPRESENTATION('',(
    #6097),#1318);
#6097 = STYLED_ITEM('color',(#6098),#1306);
#6098 = PRESENTATION_STYLE_ASSIGNMENT((#6099,#6104));
#6099 = SURFACE_STYLE_USAGE(.BOTH.,#6100);
#6100 = SURFACE_SIDE_STYLE('',(#6101));
#6101 = SURFACE_STYLE_FILL_AREA(#6102);
#6102 = FILL_AREA_STYLE('',(#6103));
#6103 = FILL_AREA_STYLE_COLOUR('',#5162);
#6104 = CURVE_STYLE('',#6105,POSITIVE_LENGTH_MEASURE(0.1),#5162);
#6105 = DRAUGHTING_PRE_DEFINED_CURVE_FONT('continuous');
#6106 = MECHANICAL_DESIGN_GEOMETRIC_PRESENTATION_REPRESENTATION('',(
    #6107),#1814);
#6107 = STYLED_ITEM('color',(#6108),#1802);
#6108 = PRESENTATION_STYLE_ASSIGNMENT((#6109,#6114));
#6109 = SURFACE_STYLE_USAGE(.BOTH.,#6110);
#6110 = SURFACE_SIDE_STYLE('',(#6111));
#6111 = SURFACE_STYLE_FILL_AREA(#6112);
#6112 = FILL_AREA_STYLE('',(#6113));
#6113 = FILL_AREA_STYLE_COLOUR('',#5162);
#6114 = CURVE_STYLE('',#6115,POSITIVE_LENGTH_MEASURE(0.1),#5162);
#6115 = DRAUGHTING_PRE_DEFINED_CURVE_FONT('continuous');
#6116 = MECHANICAL_DESIGN_GEOMETRIC_PRESENTATION_REPRESENTATION('',(
    #6117),#3674);
#6117 = STYLED_ITEM('color',(#6118),#3662);
#6118 = PRESENTATION_STYLE_ASSIGNMENT((#6119,#6124));
#6119 = SURFACE_STYLE_USAGE(.BOTH.,#6120);
#6120 = SURFACE_SIDE_STYLE('',(#6121));
#6121 = SURFACE_STYLE_FILL_AREA(#6122);
#6122 = FILL_AREA_STYLE('',(#6123));
#6123 = FILL_AREA_STYLE_COLOUR('',#5162);
#6124 = CURVE_STYLE('',#6125,POSITIVE_LENGTH_MEASURE(0.1),#5162);
#6125 = DRAUGHTING_PRE_DEFINED_CURVE_FONT('continuous');
#6126 = MECHANICAL_DESIGN_GEOMETRIC_PRESENTATION_REPRESENTATION('',(
    #6127),#1380);
#6127 = STYLED_ITEM('color',(#6128),#1368);
#6128 = PRESENTATION_STYLE_ASSIGNMENT((#6129,#6134));
#6129 = SURFACE_STYLE_USAGE(.BOTH.,#6130);
#6130 = SURFACE_SIDE_STYLE('',(#6131));
#6131 = SURFACE_STYLE_FILL_AREA(#6132);
#6132 = FILL_AREA_STYLE('',(#6133));
#6133 = FILL_AREA_STYLE_COLOUR('',#5162);
#6134 = CURVE_STYLE('',#6135,POSITIVE_LENGTH_MEASURE(0.1),#5162);
#6135 = DRAUGHTING_PRE_DEFINED_CURVE_FONT('continuous');
#6136 = MECHANICAL_DESIGN_GEOMETRIC_PRESENTATION_REPRESENTATION('',(
    #6137),#2372);
#6137 = STYLED_ITEM('color',(#6138),#2360);
#6138 = PRESENTATION_STYLE_ASSIGNMENT((#6139,#6144));
#6139 = SURFACE_STYLE_USAGE(.BOTH.,#6140);
#6140 = SURFACE_SIDE_STYLE('',(#6141));
#6141 = SURFACE_STYLE_FILL_AREA(#6142);
#6142 = FILL_AREA_STYLE('',(#6143));
#6143 = FILL_AREA_STYLE_COLOUR('',#5162);
#6144 = CURVE_STYLE('',#6145,POSITIVE_LENGTH_MEASURE(0.1),#5162);
#6145 = DRAUGHTING_PRE_DEFINED_CURVE_FONT('continuous');
#6146 = MECHANICAL_DESIGN_GEOMETRIC_PRESENTATION_REPRESENTATION('',(
    #6147),#2527);
#6147 = STYLED_ITEM('color',(#6148),#2515);
#6148 = PRESENTATION_STYLE_ASSIGNMENT((#6149,#6154));
#6149 = SURFACE_STYLE_USAGE(.BOTH.,#6150);
#6150 = SURFACE_SIDE_STYLE('',(#6151));
#6151 = SURFACE_STYLE_FILL_AREA(#6152);
#6152 = FILL_AREA_STYLE('',(#6153));
#6153 = FILL_AREA_STYLE_COLOUR('',#5162);
#6154 = CURVE_STYLE('',#6155,POSITIVE_LENGTH_MEASURE(0.1),#5162);
#6155 = DRAUGHTING_PRE_DEFINED_CURVE_FONT('continuous');
#6156 = MECHANICAL_DESIGN_GEOMETRIC_PRESENTATION_REPRESENTATION('',(
    #6157),#4635);
#6157 = STYLED_ITEM('color',(#6158),#4623);
#6158 = PRESENTATION_STYLE_ASSIGNMENT((#6159,#6164));
#6159 = SURFACE_STYLE_USAGE(.BOTH.,#6160);
#6160 = SURFACE_SIDE_STYLE('',(#6161));
#6161 = SURFACE_STYLE_FILL_AREA(#6162);
#6162 = FILL_AREA_STYLE('',(#6163));
#6163 = FILL_AREA_STYLE_COLOUR('',#5162);
#6164 = CURVE_STYLE('',#6165,POSITIVE_LENGTH_MEASURE(0.1),#5162);
#6165 = DRAUGHTING_PRE_DEFINED_CURVE_FONT('continuous');
#6166 = MECHANICAL_DESIGN_GEOMETRIC_PRESENTATION_REPRESENTATION('',(
    #6167),#4077);
#6167 = STYLED_ITEM('color',(#6168),#4065);
#6168 = PRESENTATION_STYLE_ASSIGNMENT((#6169,#6174));
#6169 = SURFACE_STYLE_USAGE(.BOTH.,#6170);
#6170 = SURFACE_SIDE_STYLE('',(#6171));
#6171 = SURFACE_STYLE_FILL_AREA(#6172);
#6172 = FILL_AREA_STYLE('',(#6173));
#6173 = FILL_AREA_STYLE_COLOUR('',#5162);
#6174 = CURVE_STYLE('',#6175,POSITIVE_LENGTH_MEASURE(0.1),#5162);
#6175 = DRAUGHTING_PRE_DEFINED_CURVE_FONT('continuous');
#6176 = MECHANICAL_DESIGN_GEOMETRIC_PRESENTATION_REPRESENTATION('',(
    #6177),#4015);
#6177 = STYLED_ITEM('color',(#6178),#4003);
#6178 = PRESENTATION_STYLE_ASSIGNMENT((#6179,#6184));
#6179 = SURFACE_STYLE_USAGE(.BOTH.,#6180);
#6180 = SURFACE_SIDE_STYLE('',(#6181));
#6181 = SURFACE_STYLE_FILL_AREA(#6182);
#6182 = FILL_AREA_STYLE('',(#6183));
#6183 = FILL_AREA_STYLE_COLOUR('',#5162);
#6184 = CURVE_STYLE('',#6185,POSITIVE_LENGTH_MEASURE(0.1),#5162);
#6185 = DRAUGHTING_PRE_DEFINED_CURVE_FONT('continuous');
#6186 = MECHANICAL_DESIGN_GEOMETRIC_PRESENTATION_REPRESENTATION('',(
    #6187),#1349);
#6187 = STYLED_ITEM('color',(#6188),#1337);
#6188 = PRESENTATION_STYLE_ASSIGNMENT((#6189,#6194));
#6189 = SURFACE_STYLE_USAGE(.BOTH.,#6190);
#6190 = SURFACE_SIDE_STYLE('',(#6191));
#6191 = SURFACE_STYLE_FILL_AREA(#6192);
#6192 = FILL_AREA_STYLE('',(#6193));
#6193 = FILL_AREA_STYLE_COLOUR('',#5162);
#6194 = CURVE_STYLE('',#6195,POSITIVE_LENGTH_MEASURE(0.1),#5162);
#6195 = DRAUGHTING_PRE_DEFINED_CURVE_FONT('continuous');
#6196 = MECHANICAL_DESIGN_GEOMETRIC_PRESENTATION_REPRESENTATION('',(
    #6197),#3426);
#6197 = STYLED_ITEM('color',(#6198),#3414);
#6198 = PRESENTATION_STYLE_ASSIGNMENT((#6199,#6204));
#6199 = SURFACE_STYLE_USAGE(.BOTH.,#6200);
#6200 = SURFACE_SIDE_STYLE('',(#6201));
#6201 = SURFACE_STYLE_FILL_AREA(#6202);
#6202 = FILL_AREA_STYLE('',(#6203));
#6203 = FILL_AREA_STYLE_COLOUR('',#5162);
#6204 = CURVE_STYLE('',#6205,POSITIVE_LENGTH_MEASURE(0.1),#5162);
#6205 = DRAUGHTING_PRE_DEFINED_CURVE_FONT('continuous');
#6206 = MECHANICAL_DESIGN_GEOMETRIC_PRESENTATION_REPRESENTATION('',(
    #6207),#4232);
#6207 = STYLED_ITEM('color',(#6208),#4220);
#6208 = PRESENTATION_STYLE_ASSIGNMENT((#6209,#6214));
#6209 = SURFACE_STYLE_USAGE(.BOTH.,#6210);
#6210 = SURFACE_SIDE_STYLE('',(#6211));
#6211 = SURFACE_STYLE_FILL_AREA(#6212);
#6212 = FILL_AREA_STYLE('',(#6213));
#6213 = FILL_AREA_STYLE_COLOUR('',#5162);
#6214 = CURVE_STYLE('',#6215,POSITIVE_LENGTH_MEASURE(0.1),#5162);
#6215 = DRAUGHTING_PRE_DEFINED_CURVE_FONT('continuous');
#6216 = MECHANICAL_DESIGN_GEOMETRIC_PRESENTATION_REPRESENTATION('',(
    #6217),#2930);
#6217 = STYLED_ITEM('color',(#6218),#2918);
#6218 = PRESENTATION_STYLE_ASSIGNMENT((#6219,#6224));
#6219 = SURFACE_STYLE_USAGE(.BOTH.,#6220);
#6220 = SURFACE_SIDE_STYLE('',(#6221));
#6221 = SURFACE_STYLE_FILL_AREA(#6222);
#6222 = FILL_AREA_STYLE('',(#6223));
#6223 = FILL_AREA_STYLE_COLOUR('',#5162);
#6224 = CURVE_STYLE('',#6225,POSITIVE_LENGTH_MEASURE(0.1),#5162);
#6225 = DRAUGHTING_PRE_DEFINED_CURVE_FONT('continuous');
#6226 = MECHANICAL_DESIGN_GEOMETRIC_PRESENTATION_REPRESENTATION('',(
    #6227),#2217);
#6227 = STYLED_ITEM('color',(#6228),#2205);
#6228 = PRESENTATION_STYLE_ASSIGNMENT((#6229,#6234));
#6229 = SURFACE_STYLE_USAGE(.BOTH.,#6230);
#6230 = SURFACE_SIDE_STYLE('',(#6231));
#6231 = SURFACE_STYLE_FILL_AREA(#6232);
#6232 = FILL_AREA_STYLE('',(#6233));
#6233 = FILL_AREA_STYLE_COLOUR('',#5162);
#6234 = CURVE_STYLE('',#6235,POSITIVE_LENGTH_MEASURE(0.1),#5162);
#6235 = DRAUGHTING_PRE_DEFINED_CURVE_FONT('continuous');
#6236 = MECHANICAL_DESIGN_GEOMETRIC_PRESENTATION_REPRESENTATION('',(
    #6237),#3829);
#6237 = STYLED_ITEM('color',(#6238),#3817);
#6238 = PRESENTATION_STYLE_ASSIGNMENT((#6239,#6244));
#6239 = SURFACE_STYLE_USAGE(.BOTH.,#6240);
#6240 = SURFACE_SIDE_STYLE('',(#6241));
#6241 = SURFACE_STYLE_FILL_AREA(#6242);
#6242 = FILL_AREA_STYLE('',(#6243));
#6243 = FILL_AREA_STYLE_COLOUR('',#5162);
#6244 = CURVE_STYLE('',#6245,POSITIVE_LENGTH_MEASURE(0.1),#5162);
#6245 = DRAUGHTING_PRE_DEFINED_CURVE_FONT('continuous');
#6246 = MECHANICAL_DESIGN_GEOMETRIC_PRESENTATION_REPRESENTATION('',(
    #6247),#2558);
#6247 = STYLED_ITEM('color',(#6248),#2546);
#6248 = PRESENTATION_STYLE_ASSIGNMENT((#6249,#6254));
#6249 = SURFACE_STYLE_USAGE(.BOTH.,#6250);
#6250 = SURFACE_SIDE_STYLE('',(#6251));
#6251 = SURFACE_STYLE_FILL_AREA(#6252);
#6252 = FILL_AREA_STYLE('',(#6253));
#6253 = FILL_AREA_STYLE_COLOUR('',#5162);
#6254 = CURVE_STYLE('',#6255,POSITIVE_LENGTH_MEASURE(0.1),#5162);
#6255 = DRAUGHTING_PRE_DEFINED_CURVE_FONT('continuous');
#6256 = MECHANICAL_DESIGN_GEOMETRIC_PRESENTATION_REPRESENTATION('',(
    #6257),#1101);
#6257 = STYLED_ITEM('color',(#6258),#1089);
#6258 = PRESENTATION_STYLE_ASSIGNMENT((#6259,#6264));
#6259 = SURFACE_STYLE_USAGE(.BOTH.,#6260);
#6260 = SURFACE_SIDE_STYLE('',(#6261));
#6261 = SURFACE_STYLE_FILL_AREA(#6262);
#6262 = FILL_AREA_STYLE('',(#6263));
#6263 = FILL_AREA_STYLE_COLOUR('',#5162);
#6264 = CURVE_STYLE('',#6265,POSITIVE_LENGTH_MEASURE(0.1),#5162);
#6265 = DRAUGHTING_PRE_DEFINED_CURVE_FONT('continuous');
#6266 = MECHANICAL_DESIGN_GEOMETRIC_PRESENTATION_REPRESENTATION('',(
    #6267),#3364);
#6267 = STYLED_ITEM('color',(#6268),#3352);
#6268 = PRESENTATION_STYLE_ASSIGNMENT((#6269,#6274));
#6269 = SURFACE_STYLE_USAGE(.BOTH.,#6270);
#6270 = SURFACE_SIDE_STYLE('',(#6271));
#6271 = SURFACE_STYLE_FILL_AREA(#6272);
#6272 = FILL_AREA_STYLE('',(#6273));
#6273 = FILL_AREA_STYLE_COLOUR('',#5162);
#6274 = CURVE_STYLE('',#6275,POSITIVE_LENGTH_MEASURE(0.1),#5162);
#6275 = DRAUGHTING_PRE_DEFINED_CURVE_FONT('continuous');
#6276 = MECHANICAL_DESIGN_GEOMETRIC_PRESENTATION_REPRESENTATION('',(
    #6277),#1535);
#6277 = STYLED_ITEM('color',(#6278),#1523);
#6278 = PRESENTATION_STYLE_ASSIGNMENT((#6279,#6284));
#6279 = SURFACE_STYLE_USAGE(.BOTH.,#6280);
#6280 = SURFACE_SIDE_STYLE('',(#6281));
#6281 = SURFACE_STYLE_FILL_AREA(#6282);
#6282 = FILL_AREA_STYLE('',(#6283));
#6283 = FILL_AREA_STYLE_COLOUR('',#5162);
#6284 = CURVE_STYLE('',#6285,POSITIVE_LENGTH_MEASURE(0.1),#5162);
#6285 = DRAUGHTING_PRE_DEFINED_CURVE_FONT('continuous');
#6286 = MECHANICAL_DESIGN_GEOMETRIC_PRESENTATION_REPRESENTATION('',(
    #6287),#4387);
#6287 = STYLED_ITEM('color',(#6288),#4375);
#6288 = PRESENTATION_STYLE_ASSIGNMENT((#6289,#6294));
#6289 = SURFACE_STYLE_USAGE(.BOTH.,#6290);
#6290 = SURFACE_SIDE_STYLE('',(#6291));
#6291 = SURFACE_STYLE_FILL_AREA(#6292);
#6292 = FILL_AREA_STYLE('',(#6293));
#6293 = FILL_AREA_STYLE_COLOUR('',#5162);
#6294 = CURVE_STYLE('',#6295,POSITIVE_LENGTH_MEASURE(0.1),#5162);
#6295 = DRAUGHTING_PRE_DEFINED_CURVE_FONT('continuous');
#6296 = MECHANICAL_DESIGN_GEOMETRIC_PRESENTATION_REPRESENTATION('',(
    #6297),#4511);
#6297 = STYLED_ITEM('color',(#6298),#4499);
#6298 = PRESENTATION_STYLE_ASSIGNMENT((#6299,#6304));
#6299 = SURFACE_STYLE_USAGE(.BOTH.,#6300);
#6300 = SURFACE_SIDE_STYLE('',(#6301));
#6301 = SURFACE_STYLE_FILL_AREA(#6302);
#6302 = FILL_AREA_STYLE('',(#6303));
#6303 = FILL_AREA_STYLE_COLOUR('',#5162);
#6304 = CURVE_STYLE('',#6305,POSITIVE_LENGTH_MEASURE(0.1),#5162);
#6305 = DRAUGHTING_PRE_DEFINED_CURVE_FONT('continuous');
#6306 = MECHANICAL_DESIGN_GEOMETRIC_PRESENTATION_REPRESENTATION('',(
    #6307),#3054);
#6307 = STYLED_ITEM('color',(#6308),#3042);
#6308 = PRESENTATION_STYLE_ASSIGNMENT((#6309,#6314));
#6309 = SURFACE_STYLE_USAGE(.BOTH.,#6310);
#6310 = SURFACE_SIDE_STYLE('',(#6311));
#6311 = SURFACE_STYLE_FILL_AREA(#6312);
#6312 = FILL_AREA_STYLE('',(#6313));
#6313 = FILL_AREA_STYLE_COLOUR('',#5162);
#6314 = CURVE_STYLE('',#6315,POSITIVE_LENGTH_MEASURE(0.1),#5162);
#6315 = DRAUGHTING_PRE_DEFINED_CURVE_FONT('continuous');
#6316 = MECHANICAL_DESIGN_GEOMETRIC_PRESENTATION_REPRESENTATION('',(
    #6317),#2713);
#6317 = STYLED_ITEM('color',(#6318),#2701);
#6318 = PRESENTATION_STYLE_ASSIGNMENT((#6319,#6324));
#6319 = SURFACE_STYLE_USAGE(.BOTH.,#6320);
#6320 = SURFACE_SIDE_STYLE('',(#6321));
#6321 = SURFACE_STYLE_FILL_AREA(#6322);
#6322 = FILL_AREA_STYLE('',(#6323));
#6323 = FILL_AREA_STYLE_COLOUR('',#5162);
#6324 = CURVE_STYLE('',#6325,POSITIVE_LENGTH_MEASURE(0.1),#5162);
#6325 = DRAUGHTING_PRE_DEFINED_CURVE_FONT('continuous');
#6326 = MECHANICAL_DESIGN_GEOMETRIC_PRESENTATION_REPRESENTATION('',(
    #6327),#2062);
#6327 = STYLED_ITEM('color',(#6328),#2050);
#6328 = PRESENTATION_STYLE_ASSIGNMENT((#6329,#6334));
#6329 = SURFACE_STYLE_USAGE(.BOTH.,#6330);
#6330 = SURFACE_SIDE_STYLE('',(#6331));
#6331 = SURFACE_STYLE_FILL_AREA(#6332);
#6332 = FILL_AREA_STYLE('',(#6333));
#6333 = FILL_AREA_STYLE_COLOUR('',#5162);
#6334 = CURVE_STYLE('',#6335,POSITIVE_LENGTH_MEASURE(0.1),#5162);
#6335 = DRAUGHTING_PRE_DEFINED_CURVE_FONT('continuous');
#6336 = MECHANICAL_DESIGN_GEOMETRIC_PRESENTATION_REPRESENTATION('',(
    #6337),#3581);
#6337 = STYLED_ITEM('color',(#6338),#3569);
#6338 = PRESENTATION_STYLE_ASSIGNMENT((#6339,#6344));
#6339 = SURFACE_STYLE_USAGE(.BOTH.,#6340);
#6340 = SURFACE_SIDE_STYLE('',(#6341));
#6341 = SURFACE_STYLE_FILL_AREA(#6342);
#6342 = FILL_AREA_STYLE('',(#6343));
#6343 = FILL_AREA_STYLE_COLOUR('',#5162);
#6344 = CURVE_STYLE('',#6345,POSITIVE_LENGTH_MEASURE(0.1),#5162);
#6345 = DRAUGHTING_PRE_DEFINED_CURVE_FONT('continuous');
#6346 = MECHANICAL_DESIGN_GEOMETRIC_PRESENTATION_REPRESENTATION('',(
    #6347),#4046);
#6347 = STYLED_ITEM('color',(#6348),#4034);
#6348 = PRESENTATION_STYLE_ASSIGNMENT((#6349,#6354));
#6349 = SURFACE_STYLE_USAGE(.BOTH.,#6350);
#6350 = SURFACE_SIDE_STYLE('',(#6351));
#6351 = SURFACE_STYLE_FILL_AREA(#6352);
#6352 = FILL_AREA_STYLE('',(#6353));
#6353 = FILL_AREA_STYLE_COLOUR('',#5162);
#6354 = CURVE_STYLE('',#6355,POSITIVE_LENGTH_MEASURE(0.1),#5162);
#6355 = DRAUGHTING_PRE_DEFINED_CURVE_FONT('continuous');
#6356 = MECHANICAL_DESIGN_GEOMETRIC_PRESENTATION_REPRESENTATION('',(
    #6357),#3271);
#6357 = STYLED_ITEM('color',(#6358),#3259);
#6358 = PRESENTATION_STYLE_ASSIGNMENT((#6359,#6364));
#6359 = SURFACE_STYLE_USAGE(.BOTH.,#6360);
#6360 = SURFACE_SIDE_STYLE('',(#6361));
#6361 = SURFACE_STYLE_FILL_AREA(#6362);
#6362 = FILL_AREA_STYLE('',(#6363));
#6363 = FILL_AREA_STYLE_COLOUR('',#5162);
#6364 = CURVE_STYLE('',#6365,POSITIVE_LENGTH_MEASURE(0.1),#5162);
#6365 = DRAUGHTING_PRE_DEFINED_CURVE_FONT('continuous');
#6366 = MECHANICAL_DESIGN_GEOMETRIC_PRESENTATION_REPRESENTATION('',(
    #6367),#3736);
#6367 = STYLED_ITEM('color',(#6368),#3724);
#6368 = PRESENTATION_STYLE_ASSIGNMENT((#6369,#6374));
#6369 = SURFACE_STYLE_USAGE(.BOTH.,#6370);
#6370 = SURFACE_SIDE_STYLE('',(#6371));
#6371 = SURFACE_STYLE_FILL_AREA(#6372);
#6372 = FILL_AREA_STYLE('',(#6373));
#6373 = FILL_AREA_STYLE_COLOUR('',#5162);
#6374 = CURVE_STYLE('',#6375,POSITIVE_LENGTH_MEASURE(0.1),#5162);
#6375 = DRAUGHTING_PRE_DEFINED_CURVE_FONT('continuous');
#6376 = MECHANICAL_DESIGN_GEOMETRIC_PRESENTATION_REPRESENTATION('',(
    #6377),#4666);
#6377 = STYLED_ITEM('color',(#6378),#4654);
#6378 = PRESENTATION_STYLE_ASSIGNMENT((#6379,#6384));
#6379 = SURFACE_STYLE_USAGE(.BOTH.,#6380);
#6380 = SURFACE_SIDE_STYLE('',(#6381));
#6381 = SURFACE_STYLE_FILL_AREA(#6382);
#6382 = FILL_AREA_STYLE('',(#6383));
#6383 = FILL_AREA_STYLE_COLOUR('',#5162);
#6384 = CURVE_STYLE('',#6385,POSITIVE_LENGTH_MEASURE(0.1),#5162);
#6385 = DRAUGHTING_PRE_DEFINED_CURVE_FONT('continuous');
#6386 = MECHANICAL_DESIGN_GEOMETRIC_PRESENTATION_REPRESENTATION('',(
    #6387),#1721);
#6387 = STYLED_ITEM('color',(#6388),#1709);
#6388 = PRESENTATION_STYLE_ASSIGNMENT((#6389,#6394));
#6389 = SURFACE_STYLE_USAGE(.BOTH.,#6390);
#6390 = SURFACE_SIDE_STYLE('',(#6391));
#6391 = SURFACE_STYLE_FILL_AREA(#6392);
#6392 = FILL_AREA_STYLE('',(#6393));
#6393 = FILL_AREA_STYLE_COLOUR('',#5162);
#6394 = CURVE_STYLE('',#6395,POSITIVE_LENGTH_MEASURE(0.1),#5162);
#6395 = DRAUGHTING_PRE_DEFINED_CURVE_FONT('continuous');
#6396 = MECHANICAL_DESIGN_GEOMETRIC_PRESENTATION_REPRESENTATION('',(
    #6397),#2279);
#6397 = STYLED_ITEM('color',(#6398),#2267);
#6398 = PRESENTATION_STYLE_ASSIGNMENT((#6399,#6404));
#6399 = SURFACE_STYLE_USAGE(.BOTH.,#6400);
#6400 = SURFACE_SIDE_STYLE('',(#6401));
#6401 = SURFACE_STYLE_FILL_AREA(#6402);
#6402 = FILL_AREA_STYLE('',(#6403));
#6403 = FILL_AREA_STYLE_COLOUR('',#5162);
#6404 = CURVE_STYLE('',#6405,POSITIVE_LENGTH_MEASURE(0.1),#5162);
#6405 = DRAUGHTING_PRE_DEFINED_CURVE_FONT('continuous');
#6406 = MECHANICAL_DESIGN_GEOMETRIC_PRESENTATION_REPRESENTATION('',(
    #6407),#4480);
#6407 = STYLED_ITEM('color',(#6408),#4468);
#6408 = PRESENTATION_STYLE_ASSIGNMENT((#6409,#6414));
#6409 = SURFACE_STYLE_USAGE(.BOTH.,#6410);
#6410 = SURFACE_SIDE_STYLE('',(#6411));
#6411 = SURFACE_STYLE_FILL_AREA(#6412);
#6412 = FILL_AREA_STYLE('',(#6413));
#6413 = FILL_AREA_STYLE_COLOUR('',#5162);
#6414 = CURVE_STYLE('',#6415,POSITIVE_LENGTH_MEASURE(0.1),#5162);
#6415 = DRAUGHTING_PRE_DEFINED_CURVE_FONT('continuous');
#6416 = MECHANICAL_DESIGN_GEOMETRIC_PRESENTATION_REPRESENTATION('',(
    #6417),#1225);
#6417 = STYLED_ITEM('color',(#6418),#1213);
#6418 = PRESENTATION_STYLE_ASSIGNMENT((#6419,#6424));
#6419 = SURFACE_STYLE_USAGE(.BOTH.,#6420);
#6420 = SURFACE_SIDE_STYLE('',(#6421));
#6421 = SURFACE_STYLE_FILL_AREA(#6422);
#6422 = FILL_AREA_STYLE('',(#6423));
#6423 = FILL_AREA_STYLE_COLOUR('',#5162);
#6424 = CURVE_STYLE('',#6425,POSITIVE_LENGTH_MEASURE(0.1),#5162);
#6425 = DRAUGHTING_PRE_DEFINED_CURVE_FONT('continuous');
#6426 = MECHANICAL_DESIGN_GEOMETRIC_PRESENTATION_REPRESENTATION('',(
    #6427),#3953);
#6427 = STYLED_ITEM('color',(#6428),#3941);
#6428 = PRESENTATION_STYLE_ASSIGNMENT((#6429,#6434));
#6429 = SURFACE_STYLE_USAGE(.BOTH.,#6430);
#6430 = SURFACE_SIDE_STYLE('',(#6431));
#6431 = SURFACE_STYLE_FILL_AREA(#6432);
#6432 = FILL_AREA_STYLE('',(#6433));
#6433 = FILL_AREA_STYLE_COLOUR('',#5162);
#6434 = CURVE_STYLE('',#6435,POSITIVE_LENGTH_MEASURE(0.1),#5162);
#6435 = DRAUGHTING_PRE_DEFINED_CURVE_FONT('continuous');
#6436 = MECHANICAL_DESIGN_GEOMETRIC_PRESENTATION_REPRESENTATION('',(
    #6437),#1504);
#6437 = STYLED_ITEM('color',(#6438),#1492);
#6438 = PRESENTATION_STYLE_ASSIGNMENT((#6439,#6444));
#6439 = SURFACE_STYLE_USAGE(.BOTH.,#6440);
#6440 = SURFACE_SIDE_STYLE('',(#6441));
#6441 = SURFACE_STYLE_FILL_AREA(#6442);
#6442 = FILL_AREA_STYLE('',(#6443));
#6443 = FILL_AREA_STYLE_COLOUR('',#5162);
#6444 = CURVE_STYLE('',#6445,POSITIVE_LENGTH_MEASURE(0.1),#5162);
#6445 = DRAUGHTING_PRE_DEFINED_CURVE_FONT('continuous');
#6446 = MECHANICAL_DESIGN_GEOMETRIC_PRESENTATION_REPRESENTATION('',(
    #6447),#4325);
#6447 = STYLED_ITEM('color',(#6448),#4313);
#6448 = PRESENTATION_STYLE_ASSIGNMENT((#6449,#6454));
#6449 = SURFACE_STYLE_USAGE(.BOTH.,#6450);
#6450 = SURFACE_SIDE_STYLE('',(#6451));
#6451 = SURFACE_STYLE_FILL_AREA(#6452);
#6452 = FILL_AREA_STYLE('',(#6453));
#6453 = FILL_AREA_STYLE_COLOUR('',#5162);
#6454 = CURVE_STYLE('',#6455,POSITIVE_LENGTH_MEASURE(0.1),#5162);
#6455 = DRAUGHTING_PRE_DEFINED_CURVE_FONT('continuous');
#6456 = MECHANICAL_DESIGN_GEOMETRIC_PRESENTATION_REPRESENTATION('',(
    #6457),#3550);
#6457 = STYLED_ITEM('color',(#6458),#3538);
#6458 = PRESENTATION_STYLE_ASSIGNMENT((#6459,#6464));
#6459 = SURFACE_STYLE_USAGE(.BOTH.,#6460);
#6460 = SURFACE_SIDE_STYLE('',(#6461));
#6461 = SURFACE_STYLE_FILL_AREA(#6462);
#6462 = FILL_AREA_STYLE('',(#6463));
#6463 = FILL_AREA_STYLE_COLOUR('',#5162);
#6464 = CURVE_STYLE('',#6465,POSITIVE_LENGTH_MEASURE(0.1),#5162);
#6465 = DRAUGHTING_PRE_DEFINED_CURVE_FONT('continuous');
#6466 = MECHANICAL_DESIGN_GEOMETRIC_PRESENTATION_REPRESENTATION('',(
    #6467),#2186);
#6467 = STYLED_ITEM('color',(#6468),#2174);
#6468 = PRESENTATION_STYLE_ASSIGNMENT((#6469,#6474));
#6469 = SURFACE_STYLE_USAGE(.BOTH.,#6470);
#6470 = SURFACE_SIDE_STYLE('',(#6471));
#6471 = SURFACE_STYLE_FILL_AREA(#6472);
#6472 = FILL_AREA_STYLE('',(#6473));
#6473 = FILL_AREA_STYLE_COLOUR('',#5162);
#6474 = CURVE_STYLE('',#6475,POSITIVE_LENGTH_MEASURE(0.1),#5162);
#6475 = DRAUGHTING_PRE_DEFINED_CURVE_FONT('continuous');
#6476 = MECHANICAL_DESIGN_GEOMETRIC_PRESENTATION_REPRESENTATION('',(
    #6477),#2775);
#6477 = STYLED_ITEM('color',(#6478),#2763);
#6478 = PRESENTATION_STYLE_ASSIGNMENT((#6479,#6484));
#6479 = SURFACE_STYLE_USAGE(.BOTH.,#6480);
#6480 = SURFACE_SIDE_STYLE('',(#6481));
#6481 = SURFACE_STYLE_FILL_AREA(#6482);
#6482 = FILL_AREA_STYLE('',(#6483));
#6483 = FILL_AREA_STYLE_COLOUR('',#5162);
#6484 = CURVE_STYLE('',#6485,POSITIVE_LENGTH_MEASURE(0.1),#5162);
#6485 = DRAUGHTING_PRE_DEFINED_CURVE_FONT('continuous');
#6486 = MECHANICAL_DESIGN_GEOMETRIC_PRESENTATION_REPRESENTATION('',(
    #6487),#4449);
#6487 = STYLED_ITEM('color',(#6488),#4437);
#6488 = PRESENTATION_STYLE_ASSIGNMENT((#6489,#6494));
#6489 = SURFACE_STYLE_USAGE(.BOTH.,#6490);
#6490 = SURFACE_SIDE_STYLE('',(#6491));
#6491 = SURFACE_STYLE_FILL_AREA(#6492);
#6492 = FILL_AREA_STYLE('',(#6493));
#6493 = FILL_AREA_STYLE_COLOUR('',#5162);
#6494 = CURVE_STYLE('',#6495,POSITIVE_LENGTH_MEASURE(0.1),#5162);
#6495 = DRAUGHTING_PRE_DEFINED_CURVE_FONT('continuous');
#6496 = MECHANICAL_DESIGN_GEOMETRIC_PRESENTATION_REPRESENTATION('',(
    #6497),#1969);
#6497 = STYLED_ITEM('color',(#6498),#1957);
#6498 = PRESENTATION_STYLE_ASSIGNMENT((#6499,#6504));
#6499 = SURFACE_STYLE_USAGE(.BOTH.,#6500);
#6500 = SURFACE_SIDE_STYLE('',(#6501));
#6501 = SURFACE_STYLE_FILL_AREA(#6502);
#6502 = FILL_AREA_STYLE('',(#6503));
#6503 = FILL_AREA_STYLE_COLOUR('',#5162);
#6504 = CURVE_STYLE('',#6505,POSITIVE_LENGTH_MEASURE(0.1),#5162);
#6505 = DRAUGHTING_PRE_DEFINED_CURVE_FONT('continuous');
ENDSEC;
END-ISO-10303-21;
